Accident_ID,Age,Driver_Experience,Vehicle_Speed,Traffic_Density,Visibility,Number_of_Vehicles,Road_Width,Historical_Accidents,Rainfall,Temperature,Hour,Day_of_Week,Weather,Road_Condition,Road_Type,Junction_Type,Lighting,Traffic_Control,Area_Type,Vehicle_Type,Driver_Distraction,Alcohol_Involved,Accident_Risk
ACC10001,44,25,65.2,46.8,8.67,5,8.2,7,0.24,31.3,2,Wednesday,Clear,Dry,Highway,T-Junction,Poor,Signal,Rural,Motorcycle,No,No,High
ACC10002,48,27,28.2,32.0,8.97,1,11.6,4,35.4,34.8,10,Saturday,Storm,Dry,Urban Road,Crossroad,Daylight,Stop Sign,Urban,SUV,No,No,Low
ACC10003,41,19,72.0,57.4,6.87,5,11.2,3,11.36,32.3,7,Saturday,Rain,Damaged,Urban Road,Crossroad,Daylight,Signal,Urban,Car,No,No,High
ACC10004,34,21,44.0,66.2,12.0,1,5.7,7,0.44,32.1,17,Friday,Cloudy,Dry,Highway,T-Junction,Daylight,Signal,Urban,Bus,Yes,No,Low
ACC10005,19,0,68.2,77.8,11.92,5,9.1,12,0.19,26.7,2,Sunday,Clear,Damaged,Highway,T-Junction,Daylight,Signal,Suburban,Car,No,No,Medium
ACC10006,49,39,33.9,38.4,9.59,2,7.2,7,1.51,23.4,20,Thursday,Clear,Dry,Residential,Roundabout,Daylight,Signal,Rural,Car,No,No,Low
ACC10007,38,28,48.6,59.8,6.8,5,10.2,11,1.7,27.0,4,Wednesday,Clear,Wet,Urban Road,Roundabout,Poor,Signal,Urban,Truck,No,No,High
ACC10008,25,0,71.7,81.6,6.91,2,7.5,5,1.68,17.8,1,Wednesday,Fog,Wet,Highway,Roundabout,Daylight,Traffic Police,Urban,SUV,No,No,High
ACC10009,37,15,53.6,17.0,5.7,3,9.9,9,1.81,25.2,21,Wednesday,Cloudy,Dry,Rural Road,Roundabout,Street Lights,Signal,Suburban,Truck,Yes,No,High
ACC10010,19,9,41.2,42.7,9.26,2,9.3,3,31.94,26.9,23,Wednesday,Rain,Dry,Rural Road,Straight Road,Daylight,Traffic Police,Suburban,Bus,No,No,Low
ACC10011,50,36,66.1,26.1,3.7,3,7.7,7,0.01,24.6,6,Wednesday,Clear,Dry,Residential,Straight Road,Daylight,Signal,Urban,Bus,No,No,Medium
ACC10012,31,15,20.0,65.0,8.24,3,7.8,10,16.71,29.6,17,Sunday,Storm,Wet,Rural Road,Crossroad,Daylight,Signal,Rural,Car,Yes,Yes,High
ACC10013,23,18,78.4,100.0,8.33,4,9.5,5,22.28,20.5,16,Friday,Rain,Dry,Residential,Straight Road,Daylight,Signal,Urban,Bus,No,No,High
ACC10014,49,25,37.8,41.7,5.29,2,9.0,11,0.26,35.7,20,Saturday,Clear,Wet,Urban Road,Straight Road,Street Lights,Stop Sign,Rural,Bus,No,No,Medium
ACC10015,20,13,85.0,89.7,9.21,2,5.8,3,1.09,29.9,16,Friday,Clear,Dry,Highway,Roundabout,Daylight,Uncontrolled,Urban,Motorcycle,No,No,High
ACC10016,35,14,71.0,82.1,7.0,4,12.6,9,0.17,23.0,4,Thursday,Clear,Dry,Urban Road,Roundabout,Daylight,Stop Sign,Urban,Motorcycle,Yes,No,High
ACC10017,36,11,52.6,59.6,8.07,5,9.9,1,0.07,26.5,3,Saturday,Clear,Dry,Urban Road,T-Junction,Daylight,Signal,Urban,Bus,No,No,Medium
ACC10018,21,2,65.8,48.4,7.78,5,8.9,4,9.42,21.4,0,Saturday,Cloudy,Dry,Urban Road,Roundabout,Daylight,Traffic Police,Urban,Bus,No,No,Medium
ACC10019,31,7,25.2,45.5,6.69,3,10.1,6,0.22,18.6,10,Tuesday,Clear,Dry,Urban Road,T-Junction,Street Lights,Traffic Police,Urban,Car,No,No,Low
ACC10020,18,13,43.8,98.7,7.27,5,6.1,5,0.31,34.2,15,Thursday,Clear,Damaged,Urban Road,T-Junction,Daylight,Signal,Suburban,Bus,No,No,Medium
ACC10021,30,18,49.1,40.2,9.36,4,5.8,4,5.59,20.7,3,Sunday,Cloudy,Wet,Urban Road,Straight Road,Street Lights,Stop Sign,Urban,Bus,No,No,Low
ACC10022,18,3,64.4,68.6,10.78,4,5.3,8,0.36,17.7,14,Wednesday,Clear,Dry,Urban Road,Roundabout,Street Lights,Stop Sign,Suburban,Car,No,No,Medium
ACC10023,45,24,57.3,39.1,10.02,6,4.3,10,0.51,26.3,10,Tuesday,Clear,Damaged,Residential,Straight Road,Daylight,Signal,Urban,Truck,No,Yes,High
ACC10024,28,10,52.6,19.4,10.53,6,8.8,3,0.24,27.3,3,Saturday,Clear,Wet,Urban Road,Roundabout,Daylight,Signal,Urban,Car,No,No,Low
ACC10025,22,2,49.6,38.0,4.27,5,7.7,2,0.91,21.4,3,Sunday,Cloudy,Damaged,Rural Road,Straight Road,Street Lights,Stop Sign,Rural,Car,No,No,Medium
ACC10026,37,29,54.5,94.7,5.92,4,8.9,5,6.86,26.9,19,Sunday,Rain,Dry,Urban Road,Straight Road,Street Lights,Uncontrolled,Rural,Motorcycle,No,No,High
ACC10027,18,0,57.5,88.4,5.45,5,8.3,3,0.92,35.7,12,Thursday,Clear,Dry,Residential,Straight Road,,Signal,Urban,SUV,Yes,No,High
ACC10028,27,6,70.9,46.3,5.17,3,11.1,6,0.83,28.6,16,Tuesday,Cloudy,Dry,Residential,Crossroad,,Stop Sign,Urban,Car,No,No,High
ACC10029,43,23,64.8,100.0,6.97,3,8.4,6,5.64,34.4,5,Saturday,Cloudy,Wet,Rural Road,Straight Road,Daylight,Uncontrolled,Suburban,Bus,No,No,High
ACC10030,20,0,65.9,92.1,4.96,3,5.1,1,0.3,30.1,4,Friday,Clear,Dry,Rural Road,Intersection,Daylight,Signal,Urban,Motorcycle,No,No,High
ACC10031,32,23,85.5,41.4,7.17,1,7.2,13,3.63,22.5,1,Wednesday,Cloudy,Dry,Urban Road,Intersection,Daylight,Signal,Suburban,SUV,No,No,Low
ACC10032,26,18,66.7,51.7,6.41,4,13.8,4,0.86,23.9,5,Sunday,Clear,Dry,Residential,Intersection,Daylight,Uncontrolled,Urban,Bus,No,Yes,Low
ACC10033,18,0,60.0,51.7,11.26,4,6.5,6,0.83,20.6,14,Tuesday,,Dry,Residential,T-Junction,Daylight,Signal,Urban,SUV,Yes,No,Low
ACC10034,22,0,71.2,41.9,7.61,2,9.7,4,1.25,26.4,8,Monday,Fog,Wet,Residential,Straight Road,Daylight,Signal,Urban,Bus,No,No,High
ACC10035,27,14,55.0,71.7,12.0,1,10.9,5,15.52,23.9,1,Wednesday,Storm,Dry,Rural Road,Intersection,Daylight,Signal,Suburban,Bus,No,No,High
ACC10036,38,24,58.1,65.7,11.85,3,9.2,3,26.75,33.0,11,Friday,Rain,Dry,Urban Road,T-Junction,Poor,Signal,Urban,Car,No,No,Medium
ACC10037,50,30,81.8,70.7,7.48,2,5.5,6,0.73,29.8,13,Friday,Clear,Wet,Residential,Intersection,Street Lights,Uncontrolled,Urban,Car,No,No,High
ACC10038,35,20,61.2,71.3,7.74,4,8.2,8,0.09,28.5,17,Thursday,Clear,Damaged,Urban Road,Roundabout,Poor,Stop Sign,Suburban,Car,Yes,No,High
ACC10039,36,25,70.5,65.9,9.94,7,5.1,5,5.09,23.3,19,Sunday,Rain,Wet,Highway,Crossroad,Daylight,Signal,Suburban,Truck,No,No,High
ACC10040,43,34,80.5,36.4,4.34,1,10.4,7,0.6,22.6,20,Saturday,Clear,Damaged,Urban Road,Straight Road,Street Lights,Stop Sign,Urban,Car,Yes,No,High
ACC10041,40,35,90.4,54.2,10.04,4,8.5,5,0.21,27.6,8,Monday,Clear,Wet,Residential,Crossroad,Daylight,Traffic Police,Rural,Car,No,No,Medium
ACC10042,28,11,25.9,57.5,11.8,2,12.5,14,1.78,31.0,7,Tuesday,Cloudy,Dry,Urban Road,Crossroad,Street Lights,Signal,Suburban,SUV,No,No,Low
ACC10043,29,21,28.1,53.3,5.96,3,9.8,8,0.29,26.6,21,Sunday,Clear,Dry,Urban Road,Roundabout,Daylight,Signal,Urban,Truck,No,No,Low
ACC10044,41,19,37.7,75.1,8.26,3,3.2,3,15.89,23.3,21,Thursday,Fog,Wet,Highway,Roundabout,Daylight,Traffic Police,Urban,SUV,No,Yes,High
ACC10045,40,15,26.8,57.7,6.58,3,7.7,7,1.55,22.6,10,Friday,Clear,Wet,Rural Road,Roundabout,Poor,Traffic Police,Suburban,Car,No,No,Medium
ACC10046,37,23,120.3,93.7,10.51,3,4.4,5,14.99,14.8,16,Tuesday,Rain,Wet,Highway,T-Junction,Street Lights,Signal,Urban,Car,No,No,High
ACC10047,28,21,78.5,54.1,12.0,4,11.8,5,0.36,30.2,7,Friday,Clear,Dry,Urban Road,Intersection,Poor,Signal,Urban,Car,No,No,Low
ACC10048,53,36,48.3,94.9,4.68,2,5.7,7,3.86,27.7,4,Friday,Cloudy,Dry,Urban Road,Straight Road,Daylight,Signal,Suburban,Car,No,Yes,High
ACC10049,26,10,60.3,53.7,8.22,2,10.5,3,4.52,15.7,8,Monday,Cloudy,Dry,Rural Road,Roundabout,Daylight,Signal,Urban,Car,No,No,Medium
ACC10050,34,26,43.4,64.3,8.91,4,10.2,8,0.15,25.8,22,Wednesday,Clear,Dry,Residential,Straight Road,Daylight,Uncontrolled,Suburban,Car,Yes,No,High
ACC10051,50,32,36.0,65.0,9.76,1,7.2,4,24.52,21.3,15,Tuesday,Storm,Dry,Rural Road,Straight Road,Street Lights,Signal,Urban,Car,No,No,High
ACC10052,36,25,20.0,23.5,6.36,3,11.1,4,13.37,31.0,12,Monday,Rain,Wet,Highway,Straight Road,Street Lights,Signal,Urban,Motorcycle,No,No,Medium
ACC10053,34,12,25.7,23.0,6.7,5,8.8,3,2.28,21.2,10,Saturday,Fog,Dry,Residential,Roundabout,Poor,Stop Sign,Urban,Car,Yes,No,Medium
ACC10054,38,21,72.1,63.6,11.8,5,13.8,7,16.21,14.5,18,Sunday,Fog,Dry,Highway,Roundabout,Daylight,Traffic Police,Urban,Car,Yes,No,High
ACC10055,28,14,47.8,29.7,4.12,4,5.5,6,2.42,16.5,16,Friday,Cloudy,Dry,Highway,Intersection,Street Lights,Signal,Suburban,Truck,Yes,No,Medium
ACC10056,34,10,41.2,70.3,8.32,3,11.4,10,3.42,18.5,9,Friday,Fog,Wet,Highway,Roundabout,Daylight,Signal,Suburban,Truck,No,No,High
ACC10057,43,28,91.2,95.3,6.69,3,9.8,5,1.58,34.6,17,Monday,Clear,Dry,Highway,Roundabout,Daylight,Traffic Police,Urban,Bus,No,No,High
ACC10058,45,22,65.1,37.5,7.14,3,6.7,2,0.47,28.4,15,Saturday,Clear,Dry,Rural Road,Straight Road,Daylight,Stop Sign,Rural,Motorcycle,No,No,Medium
ACC10059,53,43,80.2,50.5,12.0,3,11.6,6,0.99,34.4,7,Tuesday,Clear,Dry,Highway,Intersection,Daylight,Signal,Urban,SUV,No,No,Medium
ACC10060,27,13,45.6,5.0,8.08,2,6.9,6,0.16,13.7,19,Friday,Clear,Dry,Urban Road,Crossroad,,Signal,Urban,SUV,No,No,Low
ACC10061,49,42,77.9,9.6,11.7,4,11.7,4,2.15,26.8,22,Saturday,Clear,Damaged,Urban Road,Roundabout,Daylight,Signal,Urban,Motorcycle,No,No,Low
ACC10062,42,29,68.3,71.6,11.52,3,6.2,3,1.01,21.7,2,Tuesday,Clear,Damaged,Urban Road,Roundabout,Daylight,Stop Sign,Urban,Motorcycle,No,No,High
ACC10063,47,24,32.8,58.5,10.77,5,9.3,9,8.59,20.3,12,Monday,Rain,Dry,Highway,Crossroad,Daylight,Signal,Suburban,Car,No,No,Low
ACC10064,20,0,58.0,38.5,4.4,2,8.9,5,0.28,18.5,21,Friday,Clear,Dry,Urban Road,Straight Road,Daylight,Signal,Urban,Truck,Yes,No,High
ACC10065,27,2,22.8,5.0,7.97,3,13.1,7,1.04,29.3,11,Thursday,Clear,Wet,Urban Road,Intersection,Daylight,Signal,Urban,Motorcycle,Yes,Yes,Low
ACC10066,38,18,53.5,47.2,10.93,3,8.5,3,2.21,21.8,13,Thursday,Cloudy,Dry,Rural Road,Straight Road,Daylight,Signal,Urban,SUV,No,No,Medium
ACC10067,43,33,44.0,61.1,11.07,4,4.9,4,0.2,34.9,6,Friday,Clear,Dry,Rural Road,T-Junction,Poor,Stop Sign,Suburban,Motorcycle,No,No,Low
ACC10068,30,22,65.5,89.0,8.38,3,7.9,4,14.97,16.9,6,Wednesday,Rain,Dry,Rural Road,Roundabout,Poor,Signal,Rural,SUV,No,No,High
ACC10069,31,22,51.4,50.1,8.64,3,5.7,5,0.69,32.2,3,Friday,,Damaged,Highway,T-Junction,Daylight,Signal,Suburban,SUV,Yes,No,Medium
ACC10070,23,5,80.3,100.0,5.61,3,12.9,5,28.25,27.7,14,Friday,Storm,Dry,Residential,Roundabout,Poor,Traffic Police,Urban,SUV,No,No,High
ACC10071,29,16,53.4,47.1,1.67,4,8.2,7,50.14,26.8,20,Friday,Rain,Dry,Residential,T-Junction,Street Lights,Stop Sign,Suburban,Car,No,No,High
ACC10072,31,18,61.2,29.8,6.04,4,6.5,6,0.21,22.8,13,Monday,Clear,Wet,Rural Road,Crossroad,Daylight,Signal,Urban,Car,Yes,No,High
ACC10073,31,9,65.3,97.6,12.0,2,7.6,7,1.15,33.7,10,Friday,Clear,Dry,Highway,Roundabout,,Uncontrolled,Urban,Bus,No,No,Medium
ACC10074,25,5,51.7,91.9,4.97,2,12.6,6,9.63,26.9,21,Friday,Rain,Dry,Urban Road,Roundabout,Poor,Signal,Rural,Bus,No,No,High
ACC10075,56,47,80.4,90.8,8.71,4,12.3,9,6.22,31.7,17,Monday,Rain,Icy,Residential,T-Junction,Street Lights,Uncontrolled,Urban,Car,No,No,High
ACC10076,46,38,73.9,100.0,9.89,6,9.8,6,17.51,30.0,11,Friday,Rain,Dry,Urban Road,Intersection,Street Lights,Uncontrolled,Urban,Bus,No,No,High
ACC10077,42,21,64.7,73.2,6.4,2,6.5,7,17.03,25.4,18,Thursday,Rain,Wet,Urban Road,T-Junction,Poor,Uncontrolled,Urban,Motorcycle,Yes,No,High
ACC10078,48,24,48.8,41.6,6.96,4,8.5,5,0.21,29.6,7,Thursday,Clear,Dry,Highway,Roundabout,Daylight,Uncontrolled,Urban,Car,Yes,No,Medium
ACC10079,41,32,37.3,12.3,7.1,3,6.4,5,0.7,33.2,9,Sunday,Clear,Dry,Urban Road,Roundabout,,Signal,Urban,Motorcycle,No,No,Medium
ACC10080,60,36,58.3,54.8,7.94,2,9.8,11,1.09,25.7,22,Saturday,Clear,Dry,Residential,Intersection,Daylight,Uncontrolled,Urban,SUV,No,No,High
ACC10081,26,12,55.8,34.7,9.36,3,6.3,5,1.57,32.8,6,Sunday,Fog,Dry,Highway,Straight Road,Daylight,Signal,Urban,Motorcycle,No,No,Medium
ACC10082,18,0,42.7,54.2,9.44,4,10.9,6,1.58,23.3,9,Sunday,Cloudy,Dry,Highway,Intersection,Daylight,Signal,Rural,Bus,No,No,Low
ACC10083,25,5,52.7,6.4,5.47,4,6.9,6,0.99,16.5,3,Friday,Clear,Wet,Rural Road,Straight Road,Daylight,Traffic Police,Suburban,Car,No,No,Low
ACC10084,18,0,36.2,17.3,11.42,1,8.6,5,2.59,22.6,9,Monday,Clear,Dry,Highway,Roundabout,Daylight,Stop Sign,Rural,Truck,No,No,Low
ACC10085,21,3,87.0,68.1,7.81,1,9.4,5,0.52,32.3,23,Friday,Clear,Dry,Urban Road,Crossroad,Daylight,Traffic Police,Suburban,SUV,No,No,High
ACC10086,28,20,75.7,65.9,2.14,5,8.1,8,0.93,30.6,18,Friday,Clear,Dry,Highway,Crossroad,Daylight,Signal,Suburban,Motorcycle,Yes,No,High
ACC10087,33,27,35.1,46.7,5.09,2,10.5,5,11.65,23.7,4,Saturday,Rain,Wet,Rural Road,T-Junction,Daylight,Stop Sign,Urban,Car,No,No,Medium
ACC10088,47,29,62.6,20.3,7.14,2,8.6,7,3.9,26.8,4,Tuesday,Cloudy,Dry,Highway,Intersection,Daylight,Signal,Urban,Truck,No,Yes,Medium
ACC10089,53,47,22.0,61.8,6.21,2,8.3,9,1.06,30.1,17,Sunday,,Dry,Rural Road,Intersection,Daylight,Stop Sign,Suburban,SUV,No,No,Medium
ACC10090,38,28,52.3,46.4,5.15,5,9.0,5,2.46,33.6,17,Saturday,Cloudy,Dry,Urban Road,Crossroad,Street Lights,Signal,Urban,Car,No,No,Medium
ACC10091,22,13,54.2,44.9,7.68,4,9.1,5,0.54,27.5,8,Wednesday,Clear,Dry,Urban Road,Straight Road,Poor,Signal,Urban,Motorcycle,No,No,Medium
ACC10092,29,15,44.1,86.0,11.3,2,10.0,8,23.18,45.0,1,Monday,Rain,Dry,Urban Road,Intersection,Daylight,Signal,Urban,Car,Yes,No,High
ACC10093,32,15,42.8,91.9,9.45,5,3.5,4,6.15,27.9,18,Sunday,Rain,Wet,Highway,Straight Road,Daylight,Uncontrolled,Suburban,Motorcycle,No,No,High
ACC10094,30,7,62.2,69.5,5.67,2,10.8,12,0.18,16.8,23,Wednesday,Cloudy,Dry,Rural Road,Straight Road,Poor,Signal,Rural,Motorcycle,No,No,Medium
ACC10095,20,0,49.4,66.9,12.0,2,7.2,7,47.83,25.0,12,Tuesday,Rain,Dry,Rural Road,Straight Road,Daylight,Uncontrolled,Urban,SUV,No,No,Medium
ACC10096,49,24,68.8,90.6,10.11,7,5.3,7,5.98,28.1,0,Wednesday,Cloudy,Dry,Highway,Straight Road,Street Lights,Signal,Urban,Motorcycle,No,No,Medium
ACC10097,18,0,82.0,,5.4,5,5.7,10,3.61,29.0,5,Friday,Cloudy,Wet,Highway,T-Junction,Daylight,Signal,Rural,Motorcycle,No,No,High
ACC10098,29,6,64.2,43.5,5.59,2,11.6,7,0.45,20.3,5,Thursday,Clear,Dry,Rural Road,T-Junction,Street Lights,Signal,Urban,SUV,No,No,Medium
ACC10099,36,15,82.4,58.6,7.73,2,9.9,7,1.25,29.1,12,Monday,Clear,Dry,Urban Road,Crossroad,Poor,Traffic Police,Urban,Car,No,No,Medium
ACC10100,37,14,44.4,78.1,9.2,2,3.9,6,0.03,22.9,3,Monday,Clear,Dry,Urban Road,T-Junction,Street Lights,Signal,Urban,Truck,No,No,High
ACC10101,31,24,57.9,64.1,10.73,2,8.8,6,0.43,20.3,9,Friday,Clear,Dry,Residential,Intersection,Daylight,Signal,Rural,Bus,No,Yes,Medium
ACC10102,38,14,77.9,5.0,4.29,3,7.4,7,2.92,37.1,4,Saturday,Cloudy,Dry,Highway,T-Junction,Poor,Uncontrolled,Urban,Car,No,No,Medium
ACC10103,23,13,54.2,83.8,7.93,3,8.3,8,0.27,22.8,4,Sunday,Clear,Dry,Residential,Intersection,Street Lights,Signal,Urban,Car,No,Yes,High
ACC10104,34,18,63.1,68.2,8.59,3,4.4,10,0.66,33.1,4,Sunday,Cloudy,Dry,Urban Road,Intersection,Street Lights,Uncontrolled,Urban,Motorcycle,No,No,High
ACC10105,21,6,39.7,66.4,8.69,3,9.5,8,1.06,28.2,22,Sunday,Fog,Dry,Rural Road,Straight Road,Daylight,Signal,Rural,Car,Yes,No,High
ACC10106,25,9,88.2,78.6,6.72,2,9.7,10,0.37,21.5,10,Wednesday,Clear,Dry,Urban Road,Crossroad,Street Lights,Stop Sign,Rural,Car,No,Yes,High
ACC10107,46,27,44.4,53.3,8.76,4,8.1,2,0.95,31.6,18,Monday,Clear,Dry,Urban Road,Straight Road,Daylight,Signal,Urban,SUV,No,No,Low
ACC10108,32,16,61.4,64.5,9.68,3,8.3,6,11.79,22.7,3,Saturday,Rain,Dry,Highway,Straight Road,Daylight,Stop Sign,Rural,Motorcycle,Yes,No,Medium
ACC10109,33,14,45.5,78.1,3.88,4,6.5,6,0.23,23.3,13,Sunday,Clear,Wet,Urban Road,T-Junction,Street Lights,Uncontrolled,Urban,SUV,Yes,No,High
ACC10110,30,14,35.8,71.9,7.96,3,7.9,2,0.27,26.5,19,Sunday,Clear,Damaged,Urban Road,T-Junction,Daylight,Uncontrolled,Urban,Car,Yes,No,Medium
ACC10111,28,23,65.6,36.4,2.7,5,11.2,5,0.27,23.5,20,Tuesday,Clear,Icy,Urban Road,Intersection,Street Lights,Stop Sign,Rural,SUV,Yes,No,High
ACC10112,35,17,89.3,51.9,4.32,5,7.9,5,1.32,19.1,10,Sunday,Clear,Damaged,Urban Road,T-Junction,Street Lights,Traffic Police,Urban,Bus,No,No,High
ACC10113,60,44,44.1,44.7,4.44,2,10.7,7,5.58,21.8,16,Tuesday,Fog,Wet,Rural Road,T-Junction,Daylight,Signal,Urban,Bus,No,No,Medium
ACC10114,19,2,39.0,,5.45,1,7.3,5,1.18,16.3,18,Wednesday,Rain,Wet,Highway,Roundabout,Street Lights,Signal,Urban,Car,No,Yes,High
ACC10115,24,19,47.4,88.8,9.08,4,8.9,7,5.18,18.2,4,Tuesday,Cloudy,Dry,Urban Road,Intersection,Poor,Stop Sign,Suburban,Motorcycle,No,No,High
ACC10116,25,11,51.5,82.9,6.72,3,9.0,7,7.61,32.6,18,Sunday,Fog,Wet,Urban Road,Intersection,Daylight,Stop Sign,Rural,Motorcycle,No,No,High
ACC10117,18,0,65.3,78.2,10.19,4,7.8,4,26.81,26.6,7,Thursday,Rain,Dry,Urban Road,Roundabout,Street Lights,Signal,Rural,Bus,Yes,No,Medium
ACC10118,34,22,23.5,27.1,8.34,3,11.8,12,0.71,23.2,12,Friday,Clear,Dry,Highway,Intersection,Daylight,Stop Sign,Suburban,Bus,No,No,Low
ACC10119,33,19,78.3,47.6,8.52,2,9.5,6,4.03,29.2,0,Sunday,Fog,Wet,Urban Road,Crossroad,,Signal,Rural,Car,No,No,Medium
ACC10120,28,21,82.9,5.0,10.56,6,10.6,7,1.58,9.8,7,Monday,Cloudy,Dry,Rural Road,Crossroad,Daylight,Uncontrolled,Urban,SUV,No,Yes,Low
ACC10121,42,28,64.7,59.3,5.09,8,6.7,9,19.31,18.5,23,Saturday,Rain,Dry,Urban Road,Roundabout,Daylight,Uncontrolled,Suburban,SUV,No,No,High
ACC10122,30,17,38.2,51.2,8.45,2,12.2,8,7.57,22.3,6,Friday,Fog,Damaged,Urban Road,T-Junction,Daylight,Stop Sign,Suburban,Motorcycle,No,No,Medium
ACC10123,33,10,77.5,50.4,8.18,4,7.9,7,0.33,21.8,4,Wednesday,Clear,Dry,Residential,Crossroad,Poor,Signal,Urban,Car,No,Yes,High
ACC10124,37,31,49.4,86.3,7.66,6,10.5,8,0.12,26.9,11,Friday,,Dry,Rural Road,Roundabout,Street Lights,Stop Sign,Urban,Bus,No,No,Medium
ACC10125,31,7,61.1,42.5,11.16,5,7.5,2,0.73,32.7,16,Monday,Clear,Damaged,Urban Road,Crossroad,Daylight,Uncontrolled,Urban,Motorcycle,No,No,Medium
ACC10126,54,37,57.1,69.0,9.21,6,6.7,2,0.2,31.7,13,Sunday,Clear,Wet,Rural Road,Straight Road,Daylight,Signal,Suburban,Bus,No,No,Medium
ACC10127,31,15,36.3,93.2,6.48,2,11.7,6,7.25,33.3,18,Saturday,Rain,Dry,Highway,Roundabout,Daylight,Stop Sign,Urban,Bus,No,No,Medium
ACC10128,42,19,93.0,61.6,6.04,1,7.2,3,5.6,31.2,21,Monday,Fog,Dry,Rural Road,Intersection,Daylight,Traffic Police,Urban,Car,No,No,High
ACC10129,34,25,34.3,83.6,7.65,4,9.1,9,0.08,23.0,19,Wednesday,Clear,Dry,Highway,Crossroad,Daylight,Signal,Urban,Truck,No,No,Medium
ACC10130,35,26,58.2,74.7,10.66,7,7.1,6,2.25,24.8,8,Monday,Cloudy,Damaged,Rural Road,Intersection,Daylight,Signal,Urban,Motorcycle,No,No,High
ACC10131,45,23,60.7,43.0,9.54,3,4.1,6,0.27,29.9,5,Tuesday,Clear,Dry,Residential,Roundabout,Daylight,Signal,Suburban,SUV,No,No,Low
ACC10132,32,8,59.0,66.7,8.75,3,8.8,6,0.24,24.4,20,Saturday,Clear,Dry,Urban Road,Crossroad,Daylight,Stop Sign,Urban,Car,Yes,No,High
ACC10133,34,12,62.4,99.8,6.18,3,12.0,9,0.61,30.4,8,Saturday,Clear,Dry,Highway,Intersection,Street Lights,Traffic Police,Urban,Car,No,No,High
ACC10134,38,32,58.1,54.8,6.96,2,6.7,6,0.33,31.4,17,Friday,Clear,Dry,Highway,T-Junction,Street Lights,Stop Sign,Suburban,SUV,No,No,Medium
ACC10135,29,11,65.1,51.8,2.36,5,7.0,9,3.21,28.1,9,Thursday,Fog,Damaged,Urban Road,T-Junction,Daylight,Signal,Rural,Car,No,No,High
ACC10136,40,26,40.1,60.5,10.04,2,8.9,3,0.23,35.1,8,Thursday,Clear,Dry,Urban Road,Straight Road,Daylight,Stop Sign,Urban,Truck,Yes,No,Medium
ACC10137,52,31,36.8,100.0,9.31,3,9.2,4,1.03,21.4,1,Thursday,Cloudy,Wet,Urban Road,Roundabout,Daylight,Stop Sign,Urban,Car,No,No,Low
ACC10138,26,18,78.1,44.8,12.0,3,7.2,4,8.02,27.0,11,Wednesday,Rain,Dry,Highway,Intersection,Poor,Stop Sign,Rural,Motorcycle,No,No,Medium
ACC10139,28,5,66.6,51.5,8.62,2,5.6,5,1.26,31.3,20,Thursday,Clear,Wet,Highway,Straight Road,Street Lights,Signal,Urban,Truck,No,No,Medium
ACC10140,24,12,55.1,54.9,10.82,4,9.4,4,22.44,10.9,14,Saturday,Storm,Damaged,Highway,Roundabout,Street Lights,Stop Sign,Rural,Motorcycle,No,No,Medium
ACC10141,55,44,81.7,46.2,9.11,2,7.2,4,73.83,18.3,14,Sunday,Storm,Dry,Urban Road,T-Junction,Poor,Signal,Urban,SUV,No,Yes,High
ACC10142,42,33,67.4,57.4,8.01,4,10.4,4,0.5,17.7,9,Saturday,Clear,Dry,Highway,Intersection,Daylight,Signal,Urban,Car,No,Yes,High
ACC10143,21,16,71.1,22.7,9.14,4,6.5,8,2.22,29.5,12,Friday,Cloudy,Dry,Residential,Crossroad,Poor,Stop Sign,Urban,Car,No,No,Medium
ACC10144,19,8,84.8,40.2,9.22,1,7.6,7,0.44,25.6,4,Monday,Clear,Wet,Highway,T-Junction,,Traffic Police,Urban,Motorcycle,No,No,High
ACC10145,42,34,60.4,38.4,8.03,2,6.5,5,1.74,20.8,20,Tuesday,Clear,Dry,Highway,Crossroad,Daylight,Signal,Rural,Truck,Yes,No,High
ACC10146,61,41,51.2,30.9,9.39,4,8.5,8,0.53,22.6,16,Sunday,Clear,Damaged,Rural Road,Crossroad,Street Lights,Traffic Police,Rural,Motorcycle,No,No,Medium
ACC10147,34,14,50.4,76.5,11.7,2,6.8,2,3.15,23.0,5,Thursday,Cloudy,Wet,Rural Road,Intersection,Daylight,Signal,Rural,Car,Yes,No,Medium
ACC10148,19,0,20.1,80.0,8.38,5,9.8,12,0.62,31.2,11,Thursday,Cloudy,Damaged,Highway,Intersection,Street Lights,Uncontrolled,Rural,SUV,Yes,No,High
ACC10149,18,13,39.3,73.4,10.83,2,8.1,7,1.08,31.4,2,Sunday,Clear,Wet,Residential,Crossroad,Daylight,Signal,Rural,Motorcycle,No,No,Medium
ACC10150,31,19,71.6,51.4,11.04,3,9.0,6,0.12,22.6,18,Thursday,Clear,Dry,Highway,Straight Road,Street Lights,Signal,Suburban,Car,No,No,Low
ACC10151,20,15,43.3,40.9,8.98,2,8.9,9,5.4,33.7,16,Tuesday,Fog,Dry,Residential,Crossroad,Daylight,Stop Sign,Rural,Motorcycle,No,No,Medium
ACC10152,32,17,50.6,64.6,10.33,4,6.3,11,0.1,23.4,15,Friday,Clear,Dry,Urban Road,Crossroad,Daylight,Stop Sign,Urban,Car,No,No,Low
ACC10153,41,18,70.9,47.6,3.25,4,12.3,4,0.54,35.9,8,Sunday,Clear,Damaged,Urban Road,Intersection,Poor,Uncontrolled,Urban,Car,No,No,High
ACC10154,38,25,60.4,26.7,6.95,2,11.3,5,4.06,28.6,16,Sunday,Cloudy,Wet,Urban Road,Roundabout,Poor,Stop Sign,Suburban,Car,Yes,Yes,High
ACC10155,40,18,61.4,98.1,7.87,4,6.8,6,8.07,28.0,20,Thursday,Storm,Wet,Rural Road,T-Junction,Poor,Stop Sign,Rural,Car,Yes,No,High
ACC10156,38,14,82.3,10.6,8.36,2,5.4,4,0.05,25.1,23,Monday,Clear,Dry,Highway,Intersection,Street Lights,Traffic Police,Suburban,Car,No,No,Medium
ACC10157,43,33,71.4,90.7,9.99,2,8.1,5,26.83,33.9,13,Wednesday,Rain,Dry,Urban Road,Straight Road,Street Lights,Stop Sign,Rural,Motorcycle,No,No,High
ACC10158,32,27,20.6,34.5,6.33,2,6.5,7,19.11,28.9,11,Tuesday,Rain,Wet,Urban Road,T-Junction,Street Lights,Signal,Urban,Truck,Yes,No,High
ACC10159,36,16,87.0,46.4,4.62,2,7.7,6,0.03,28.3,17,Friday,Clear,Dry,Residential,Intersection,Daylight,Signal,Suburban,Truck,No,No,High
ACC10160,49,32,52.3,62.2,7.97,1,7.8,4,12.89,19.1,18,Saturday,Rain,Dry,Rural Road,Intersection,Daylight,Signal,Rural,Car,Yes,No,High
ACC10161,44,32,69.4,92.3,5.07,4,5.1,4,0.07,25.0,20,Monday,Clear,Wet,Highway,Roundabout,Daylight,Uncontrolled,Urban,SUV,No,Yes,High
ACC10162,21,9,61.6,49.3,6.61,3,5.9,8,5.2,27.6,3,Tuesday,Cloudy,Dry,Highway,Straight Road,Poor,Signal,Rural,Bus,No,No,Medium
ACC10163,26,19,43.2,43.4,4.77,4,5.6,4,4.78,32.0,15,Saturday,Cloudy,Dry,Highway,Straight Road,Daylight,Signal,Urban,SUV,Yes,No,High
ACC10164,21,0,65.6,100.0,11.64,2,10.0,9,4.21,36.9,13,Tuesday,Cloudy,Dry,Highway,Intersection,Poor,Signal,Suburban,Car,No,No,High
ACC10165,33,23,47.2,79.4,8.43,6,7.5,3,1.31,21.7,13,Wednesday,Clear,Dry,Residential,Roundabout,Daylight,Stop Sign,Rural,Truck,No,No,Medium
ACC10166,18,11,51.3,86.8,6.74,4,10.3,7,4.93,26.8,6,Wednesday,Rain,Icy,Urban Road,Intersection,Street Lights,Signal,Urban,Car,No,Yes,High
ACC10167,41,20,71.0,100.0,5.91,7,5.2,6,1.1,32.0,21,Saturday,Clear,Dry,Highway,Crossroad,Daylight,Signal,Urban,Bus,No,No,High
ACC10168,25,10,44.6,68.9,6.74,3,9.0,4,0.03,33.0,0,Saturday,Clear,Dry,Urban Road,Crossroad,Daylight,Stop Sign,Urban,Car,Yes,Yes,Medium
ACC10169,18,0,22.6,71.2,11.79,5,9.3,4,0.28,18.4,11,Friday,Clear,Dry,Highway,Roundabout,Poor,Uncontrolled,Urban,Car,No,No,Medium
ACC10170,59,36,42.6,63.5,4.28,4,8.8,10,2.3,27.5,13,Thursday,Cloudy,Wet,Highway,Intersection,Daylight,Signal,Urban,Motorcycle,No,Yes,High
ACC10171,27,14,80.7,90.0,7.3,4,9.9,4,12.43,33.2,4,Sunday,Rain,Dry,Highway,Roundabout,Daylight,Stop Sign,Urban,Motorcycle,No,No,High
ACC10172,18,12,75.2,48.4,8.49,3,6.8,3,0.45,13.5,0,Saturday,Clear,Dry,Urban Road,Intersection,Daylight,Signal,Rural,Motorcycle,Yes,No,High
ACC10173,29,19,67.0,41.3,5.45,5,10.1,7,0.36,14.6,2,Wednesday,Cloudy,Dry,Highway,Intersection,Daylight,Traffic Police,Urban,Car,No,No,Medium
ACC10174,52,46,64.8,78.7,5.67,2,6.7,9,0.02,25.5,13,Friday,Clear,Dry,Urban Road,Crossroad,Daylight,Signal,Urban,Motorcycle,No,No,Medium
ACC10175,18,10,93.9,58.9,5.41,5,7.4,4,3.74,21.6,21,Tuesday,Cloudy,,Urban Road,T-Junction,Street Lights,Traffic Police,Rural,SUV,Yes,No,High
ACC10176,46,24,80.8,57.6,8.23,5,9.7,7,1.93,22.3,16,Sunday,Clear,Wet,Urban Road,Straight Road,Daylight,Traffic Police,Rural,SUV,Yes,No,High
ACC10177,18,0,44.2,37.6,9.4,4,11.3,10,3.56,21.8,1,Thursday,Rain,Damaged,Rural Road,Straight Road,Street Lights,Uncontrolled,Suburban,Motorcycle,No,No,Low
ACC10178,40,21,66.3,16.2,10.43,2,4.9,4,0.37,16.6,5,Monday,Clear,Dry,Highway,Roundabout,Daylight,Signal,Suburban,Motorcycle,No,No,Low
ACC10179,23,3,69.3,19.2,7.07,2,6.1,3,4.57,26.6,4,Tuesday,Fog,Dry,Highway,Straight Road,,Stop Sign,Urban,Car,Yes,No,High
ACC10180,35,15,45.2,80.0,9.21,6,8.9,2,0.93,27.3,13,Sunday,Clear,Damaged,Rural Road,Crossroad,Street Lights,Signal,Urban,Car,No,No,Low
ACC10181,29,22,65.3,27.7,10.58,6,10.9,2,1.21,29.1,10,Friday,Clear,Dry,Rural Road,T-Junction,Daylight,Uncontrolled,Urban,Car,No,No,Low
ACC10182,38,32,43.8,81.3,8.89,4,3.1,8,0.16,20.0,16,Monday,Clear,Wet,Highway,Intersection,Daylight,Uncontrolled,Suburban,Motorcycle,No,No,High
ACC10183,41,22,56.8,100.0,8.18,6,4.2,8,4.22,31.3,14,Sunday,Fog,Dry,Highway,Intersection,Daylight,Traffic Police,Urban,Truck,No,No,High
ACC10184,41,35,54.6,86.5,6.43,2,12.2,4,3.87,32.4,9,Tuesday,Fog,Damaged,Highway,Crossroad,Street Lights,Stop Sign,Suburban,Motorcycle,No,No,High
ACC10185,27,6,80.7,67.3,6.02,2,14.0,7,0.06,24.3,15,Wednesday,Clear,Wet,Highway,Straight Road,Street Lights,Stop Sign,Urban,Car,Yes,Yes,High
ACC10186,38,21,75.8,65.8,11.51,2,8.9,2,19.67,22.7,21,Friday,Rain,Damaged,Highway,Intersection,Poor,Stop Sign,Urban,Motorcycle,No,No,High
ACC10187,45,38,41.5,30.5,7.33,5,7.4,10,1.41,24.7,0,Monday,Rain,Wet,Rural Road,Straight Road,Daylight,Signal,Suburban,Car,Yes,No,Medium
ACC10188,32,14,94.8,79.7,7.79,3,8.1,5,1.48,35.8,0,Saturday,Cloudy,Dry,Residential,Crossroad,Daylight,Stop Sign,Rural,Bus,Yes,No,High
ACC10189,37,20,69.8,100.0,12.0,2,4.8,4,0.7,20.0,4,Wednesday,Cloudy,Damaged,Urban Road,Intersection,Daylight,Stop Sign,Urban,Car,Yes,No,High
ACC10190,23,10,32.4,24.7,7.32,3,8.4,2,0.1,26.5,7,Saturday,Clear,Dry,Urban Road,Roundabout,Daylight,Traffic Police,Urban,Motorcycle,No,No,Low
ACC10191,38,17,40.8,65.8,7.09,4,4.7,4,0.54,32.6,1,Saturday,Clear,Dry,Highway,T-Junction,Daylight,Stop Sign,Urban,Truck,No,No,Medium
ACC10192,28,17,34.7,54.4,8.53,1,6.5,4,6.18,32.5,5,Monday,Fog,Wet,Urban Road,Straight Road,Daylight,Uncontrolled,Urban,Car,Yes,No,High
ACC10193,33,20,49.4,73.1,4.14,3,7.9,4,3.35,24.3,4,Thursday,Fog,Wet,Urban Road,Straight Road,Street Lights,Uncontrolled,Suburban,Car,No,Yes,High
ACC10194,35,16,89.3,55.5,6.67,5,9.0,5,2.88,20.0,6,Sunday,Cloudy,Damaged,Residential,Straight Road,Daylight,Stop Sign,Urban,Motorcycle,No,No,High
ACC10195,37,17,57.1,99.6,6.35,5,10.8,7,1.17,22.0,0,Sunday,Clear,Dry,Urban Road,Straight Road,Street Lights,Signal,Urban,Car,Yes,No,High
ACC10196,30,20,63.2,63.9,6.1,4,4.9,6,0.59,24.3,19,Thursday,Clear,Wet,Residential,Crossroad,Daylight,Stop Sign,Rural,Motorcycle,Yes,No,High
ACC10197,53,48,93.3,79.6,11.35,2,14.7,3,3.96,30.6,23,Friday,Rain,Wet,Rural Road,Crossroad,Poor,Signal,Urban,Bus,No,No,High
ACC10198,24,15,41.7,83.6,5.99,2,8.5,8,5.18,25.1,4,Monday,Fog,Dry,Rural Road,Crossroad,Poor,Signal,Urban,Car,No,No,High
ACC10199,18,8,64.2,61.3,6.26,4,5.3,12,3.22,19.8,10,Sunday,Fog,Dry,Urban Road,Crossroad,Poor,Signal,Urban,Motorcycle,No,No,High
ACC10200,21,0,77.7,45.9,7.74,3,10.7,6,27.59,21.7,4,Thursday,Rain,Dry,Urban Road,Intersection,,Traffic Police,Urban,SUV,No,No,High
ACC10201,24,1,42.1,55.3,6.04,2,9.6,9,5.99,19.9,23,Tuesday,Cloudy,Dry,Highway,Crossroad,Street Lights,Signal,Urban,Motorcycle,Yes,No,High
ACC10202,35,17,73.0,78.0,7.23,2,6.1,6,0.35,31.6,22,Tuesday,Clear,Icy,Urban Road,Intersection,Street Lights,Uncontrolled,Suburban,SUV,No,No,High
ACC10203,55,36,62.4,90.7,7.01,4,6.3,7,0.66,18.0,5,Thursday,Clear,Wet,Urban Road,Roundabout,Daylight,Uncontrolled,Suburban,Car,Yes,No,High
ACC10204,39,22,33.5,53.2,7.23,3,10.3,7,6.62,36.7,13,Sunday,Fog,Wet,Urban Road,Crossroad,Street Lights,Stop Sign,Urban,Truck,No,No,Medium
ACC10205,32,11,74.3,82.9,4.59,2,7.1,10,0.7,32.5,15,Saturday,Cloudy,Icy,Urban Road,Roundabout,Street Lights,Stop Sign,Suburban,Truck,No,No,High
ACC10206,27,15,64.0,39.6,9.71,2,6.4,5,0.11,19.0,2,Saturday,Clear,Dry,Urban Road,Crossroad,Poor,Uncontrolled,Urban,SUV,No,No,Medium
ACC10207,48,32,59.7,,8.87,4,8.7,4,1.45,32.2,17,Thursday,Clear,Wet,Rural Road,Roundabout,Daylight,Signal,Urban,Car,No,No,Low
ACC10208,23,5,64.6,58.8,7.18,4,5.7,4,19.13,21.9,1,Friday,Rain,Dry,Urban Road,T-Junction,Daylight,Signal,Rural,Car,Yes,No,High
ACC10209,18,4,87.1,25.3,8.52,3,12.2,8,0.44,11.4,16,Saturday,Clear,Damaged,Urban Road,Roundabout,Street Lights,Traffic Police,Urban,Car,No,No,Medium
ACC10210,25,5,58.4,81.0,6.85,4,9.0,6,0.81,22.1,18,Friday,Clear,Dry,Highway,Intersection,Poor,Signal,Urban,SUV,No,No,High
ACC10211,29,5,43.6,75.9,7.76,2,9.1,9,0.63,12.3,1,Tuesday,Cloudy,Damaged,Residential,Straight Road,Daylight,Uncontrolled,Rural,Motorcycle,No,No,High
ACC10212,41,23,34.7,100.0,3.29,6,5.5,4,14.31,20.7,0,Wednesday,Rain,Dry,Urban Road,Roundabout,Daylight,Stop Sign,Urban,SUV,No,No,High
ACC10213,44,38,44.2,74.6,9.2,3,7.0,5,24.4,19.7,19,Monday,Rain,Dry,Urban Road,Straight Road,,Signal,Urban,Car,Yes,No,Medium
ACC10214,41,24,41.7,95.2,5.35,4,10.9,7,1.63,26.4,16,Wednesday,Clear,Wet,Highway,T-Junction,Daylight,Traffic Police,Suburban,Car,No,No,High
ACC10215,18,0,46.1,100.0,7.56,4,7.0,9,32.52,31.5,4,Friday,Rain,Dry,Residential,T-Junction,Daylight,Uncontrolled,Suburban,Car,No,Yes,High
ACC10216,35,24,54.8,39.2,8.77,2,6.4,5,0.32,23.8,8,Saturday,Clear,Wet,Rural Road,Intersection,Daylight,Signal,Rural,Motorcycle,Yes,No,Medium
ACC10217,35,24,71.7,37.1,12.0,3,6.4,5,0.48,24.7,9,Wednesday,Clear,Dry,Highway,Intersection,Poor,Traffic Police,Urban,Bus,No,No,Medium
ACC10218,39,22,40.9,63.1,,2,6.4,5,15.56,20.2,12,Friday,Rain,Wet,Urban Road,Roundabout,,Uncontrolled,Urban,Car,Yes,No,Medium
ACC10219,18,0,42.0,39.9,2.8,2,8.5,6,3.96,22.7,3,Sunday,Cloudy,Dry,Highway,Crossroad,Daylight,Stop Sign,Urban,SUV,No,No,Medium
ACC10220,30,8,54.9,53.7,6.35,3,6.9,7,8.01,36.8,3,Wednesday,Rain,Dry,Urban Road,T-Junction,Street Lights,Stop Sign,Urban,Car,No,No,High
ACC10221,30,10,57.8,14.9,7.35,3,7.8,11,19.06,27.4,20,Tuesday,Rain,Dry,Rural Road,Straight Road,Poor,Signal,Urban,Truck,No,No,Medium
ACC10222,45,37,72.2,57.5,7.09,1,10.4,6,3.2,27.6,19,Friday,Cloudy,Dry,Rural Road,Crossroad,Poor,Stop Sign,Suburban,Truck,No,No,Medium
ACC10223,35,23,62.0,44.9,3.72,4,8.5,4,0.81,24.6,16,Tuesday,Clear,Dry,Residential,T-Junction,Daylight,Signal,Urban,Car,No,No,Medium
ACC10224,27,19,66.1,53.2,10.05,2,11.9,4,1.39,32.2,16,Wednesday,Clear,Dry,Urban Road,Roundabout,Poor,Stop Sign,Urban,Car,No,No,Low
ACC10225,18,0,60.7,72.7,8.91,4,6.9,8,0.07,26.2,6,Thursday,Clear,Dry,Urban Road,T-Junction,Daylight,Stop Sign,Urban,Car,No,No,Medium
ACC10226,20,10,32.9,69.3,6.36,2,5.6,6,0.42,27.2,11,Thursday,Clear,Dry,Highway,Intersection,Street Lights,Uncontrolled,Rural,Car,No,No,Low
ACC10227,41,34,29.6,67.9,6.56,2,11.0,6,50.9,22.0,4,Monday,Storm,Dry,Rural Road,Straight Road,Street Lights,Uncontrolled,Rural,SUV,Yes,No,Medium
ACC10228,18,11,20.0,43.7,8.09,3,9.0,7,0.47,36.7,21,Sunday,Clear,Damaged,Rural Road,Straight Road,Daylight,Signal,Rural,SUV,No,Yes,Medium
ACC10229,18,11,36.1,69.6,10.12,1,8.4,6,4.41,30.8,14,Thursday,Fog,Dry,Urban Road,Intersection,Daylight,Uncontrolled,Urban,Truck,No,No,Low
ACC10230,43,33,52.1,54.8,9.01,3,7.9,1,3.57,25.2,0,Sunday,Cloudy,Dry,Urban Road,Crossroad,Daylight,Stop Sign,Urban,Truck,No,No,Medium
ACC10231,42,21,62.8,50.9,6.38,3,6.5,3,10.59,30.8,12,Monday,Rain,Wet,Highway,Intersection,Poor,Stop Sign,Urban,Car,No,No,High
ACC10232,20,10,20.0,74.8,7.36,6,3.2,5,7.73,25.0,1,Wednesday,Cloudy,Dry,Urban Road,Straight Road,Daylight,Signal,Suburban,Car,Yes,No,High
ACC10233,32,21,42.9,70.9,9.35,4,10.4,5,1.91,20.2,5,Monday,Cloudy,Wet,Residential,Roundabout,Street Lights,Uncontrolled,Urban,Bus,No,No,Medium
ACC10234,51,28,48.0,69.7,8.72,2,10.5,7,1.66,22.9,1,Monday,Cloudy,Dry,Highway,Crossroad,Daylight,Traffic Police,Urban,Motorcycle,No,No,High
ACC10235,35,21,48.1,47.5,5.14,3,6.3,9,0.14,30.2,15,Monday,Clear,Dry,Rural Road,T-Junction,Daylight,Uncontrolled,Urban,Truck,No,No,High
ACC10236,39,24,48.2,44.5,5.79,1,5.3,4,34.09,27.1,15,Sunday,Rain,Dry,Highway,Roundabout,Poor,Traffic Police,Urban,Bus,Yes,No,High
ACC10237,51,46,32.3,31.6,10.49,5,7.1,4,0.26,28.8,20,Tuesday,Clear,Wet,Rural Road,Crossroad,Street Lights,Signal,Urban,Motorcycle,Yes,Yes,Low
ACC10238,55,48,53.3,79.3,10.34,1,5.3,9,0.64,20.6,9,Sunday,Clear,Wet,Urban Road,Straight Road,Poor,Uncontrolled,Urban,Car,No,No,High
ACC10239,35,15,41.1,73.2,9.32,3,11.3,8,4.96,25.3,10,Sunday,Cloudy,Dry,Rural Road,Straight Road,Daylight,Stop Sign,Urban,Bus,No,No,Medium
ACC10240,51,39,80.4,75.6,9.77,2,5.8,5,0.96,23.3,2,Monday,Clear,Dry,Urban Road,Roundabout,Daylight,Signal,Urban,Motorcycle,No,No,High
ACC10241,45,37,77.8,16.5,4.41,3,10.3,11,3.66,22.9,6,Saturday,Fog,Icy,Highway,Crossroad,Daylight,Uncontrolled,Urban,Bus,No,No,High
ACC10242,30,16,42.2,58.7,3.35,3,6.5,7,24.73,23.4,6,Friday,Storm,Dry,Urban Road,T-Junction,Daylight,Uncontrolled,Suburban,Motorcycle,No,No,High
ACC10243,39,33,44.4,21.6,6.44,4,10.2,8,0.62,25.4,4,Wednesday,Fog,Dry,Highway,T-Junction,Daylight,Signal,Urban,Car,No,No,Medium
ACC10244,18,0,89.6,30.2,10.05,4,9.6,5,0.57,32.4,9,Tuesday,Clear,Damaged,Urban Road,Intersection,Street Lights,Signal,Suburban,Car,No,No,Medium
ACC10245,41,34,32.3,92.6,7.45,3,12.0,4,0.13,27.3,12,Friday,Clear,Wet,Urban Road,Roundabout,Daylight,Signal,Urban,Truck,No,No,Medium
ACC10246,29,23,58.8,34.1,7.23,3,5.9,8,1.46,22.5,22,Wednesday,Fog,Dry,Residential,Crossroad,Daylight,Signal,Urban,Motorcycle,No,No,High
ACC10247,26,13,84.4,45.7,12.0,4,5.7,8,0.23,30.0,1,Sunday,Clear,Wet,Urban Road,Roundabout,Daylight,Signal,Suburban,Motorcycle,Yes,No,High
ACC10248,46,29,41.3,47.3,8.53,4,7.1,3,20.28,21.4,20,Tuesday,Storm,Damaged,Rural Road,T-Junction,Street Lights,Signal,Rural,Motorcycle,No,Yes,High
ACC10249,23,3,29.0,36.5,7.5,5,13.6,6,15.89,38.3,15,Sunday,Storm,Dry,Residential,Crossroad,Street Lights,Signal,Suburban,Motorcycle,Yes,No,High
ACC10250,39,33,48.0,34.4,6.91,2,6.8,7,13.56,17.6,0,Wednesday,Fog,Dry,Urban Road,Straight Road,Daylight,Traffic Police,Urban,Car,No,No,Medium
ACC10251,45,33,52.8,15.6,9.47,4,8.4,4,0.33,27.9,18,Thursday,Clear,Dry,Rural Road,Straight Road,Daylight,Uncontrolled,Urban,Car,Yes,Yes,Medium
ACC10252,30,20,60.6,30.6,9.01,3,8.9,5,0.36,30.0,19,Wednesday,Clear,Damaged,Urban Road,Crossroad,Daylight,Signal,Urban,Car,No,No,Low
ACC10253,37,17,59.7,62.5,8.14,2,7.8,5,8.39,27.5,20,Thursday,Fog,Wet,Urban Road,Roundabout,Poor,Traffic Police,Urban,Car,No,Yes,High
ACC10254,26,14,64.7,41.8,5.27,5,11.0,9,0.13,27.4,16,Sunday,Clear,Dry,Highway,Roundabout,Poor,Stop Sign,Urban,Motorcycle,Yes,No,High
ACC10255,25,7,20.0,41.8,9.16,2,8.4,6,0.34,19.2,8,Thursday,Clear,Damaged,Residential,Straight Road,Street Lights,Stop Sign,Urban,Car,Yes,Yes,Low
ACC10256,32,17,58.7,5.0,6.17,2,10.9,1,4.41,23.6,9,Saturday,Cloudy,Dry,Urban Road,Straight Road,,Stop Sign,Urban,Car,Yes,No,Medium
ACC10257,70,54,44.6,41.8,5.79,3,12.0,9,7.05,39.6,14,Wednesday,Fog,Dry,Highway,T-Junction,Daylight,Signal,Suburban,Car,No,Yes,High
ACC10258,55,43,81.2,100.0,7.68,5,9.0,2,28.59,32.4,13,Sunday,Rain,Dry,Highway,Crossroad,Street Lights,Signal,Suburban,Car,No,No,High
ACC10259,29,19,71.1,39.8,9.11,4,7.7,5,4.11,37.0,9,Sunday,Cloudy,Dry,Residential,Roundabout,Poor,Signal,Urban,SUV,No,No,High
ACC10260,33,27,75.2,77.4,9.07,1,9.7,5,0.1,28.2,1,Thursday,Clear,Damaged,Urban Road,T-Junction,Poor,Stop Sign,Rural,Car,No,No,High
ACC10261,30,22,75.6,39.0,12.0,3,11.1,6,2.64,30.3,18,Saturday,Cloudy,Dry,Rural Road,Roundabout,Poor,Stop Sign,Suburban,Truck,Yes,No,High
ACC10262,20,12,60.3,67.3,9.11,7,7.2,8,41.81,27.0,2,Tuesday,Storm,Wet,Rural Road,Straight Road,Daylight,Uncontrolled,Urban,Car,No,No,High
ACC10263,27,3,49.3,95.6,6.99,2,10.2,4,0.46,21.7,14,Thursday,Clear,Dry,Rural Road,Crossroad,Poor,Signal,Urban,Bus,Yes,No,High
ACC10264,29,5,55.0,57.0,6.34,1,8.8,8,4.17,25.3,15,Monday,Cloudy,Dry,Residential,Intersection,Street Lights,Uncontrolled,Suburban,SUV,No,No,Low
ACC10265,18,8,74.6,46.3,7.31,2,8.6,9,2.0,15.9,16,Tuesday,Fog,Icy,Rural Road,Crossroad,,Stop Sign,Urban,Motorcycle,No,No,High
ACC10266,32,25,52.5,60.0,7.09,4,3.0,7,18.48,24.7,15,Sunday,Rain,Dry,Urban Road,Intersection,Daylight,Traffic Police,Rural,Bus,No,No,Medium
ACC10267,43,32,59.2,34.3,12.0,5,10.4,6,22.1,28.0,3,Saturday,Rain,Dry,Highway,T-Junction,Daylight,Signal,Urban,Car,No,No,Medium
ACC10268,56,35,56.0,61.2,5.66,2,8.8,8,22.27,19.9,4,Tuesday,Rain,Dry,Highway,Intersection,Daylight,Traffic Police,Urban,Car,No,No,High
ACC10269,41,19,53.0,55.8,6.97,8,8.5,3,0.14,19.9,17,Tuesday,Clear,Damaged,Urban Road,Intersection,Daylight,Uncontrolled,Rural,Car,No,No,Medium
ACC10270,25,10,80.4,65.1,12.0,1,6.9,3,0.25,24.0,0,Sunday,Clear,Dry,Highway,T-Junction,Daylight,Stop Sign,Rural,Car,No,No,High
ACC10271,24,8,48.4,7.0,10.26,3,5.2,3,7.28,37.0,0,Monday,Rain,Dry,Highway,Crossroad,Poor,Uncontrolled,Urban,Car,No,No,Medium
ACC10272,34,20,37.6,59.1,6.49,6,6.4,2,23.62,30.9,21,Monday,Rain,Dry,Highway,T-Junction,Daylight,Signal,Suburban,Car,No,No,Medium
ACC10273,35,26,70.1,71.9,12.0,6,6.4,7,2.39,21.8,21,Monday,Fog,Dry,Residential,Straight Road,Daylight,Traffic Police,Urban,Motorcycle,No,No,High
ACC10274,34,28,55.2,57.0,3.25,4,11.3,9,5.59,27.8,14,Monday,Fog,Wet,Urban Road,Straight Road,Daylight,Signal,Suburban,Truck,Yes,No,High
ACC10275,48,31,47.5,79.3,7.45,3,6.6,8,1.45,38.8,21,Saturday,Cloudy,Dry,Residential,Intersection,Daylight,Stop Sign,Rural,Car,No,No,Medium
ACC10276,40,19,49.2,34.6,7.7,3,7.2,10,0.54,25.7,9,Monday,Cloudy,Dry,Highway,T-Junction,Poor,Signal,Urban,Car,No,No,Low
ACC10277,40,20,51.5,40.6,9.28,3,9.7,4,26.04,21.7,21,Saturday,Rain,Dry,Highway,T-Junction,Daylight,Signal,Urban,Motorcycle,No,Yes,Medium
ACC10278,39,16,44.7,72.3,5.98,3,11.6,5,1.77,32.5,6,Saturday,Cloudy,Dry,Rural Road,T-Junction,Daylight,Stop Sign,Urban,Motorcycle,No,No,High
ACC10279,27,6,86.0,78.3,6.4,3,9.4,7,8.24,18.7,7,Friday,Rain,Damaged,Highway,Crossroad,Poor,Traffic Police,Urban,Car,Yes,No,High
ACC10280,18,7,77.6,89.4,7.04,4,12.7,9,41.8,20.5,8,Sunday,Rain,Dry,Highway,Roundabout,Poor,Stop Sign,Urban,Car,Yes,No,High
ACC10281,34,27,34.8,62.8,7.15,3,11.0,5,6.75,29.3,9,Friday,Fog,Icy,Highway,Roundabout,Daylight,Traffic Police,Rural,Motorcycle,Yes,No,High
ACC10282,28,14,46.8,13.6,12.0,4,10.7,3,0.66,14.4,8,Monday,Clear,Dry,Highway,Roundabout,Street Lights,Stop Sign,Urban,Car,No,No,Low
ACC10283,42,30,51.4,85.9,11.87,2,10.2,4,2.44,33.6,4,Saturday,Clear,Dry,Residential,Crossroad,Street Lights,Signal,Urban,SUV,No,No,Medium
ACC10284,29,9,20.0,65.5,5.07,3,10.1,7,1.17,21.9,11,Tuesday,Clear,Damaged,Rural Road,T-Junction,,Signal,Suburban,Car,No,No,Low
ACC10285,48,42,45.8,62.8,7.69,5,6.5,13,1.81,35.0,17,Thursday,Cloudy,Dry,Urban Road,Roundabout,Daylight,Uncontrolled,Urban,Car,No,No,Medium
ACC10286,42,18,66.4,95.2,3.07,3,6.7,0,1.91,32.1,11,Thursday,Clear,Wet,Urban Road,T-Junction,Poor,Signal,Urban,Motorcycle,No,No,High
ACC10287,53,29,54.1,75.6,6.62,4,8.6,6,4.33,17.0,1,Friday,Cloudy,Icy,Highway,Intersection,Daylight,Stop Sign,Urban,SUV,Yes,No,High
ACC10288,52,45,80.9,78.9,7.37,4,12.4,9,2.77,37.4,8,Monday,Cloudy,Dry,Urban Road,Roundabout,Daylight,Signal,Suburban,Truck,Yes,No,High
ACC10289,43,29,65.2,9.4,5.98,6,6.8,2,0.4,26.4,5,Wednesday,Clear,Dry,Highway,Intersection,Daylight,Signal,Urban,Car,No,No,Low
ACC10290,22,0,83.2,46.2,5.15,4,7.6,3,1.18,23.1,12,Thursday,Cloudy,Wet,Urban Road,Crossroad,Daylight,Uncontrolled,Suburban,Car,Yes,No,High
ACC10291,30,21,69.9,81.7,7.13,4,6.8,4,0.08,31.7,8,Sunday,Clear,Dry,Highway,Straight Road,Poor,Stop Sign,Urban,Motorcycle,No,No,High
ACC10292,27,8,55.4,56.6,5.02,3,8.8,4,1.19,22.9,14,Sunday,Clear,Dry,Urban Road,Crossroad,Street Lights,Signal,Suburban,Car,No,No,Low
ACC10293,36,17,39.5,69.9,8.73,4,9.3,5,3.66,31.7,21,Saturday,Rain,Dry,Urban Road,Crossroad,Daylight,Signal,Suburban,Truck,No,No,Low
ACC10294,40,30,36.9,63.1,8.33,6,7.3,10,0.55,21.4,20,Sunday,Clear,Dry,Rural Road,Crossroad,Daylight,Signal,Suburban,Motorcycle,No,No,Medium
ACC10295,32,27,63.5,81.9,3.35,2,9.8,11,2.29,37.3,8,Saturday,Clear,Wet,Highway,Roundabout,Daylight,Signal,Urban,Car,Yes,No,High
ACC10296,42,24,74.5,27.4,8.9,2,9.2,7,9.93,29.4,11,Thursday,Cloudy,Dry,Residential,Intersection,Poor,Stop Sign,Urban,Car,No,Yes,High
ACC10297,28,11,60.6,18.0,5.29,4,6.6,10,7.69,24.9,17,Tuesday,Rain,Dry,Residential,Roundabout,Street Lights,Stop Sign,Rural,Bus,No,No,Low
ACC10298,18,0,66.0,52.8,8.07,1,11.6,6,0.67,24.0,7,Thursday,Clear,Wet,Highway,Straight Road,Street Lights,Signal,Urban,Motorcycle,No,Yes,High
ACC10299,37,29,70.3,67.0,5.08,1,9.0,5,1.19,33.3,12,Friday,Cloudy,Dry,Urban Road,Crossroad,Street Lights,Signal,Urban,Bus,No,No,Medium
ACC10300,32,15,50.7,45.7,11.02,2,14.0,5,0.61,30.9,14,Sunday,Clear,Dry,Rural Road,T-Junction,Street Lights,Signal,Suburban,Car,Yes,No,Low
ACC10301,36,20,66.5,56.8,8.4,2,11.4,3,1.69,24.9,7,Monday,Clear,,Residential,Straight Road,Street Lights,Signal,Rural,Truck,No,No,Medium
ACC10302,44,30,67.7,25.0,9.13,4,8.7,3,6.04,27.3,23,Monday,Cloudy,Dry,Rural Road,Intersection,Daylight,Stop Sign,Urban,Car,No,No,Medium
ACC10303,32,11,38.0,27.0,4.1,1,7.9,4,1.05,26.9,3,Saturday,Cloudy,Wet,Urban Road,Straight Road,Poor,Signal,Suburban,Car,No,No,Medium
ACC10304,22,9,61.0,41.2,7.65,2,12.0,7,1.03,28.7,14,Thursday,Cloudy,Damaged,Residential,Roundabout,Street Lights,Signal,Suburban,Truck,No,No,Medium
ACC10305,28,16,65.5,78.7,9.87,3,7.1,12,8.35,30.2,10,Wednesday,Rain,Dry,Urban Road,T-Junction,Street Lights,Uncontrolled,Urban,Bus,No,No,High
ACC10306,51,35,64.7,68.2,12.0,3,5.6,5,4.06,40.4,6,Friday,Storm,Dry,Rural Road,Roundabout,Poor,Signal,Suburban,Car,No,Yes,High
ACC10307,40,16,62.9,75.2,10.31,2,8.2,7,3.5,20.6,18,Saturday,Cloudy,Dry,Residential,Crossroad,Street Lights,Stop Sign,Rural,Bus,No,Yes,Medium
ACC10308,48,36,72.1,79.7,11.35,2,4.1,9,0.4,22.5,18,Thursday,Clear,Dry,Urban Road,Crossroad,Street Lights,Stop Sign,Rural,Truck,No,No,Medium
ACC10309,30,16,97.6,100.0,9.61,1,9.1,6,5.0,22.1,0,Friday,Rain,Damaged,Residential,Straight Road,Poor,Signal,Urban,Car,No,No,High
ACC10310,43,33,61.5,21.6,5.18,3,8.8,6,0.24,32.2,23,Wednesday,Clear,Damaged,Urban Road,Crossroad,Daylight,Uncontrolled,Suburban,SUV,No,No,High
ACC10311,46,27,86.5,37.3,7.61,3,6.0,8,0.65,20.0,4,Saturday,Clear,Dry,Residential,Crossroad,Daylight,Stop Sign,Urban,Motorcycle,No,No,High
ACC10312,18,6,27.4,90.1,12.0,3,10.1,2,0.91,38.0,17,Sunday,Clear,Wet,Urban Road,Intersection,Street Lights,Stop Sign,Urban,Truck,No,No,Medium
ACC10313,38,19,60.6,53.6,7.89,5,10.3,4,0.99,25.4,20,Friday,Clear,Damaged,Residential,Intersection,Daylight,Uncontrolled,Suburban,Motorcycle,Yes,No,Medium
ACC10314,37,29,29.6,69.6,10.83,3,5.1,5,31.14,41.7,18,Saturday,Storm,Damaged,Urban Road,Roundabout,Street Lights,Uncontrolled,Urban,Motorcycle,No,No,High
ACC10315,22,12,48.9,29.3,6.72,4,10.7,5,18.66,23.1,14,Friday,Rain,Dry,Rural Road,Roundabout,Street Lights,Traffic Police,Urban,Bus,No,No,Medium
ACC10316,22,13,88.4,65.2,,3,10.4,9,19.45,22.1,2,Friday,Rain,Dry,Highway,Intersection,Street Lights,Stop Sign,Urban,Car,Yes,No,High
ACC10317,57,36,72.4,83.1,4.19,1,8.8,4,0.37,25.6,4,Sunday,Clear,Dry,Highway,Straight Road,Poor,Uncontrolled,Urban,Car,No,No,High
ACC10318,37,30,60.0,54.9,12.0,1,6.8,8,0.71,25.3,19,Saturday,Clear,Damaged,Urban Road,Intersection,Daylight,Signal,Urban,SUV,No,No,Medium
ACC10319,49,39,78.6,68.3,5.28,3,7.5,4,0.34,26.7,14,Monday,Clear,Dry,Rural Road,Roundabout,Street Lights,Stop Sign,Urban,Bus,No,No,High
ACC10320,43,28,62.5,65.1,7.62,6,9.6,8,0.75,24.0,11,Sunday,Clear,Dry,Urban Road,T-Junction,Street Lights,Signal,Suburban,Car,No,No,Medium
ACC10321,36,29,50.8,77.7,6.96,4,6.9,4,6.67,16.3,22,Wednesday,Cloudy,Dry,Highway,Crossroad,Daylight,Signal,Urban,Car,No,No,High
ACC10322,24,19,27.4,36.8,7.36,3,12.1,12,10.49,26.2,3,Saturday,Rain,Dry,Urban Road,T-Junction,Daylight,Stop Sign,Suburban,Truck,Yes,Yes,High
ACC10323,42,23,65.6,18.7,4.87,3,10.2,8,10.95,40.3,10,Monday,Rain,Dry,Residential,T-Junction,Poor,Uncontrolled,Rural,Car,Yes,No,Medium
ACC10324,35,18,40.6,,5.3,4,12.8,6,0.63,22.2,2,Tuesday,Clear,Icy,Urban Road,Crossroad,Street Lights,Signal,Urban,Motorcycle,Yes,No,High
ACC10325,37,32,57.8,79.3,6.33,5,7.2,3,39.93,26.3,0,Thursday,Storm,Dry,Urban Road,Intersection,Street Lights,Uncontrolled,Urban,Car,No,No,High
ACC10326,38,32,56.0,100.0,10.22,2,7.4,6,6.52,21.7,10,Saturday,Rain,Dry,Urban Road,Straight Road,Daylight,Stop Sign,Suburban,Motorcycle,No,Yes,High
ACC10327,39,30,51.2,60.6,8.94,3,6.5,3,5.81,31.0,12,Monday,Cloudy,Dry,Highway,T-Junction,Daylight,Signal,Suburban,Car,No,No,Low
ACC10328,41,18,63.8,40.3,5.6,3,9.8,6,1.54,18.9,7,Saturday,Cloudy,Dry,Urban Road,Straight Road,Daylight,Signal,Urban,Truck,Yes,No,Medium
ACC10329,25,7,90.5,54.5,12.0,2,10.6,6,0.13,28.1,18,Saturday,Clear,Dry,Highway,Roundabout,Daylight,Signal,Suburban,Truck,No,No,Medium
ACC10330,43,22,61.0,57.2,6.46,3,8.0,8,0.59,28.3,4,Saturday,Clear,Dry,Residential,T-Junction,Poor,Signal,Urban,Motorcycle,No,No,High
ACC10331,43,23,56.4,52.5,4.44,7,6.9,5,0.58,22.6,2,Sunday,Clear,Dry,Rural Road,Roundabout,Daylight,Stop Sign,Urban,Car,No,No,High
ACC10332,37,12,54.0,67.3,5.59,1,7.5,10,10.33,26.8,9,Friday,Rain,Dry,Highway,Intersection,Poor,Signal,Urban,Car,No,No,High
ACC10333,42,18,58.4,100.0,8.86,4,13.1,4,0.36,25.3,20,Tuesday,Clear,Dry,Urban Road,T-Junction,Poor,Signal,Urban,Car,Yes,No,High
ACC10334,51,45,77.1,88.9,5.88,3,9.5,3,0.26,27.5,8,Wednesday,Clear,Dry,Rural Road,Roundabout,Poor,Uncontrolled,Urban,Motorcycle,Yes,No,High
ACC10335,44,39,20.0,19.2,10.31,6,15.3,8,0.39,24.9,16,Wednesday,Clear,Damaged,Urban Road,Roundabout,Daylight,Stop Sign,Suburban,Truck,Yes,No,Low
ACC10336,22,7,53.3,57.8,,5,8.0,6,0.89,21.8,8,Saturday,Clear,Damaged,Rural Road,Intersection,Poor,Signal,Suburban,Car,No,Yes,High
ACC10337,29,19,20.0,19.2,9.68,3,7.2,6,4.53,22.8,11,Monday,Fog,Dry,Urban Road,Straight Road,Daylight,Signal,Urban,Truck,No,No,Low
ACC10338,33,18,49.4,40.9,5.8,2,6.5,9,2.32,30.4,10,Sunday,Rain,Dry,Highway,Straight Road,Daylight,Signal,Rural,Truck,No,No,Medium
ACC10339,29,22,59.0,38.6,10.78,3,10.9,10,5.18,27.3,15,Saturday,Cloudy,Damaged,Highway,T-Junction,Daylight,Uncontrolled,Suburban,Motorcycle,Yes,No,Medium
ACC10340,20,0,76.2,54.9,5.19,1,9.7,1,0.28,23.1,3,Friday,Clear,Dry,Residential,Intersection,Poor,Uncontrolled,Urban,Car,No,No,Medium
ACC10341,45,25,71.9,53.8,8.83,3,11.5,4,8.52,18.6,19,Friday,Cloudy,Wet,Urban Road,T-Junction,Daylight,Uncontrolled,Urban,Bus,No,No,Medium
ACC10342,26,10,82.2,54.1,10.48,6,6.5,11,4.9,22.9,1,Saturday,Cloudy,Damaged,Highway,Straight Road,Daylight,Signal,Suburban,Bus,No,No,High
ACC10343,48,34,51.7,99.1,5.8,4,7.1,8,0.09,30.3,7,Wednesday,Clear,Dry,Urban Road,Intersection,Daylight,Uncontrolled,Rural,SUV,No,Yes,High
ACC10344,18,4,41.5,83.1,6.75,3,6.4,2,0.05,25.5,15,Friday,Clear,Dry,Rural Road,Crossroad,Daylight,Signal,Urban,Car,No,No,High
ACC10345,44,27,47.4,52.9,6.01,4,8.0,1,1.44,30.7,18,Thursday,Clear,Damaged,Residential,Intersection,Daylight,Signal,Suburban,SUV,No,No,Medium
ACC10346,44,28,69.6,66.9,9.64,1,8.8,2,6.3,28.3,10,Monday,Cloudy,Dry,Highway,Intersection,Poor,Signal,Urban,Car,Yes,No,High
ACC10347,38,23,83.1,96.4,10.03,4,9.0,5,3.31,25.3,13,Monday,Cloudy,Dry,Highway,Crossroad,Street Lights,Uncontrolled,Urban,Motorcycle,No,No,High
ACC10348,32,13,65.7,24.6,1.85,3,7.1,4,0.37,23.2,1,Friday,Clear,Dry,Residential,Roundabout,Poor,Stop Sign,Urban,Motorcycle,No,No,High
ACC10349,35,15,49.2,56.1,8.31,2,11.9,6,0.57,39.6,21,Wednesday,Clear,Dry,Highway,Roundabout,Street Lights,Stop Sign,Suburban,Motorcycle,No,No,Low
ACC10350,35,17,33.2,66.4,7.55,2,8.5,6,1.95,28.3,14,Sunday,Cloudy,Wet,Highway,Roundabout,Poor,Uncontrolled,Urban,Truck,No,No,Medium
ACC10351,40,27,53.8,38.6,7.88,1,11.1,6,2.06,21.7,16,Saturday,Cloudy,Wet,Highway,Straight Road,Daylight,Signal,Urban,Car,Yes,No,Low
ACC10352,33,20,70.2,21.6,10.77,3,4.0,7,2.93,26.0,9,Thursday,Fog,Icy,Rural Road,Intersection,Street Lights,Signal,Urban,SUV,Yes,No,High
ACC10353,35,28,35.3,44.9,8.74,6,7.4,8,18.92,29.7,0,Thursday,Rain,Dry,Urban Road,Crossroad,Street Lights,Stop Sign,Rural,Motorcycle,No,No,Medium
ACC10354,39,26,94.0,52.0,5.49,4,13.9,5,0.24,28.0,3,Saturday,Clear,Dry,Rural Road,Straight Road,Daylight,Stop Sign,Suburban,SUV,No,No,Medium
ACC10355,35,14,54.4,81.8,7.87,2,8.6,5,0.67,25.6,17,Sunday,Clear,Dry,Highway,Crossroad,Street Lights,Uncontrolled,Urban,Car,Yes,No,High
ACC10356,25,19,76.1,15.1,12.0,2,7.1,6,4.36,29.8,1,Thursday,Cloudy,Dry,Urban Road,Straight Road,Street Lights,Signal,Rural,Truck,No,No,Low
ACC10357,26,17,38.7,68.0,8.98,5,10.2,6,0.44,29.9,2,Tuesday,Clear,Dry,Rural Road,Straight Road,Street Lights,Uncontrolled,Urban,Motorcycle,No,No,Medium
ACC10358,34,12,49.7,48.5,4.92,3,8.4,5,1.07,31.5,12,Friday,Cloudy,Icy,Highway,Straight Road,Street Lights,Signal,Urban,Motorcycle,No,No,Medium
ACC10359,18,2,81.9,67.9,5.8,2,12.3,8,7.9,31.0,12,Thursday,Fog,Damaged,Urban Road,Crossroad,Daylight,Uncontrolled,Urban,Truck,Yes,No,High
ACC10360,33,15,36.7,97.6,8.64,2,5.6,12,2.87,28.2,14,Sunday,Cloudy,,Highway,T-Junction,Street Lights,Stop Sign,Urban,Car,No,No,High
ACC10361,37,26,67.9,37.0,5.89,6,5.3,3,0.49,21.4,5,Friday,Clear,Wet,Residential,Straight Road,Daylight,Traffic Police,Urban,Car,Yes,No,High
ACC10362,34,19,42.4,85.2,5.3,4,5.5,9,0.28,27.5,0,Wednesday,Cloudy,Dry,Residential,Roundabout,Street Lights,Signal,Suburban,Truck,No,No,High
ACC10363,40,20,41.6,69.1,8.62,3,10.1,5,6.22,35.4,9,Wednesday,Cloudy,Dry,Residential,Intersection,Street Lights,Uncontrolled,Suburban,Motorcycle,No,No,Low
ACC10364,37,14,56.6,48.3,10.68,2,7.6,4,4.89,26.8,11,Saturday,Cloudy,Wet,Residential,T-Junction,Poor,Stop Sign,Suburban,Car,No,No,High
ACC10365,44,20,46.1,71.7,6.0,2,8.7,6,4.93,18.1,15,Wednesday,Fog,Dry,Urban Road,T-Junction,Daylight,Signal,Suburban,Motorcycle,No,No,High
ACC10366,37,15,63.5,76.6,5.31,2,8.7,10,0.13,24.3,1,Tuesday,Clear,Icy,Highway,Crossroad,Daylight,Signal,Suburban,Motorcycle,No,No,High
ACC10367,56,50,53.7,38.8,6.72,3,10.9,12,53.4,25.6,2,Wednesday,Storm,Wet,Rural Road,T-Junction,Daylight,Uncontrolled,Urban,Truck,No,No,High
ACC10368,35,23,44.8,28.1,8.03,4,12.0,3,7.48,29.2,23,Friday,Fog,Dry,Highway,Crossroad,Daylight,Signal,Suburban,Car,No,No,Low
ACC10369,43,23,54.6,29.9,9.8,1,11.6,8,0.04,30.8,3,Monday,Clear,Wet,Highway,Crossroad,Street Lights,Signal,Suburban,Motorcycle,Yes,Yes,Medium
ACC10370,33,20,85.4,47.4,9.96,3,8.3,4,0.38,24.0,4,Monday,Clear,Dry,Highway,Roundabout,Street Lights,Traffic Police,Rural,Truck,No,No,Medium
ACC10371,35,21,41.2,41.4,6.5,5,8.9,5,1.38,23.3,14,Friday,Clear,Dry,Highway,Straight Road,Street Lights,Uncontrolled,Urban,Truck,No,No,Low
ACC10372,25,4,38.7,71.7,8.49,5,12.4,7,0.64,20.0,3,Monday,Clear,Dry,Residential,T-Junction,Poor,Signal,Urban,SUV,No,No,High
ACC10373,34,12,40.2,71.1,3.62,2,11.7,3,0.14,38.0,3,Thursday,Clear,Dry,Highway,Straight Road,Daylight,Stop Sign,Suburban,Motorcycle,No,No,High
ACC10374,26,5,40.6,63.0,7.13,6,7.9,3,7.99,30.2,15,Monday,Rain,Wet,Highway,Straight Road,Daylight,Stop Sign,Suburban,Car,Yes,No,Medium
ACC10375,48,36,41.5,80.9,5.69,4,11.0,5,0.29,29.5,1,Sunday,Clear,Dry,Residential,Straight Road,Daylight,Uncontrolled,Urban,Car,No,No,Medium
ACC10376,37,27,34.1,57.1,4.39,2,6.5,11,0.17,23.7,8,Tuesday,Clear,Wet,Highway,Crossroad,Poor,Uncontrolled,Suburban,Car,No,Yes,High
ACC10377,41,29,73.8,68.1,10.86,4,4.8,5,25.44,32.7,11,Wednesday,Rain,Dry,Urban Road,Straight Road,Street Lights,Uncontrolled,Urban,Car,Yes,No,High
ACC10378,18,0,61.1,69.7,4.84,2,5.0,4,1.98,26.3,15,Monday,Clear,Dry,Highway,T-Junction,Street Lights,Signal,Rural,Bus,No,No,Medium
ACC10379,18,6,57.1,48.2,10.55,3,7.0,4,11.28,19.8,4,Monday,Rain,Wet,Rural Road,Crossroad,Daylight,Stop Sign,Urban,Bus,No,No,Low
ACC10380,32,26,101.2,31.6,,2,8.3,7,0.76,31.1,21,Sunday,Clear,Dry,Rural Road,T-Junction,Daylight,Signal,Urban,Motorcycle,Yes,No,Medium
ACC10381,19,0,68.7,28.5,5.36,3,10.3,6,0.2,34.0,22,Saturday,Clear,Dry,Rural Road,Crossroad,Poor,Signal,Urban,Car,No,No,Medium
ACC10382,18,12,122.0,89.0,7.92,3,11.7,6,20.38,23.6,13,Tuesday,Rain,Dry,Rural Road,Intersection,Daylight,Uncontrolled,Urban,Car,Yes,No,High
ACC10383,44,19,81.3,33.6,8.6,2,5.4,2,1.39,22.0,22,Saturday,Cloudy,Dry,Urban Road,Intersection,Street Lights,Signal,Urban,SUV,No,No,High
ACC10384,39,17,36.1,82.2,11.02,3,8.8,8,7.46,24.7,7,Tuesday,Fog,Dry,Residential,Intersection,Daylight,Stop Sign,Suburban,SUV,No,Yes,High
ACC10385,26,2,34.0,93.7,9.6,7,10.9,4,11.76,21.7,22,Monday,Rain,Wet,Residential,Intersection,Daylight,Uncontrolled,Rural,Car,No,No,Medium
ACC10386,36,14,48.7,41.4,8.14,3,10.0,4,37.61,18.6,23,Thursday,Rain,Dry,Urban Road,Crossroad,Street Lights,Signal,Urban,Truck,No,No,High
ACC10387,55,48,51.6,64.1,7.96,5,5.3,7,0.14,23.6,14,Monday,Clear,Dry,Urban Road,Straight Road,Daylight,Signal,Suburban,Car,Yes,No,High
ACC10388,25,12,81.0,49.8,5.87,3,8.3,6,0.04,26.1,13,Thursday,Clear,Damaged,Residential,Roundabout,Street Lights,Uncontrolled,Urban,Car,No,No,Medium
ACC10389,45,22,50.6,47.9,10.34,4,6.3,6,19.9,26.5,19,Saturday,Rain,Dry,Residential,Roundabout,Street Lights,Traffic Police,Urban,Car,No,No,Medium
ACC10390,30,23,56.0,,9.62,1,9.2,2,10.9,33.7,16,Sunday,Rain,Damaged,Residential,Intersection,Daylight,Uncontrolled,Urban,Motorcycle,No,No,High
ACC10391,28,17,37.0,78.9,10.5,4,11.6,6,30.15,21.1,16,Wednesday,Storm,Dry,Residential,Straight Road,Street Lights,Stop Sign,Urban,Car,No,No,High
ACC10392,21,7,69.9,54.8,7.46,3,5.1,8,1.06,23.9,6,Friday,Clear,Dry,Highway,T-Junction,Street Lights,Signal,Suburban,Car,No,No,Medium
ACC10393,37,23,77.8,77.6,8.91,3,8.9,11,0.46,30.9,18,Wednesday,Clear,Damaged,Highway,Straight Road,Daylight,Signal,Urban,Car,No,No,Medium
ACC10394,44,20,71.9,93.2,9.83,3,9.5,5,11.28,30.1,19,Monday,Rain,Dry,Highway,T-Junction,Street Lights,Uncontrolled,Rural,Car,No,No,High
ACC10395,38,25,60.3,48.5,4.97,2,11.5,5,0.15,31.4,10,Monday,Clear,Wet,Urban Road,Roundabout,Street Lights,Signal,Suburban,Truck,No,No,Medium
ACC10396,33,23,76.5,78.4,11.24,2,10.3,10,4.25,25.8,12,Thursday,Fog,Dry,Rural Road,Straight Road,Daylight,Uncontrolled,Suburban,Car,No,No,High
ACC10397,28,14,67.6,35.8,9.67,5,9.7,12,0.41,20.2,14,Tuesday,Fog,Dry,Highway,Straight Road,Poor,Stop Sign,Rural,SUV,No,No,Medium
ACC10398,54,41,72.2,41.7,4.69,4,6.9,3,0.1,25.9,23,Saturday,Clear,Dry,Highway,Roundabout,Daylight,Stop Sign,Rural,Car,No,No,Medium
ACC10399,29,12,43.9,65.3,4.85,5,10.3,8,52.75,27.4,10,Saturday,Rain,Dry,Highway,Straight Road,Poor,Uncontrolled,Suburban,Car,No,No,High
ACC10400,29,4,52.7,58.3,8.71,4,6.6,5,8.43,20.9,23,Saturday,,Damaged,Highway,T-Junction,Poor,Uncontrolled,Urban,Car,No,No,High
ACC10401,18,2,69.2,56.1,12.0,2,8.6,9,0.16,30.3,23,Thursday,Clear,Dry,Urban Road,Straight Road,Daylight,Stop Sign,Urban,Car,Yes,No,High
ACC10402,54,40,49.6,76.4,7.78,4,10.7,7,13.05,23.8,11,Tuesday,Fog,Damaged,Urban Road,T-Junction,Daylight,Traffic Police,Suburban,Car,No,No,Medium
ACC10403,18,1,94.7,54.6,10.15,5,8.5,3,1.26,28.9,14,Tuesday,Cloudy,Damaged,Urban Road,Intersection,Daylight,Traffic Police,Urban,Car,No,No,High
ACC10404,45,20,65.6,82.0,7.4,1,8.4,4,19.65,30.8,9,Sunday,Rain,Dry,Urban Road,Straight Road,Daylight,Traffic Police,Rural,SUV,No,No,High
ACC10405,42,25,68.4,74.1,8.19,4,9.9,4,0.14,31.5,20,Tuesday,Clear,Dry,Residential,T-Junction,Poor,Uncontrolled,Urban,Truck,No,No,High
ACC10406,30,23,77.0,60.0,10.45,3,4.1,3,7.41,22.8,22,Tuesday,Fog,Damaged,Urban Road,Roundabout,Street Lights,Uncontrolled,Urban,SUV,No,No,High
ACC10407,38,15,62.9,52.4,10.97,2,12.5,7,0.69,27.9,5,Monday,Clear,Damaged,Urban Road,Intersection,Daylight,Uncontrolled,Urban,Car,No,No,Medium
ACC10408,40,23,66.5,58.2,6.16,5,6.5,4,0.93,24.1,8,Friday,Clear,Dry,Highway,Straight Road,Street Lights,Signal,Rural,Motorcycle,No,No,High
ACC10409,60,52,47.6,31.3,7.56,3,6.3,6,0.38,28.0,13,Saturday,Fog,Dry,Highway,T-Junction,Poor,Signal,Urban,Car,No,No,High
ACC10410,54,44,51.9,51.5,5.87,1,5.2,8,1.31,31.3,4,Friday,Clear,Dry,Urban Road,Straight Road,Street Lights,Signal,Urban,Truck,No,No,High
ACC10411,43,36,57.9,31.6,8.88,3,10.1,5,0.92,28.3,10,Wednesday,Clear,Wet,Rural Road,T-Junction,Street Lights,Signal,Urban,SUV,No,No,Low
ACC10412,38,14,38.3,68.6,8.48,2,5.6,7,27.95,30.9,11,Wednesday,Storm,Dry,Rural Road,Straight Road,Street Lights,Signal,Urban,Bus,No,No,Medium
ACC10413,42,36,87.0,,5.6,4,9.8,7,30.23,25.6,17,Wednesday,Storm,Wet,Urban Road,Intersection,Daylight,Signal,Urban,Car,Yes,No,High
ACC10414,38,18,37.5,21.7,8.01,4,7.1,7,4.6,35.7,2,Thursday,Cloudy,Dry,Urban Road,Intersection,Daylight,Traffic Police,Urban,Car,No,No,Low
ACC10415,39,27,38.7,56.4,10.59,3,8.9,5,3.08,24.0,0,Wednesday,Cloudy,Dry,Residential,Straight Road,Street Lights,Uncontrolled,Urban,Car,No,No,Low
ACC10416,28,21,58.2,73.1,8.59,2,8.3,9,0.75,27.8,0,Saturday,Clear,Dry,Rural Road,Straight Road,Daylight,Signal,Urban,Car,No,No,High
ACC10417,34,20,66.2,56.8,5.61,3,5.6,7,0.02,35.4,0,Sunday,,Dry,Rural Road,Crossroad,Street Lights,Signal,Rural,Car,Yes,No,High
ACC10418,44,39,44.9,,8.8,2,8.7,8,0.93,27.6,21,Wednesday,Clear,Dry,Urban Road,Straight Road,Street Lights,Uncontrolled,Rural,Car,No,No,Low
ACC10419,36,15,48.8,61.1,6.75,3,6.7,10,25.02,29.7,4,Wednesday,Rain,Dry,Highway,Straight Road,Street Lights,Uncontrolled,Urban,Car,No,No,High
ACC10420,40,24,53.1,100.0,8.45,5,9.6,4,12.64,25.6,5,Sunday,Rain,Dry,Highway,Intersection,Daylight,Traffic Police,Urban,Motorcycle,Yes,No,High
ACC10421,29,15,58.6,63.2,3.89,5,8.1,5,9.28,24.7,12,Monday,Rain,,Urban Road,Straight Road,Daylight,Traffic Police,Urban,Motorcycle,No,No,High
ACC10422,34,12,69.6,100.0,,4,9.4,6,3.1,34.3,2,Wednesday,Rain,Dry,Highway,Roundabout,Daylight,Traffic Police,Rural,Bus,No,Yes,High
ACC10423,21,6,44.5,58.4,10.32,2,6.7,7,1.07,35.0,10,Sunday,Clear,Icy,Highway,Straight Road,Daylight,Signal,Urban,Car,No,No,Medium
ACC10424,44,27,50.4,75.0,4.65,2,7.7,4,2.98,24.2,14,Friday,Cloudy,Dry,Urban Road,Crossroad,Daylight,Signal,Urban,Car,No,No,Low
ACC10425,18,0,64.9,61.8,8.71,3,9.9,3,0.06,36.9,13,Monday,Clear,Dry,Rural Road,T-Junction,Street Lights,Uncontrolled,Urban,Truck,No,No,Medium
ACC10426,40,21,79.2,67.1,5.92,2,11.5,5,5.05,36.0,0,Tuesday,Cloudy,Dry,Rural Road,Intersection,Daylight,Signal,Urban,Motorcycle,No,No,Medium
ACC10427,20,2,74.4,42.5,9.97,5,7.5,3,1.64,32.5,17,Thursday,Clear,Icy,Urban Road,Roundabout,Daylight,Uncontrolled,Urban,Car,No,Yes,High
ACC10428,25,6,64.9,70.9,9.09,1,9.4,13,1.6,23.1,20,Monday,Fog,Dry,Rural Road,T-Junction,Daylight,Stop Sign,Suburban,SUV,No,No,High
ACC10429,24,14,21.0,28.0,10.94,3,5.7,5,1.19,21.8,20,Monday,Clear,Wet,Urban Road,Roundabout,,Uncontrolled,Suburban,Car,No,No,Low
ACC10430,44,37,42.3,55.9,11.28,4,7.3,7,0.79,29.5,11,Friday,Clear,Wet,Rural Road,Intersection,Daylight,Signal,Suburban,Car,No,No,Low
ACC10431,22,5,43.9,44.8,7.17,5,5.6,8,0.29,13.9,5,Sunday,Clear,Wet,Urban Road,Crossroad,Daylight,Stop Sign,Urban,Motorcycle,No,No,High
ACC10432,33,24,76.3,48.5,8.28,3,8.2,7,26.61,21.5,8,Saturday,Rain,Dry,Urban Road,Intersection,Poor,Stop Sign,Rural,Car,No,No,High
ACC10433,30,24,38.9,81.7,12.0,1,9.6,9,0.97,27.2,5,Saturday,Cloudy,Wet,Highway,Roundabout,Daylight,Traffic Police,Urban,Motorcycle,Yes,No,High
ACC10434,32,22,30.4,67.5,2.87,5,9.7,9,0.68,31.3,7,Wednesday,Clear,Dry,Highway,Roundabout,Street Lights,Signal,Urban,Car,No,No,Medium
ACC10435,43,24,65.0,12.8,4.89,5,11.6,3,0.38,29.4,6,Tuesday,Clear,Dry,Residential,Intersection,Poor,Traffic Police,Suburban,Car,No,No,Low
ACC10436,34,15,66.9,79.2,10.46,1,6.7,4,10.46,20.0,8,Sunday,Rain,Wet,Highway,Straight Road,Daylight,Uncontrolled,Rural,SUV,Yes,No,High
ACC10437,33,10,44.4,58.3,5.62,2,4.8,8,1.22,20.6,16,Friday,Clear,Dry,Urban Road,Intersection,Poor,Uncontrolled,Urban,Car,No,No,High
ACC10438,25,6,50.0,79.1,,5,7.2,6,26.92,25.3,21,Sunday,Rain,Wet,Highway,Crossroad,Daylight,Uncontrolled,Urban,Truck,No,No,High
ACC10439,25,11,86.8,61.2,5.85,2,8.3,6,18.06,22.3,0,Sunday,Rain,Dry,Highway,Intersection,Daylight,Stop Sign,Urban,Car,No,No,High
ACC10440,20,10,33.2,26.9,9.47,4,4.6,5,0.56,25.4,7,Friday,Clear,Wet,Urban Road,T-Junction,Daylight,Signal,Rural,Motorcycle,No,No,Low
ACC10441,31,11,39.3,92.0,8.65,5,6.3,3,0.51,35.5,6,Monday,Clear,Dry,Rural Road,Straight Road,Daylight,Signal,Urban,Car,No,No,Medium
ACC10442,51,38,69.0,77.4,7.72,2,7.8,6,18.98,28.0,5,Tuesday,Storm,Dry,Rural Road,T-Junction,Daylight,Uncontrolled,Urban,Bus,Yes,No,High
ACC10443,37,16,60.1,60.5,8.95,6,11.4,9,0.67,36.9,2,Sunday,Clear,Dry,Residential,Intersection,Daylight,Uncontrolled,Urban,Truck,No,No,High
ACC10444,36,14,56.8,31.0,8.62,2,10.0,8,0.35,35.1,22,Friday,Clear,Damaged,Residential,Straight Road,Street Lights,Signal,Urban,Car,No,No,Medium
ACC10445,18,6,30.1,67.8,9.4,3,12.0,5,7.69,20.0,4,Saturday,Rain,Dry,Urban Road,T-Junction,Poor,Stop Sign,Urban,Car,Yes,No,Medium
ACC10446,47,35,40.8,65.0,11.79,3,5.9,5,2.49,26.8,15,Thursday,Fog,Dry,Rural Road,T-Junction,,Signal,Rural,SUV,Yes,No,Medium
ACC10447,53,30,52.4,32.8,9.76,2,9.3,5,15.44,28.6,0,Sunday,Storm,Dry,Highway,Straight Road,Daylight,Signal,Urban,SUV,No,No,Medium
ACC10448,26,13,92.2,56.3,10.83,3,8.6,1,29.89,26.0,17,Thursday,Rain,Wet,Rural Road,Straight Road,Daylight,Stop Sign,Rural,Motorcycle,No,No,High
ACC10449,24,5,48.4,13.3,7.26,2,4.2,8,0.45,25.7,14,Friday,Clear,Dry,Highway,Roundabout,Daylight,Signal,Urban,Motorcycle,No,No,Low
ACC10450,51,38,31.3,13.7,4.41,3,6.7,5,0.63,23.5,4,Monday,Clear,Dry,Residential,Straight Road,Street Lights,Signal,Rural,Bus,No,No,Low
ACC10451,39,19,50.0,31.1,5.69,9,8.1,1,33.48,32.4,6,Sunday,Rain,,Rural Road,Intersection,Daylight,Stop Sign,Suburban,Car,No,No,Low
ACC10452,54,46,45.1,59.4,12.0,4,10.5,8,2.53,31.7,10,Thursday,Cloudy,Dry,Residential,Crossroad,Daylight,Stop Sign,Urban,Truck,No,No,Medium
ACC10453,48,26,68.4,37.2,12.0,1,6.3,4,1.05,29.0,12,Monday,Clear,Dry,Rural Road,Roundabout,Street Lights,Signal,Suburban,Motorcycle,No,No,Medium
ACC10454,18,0,20.0,83.2,5.22,3,9.3,2,3.9,29.7,10,Wednesday,Fog,Dry,Residential,Straight Road,Poor,Signal,Urban,Truck,No,No,High
ACC10455,52,32,45.8,39.8,,7,6.5,9,0.73,14.8,8,Wednesday,Clear,Wet,Rural Road,Crossroad,Daylight,Signal,Urban,Car,No,No,Medium
ACC10456,36,24,83.7,48.9,7.23,3,11.4,6,0.59,16.1,18,Sunday,Cloudy,Dry,Highway,Roundabout,Street Lights,Signal,Urban,Motorcycle,No,No,Medium
ACC10457,35,19,69.2,84.2,8.0,3,7.5,3,0.92,37.2,10,Monday,Clear,Dry,Urban Road,Intersection,Daylight,Signal,Urban,Motorcycle,No,No,High
ACC10458,35,17,59.1,47.1,11.27,3,7.7,8,0.49,29.2,9,Friday,Cloudy,Dry,Highway,Crossroad,Daylight,Signal,Suburban,Bus,Yes,No,Medium
ACC10459,34,25,48.0,58.4,10.42,2,8.7,9,0.07,30.1,4,Wednesday,Clear,Icy,Urban Road,Straight Road,Daylight,Signal,Suburban,Truck,No,No,Medium
ACC10460,18,7,70.1,81.6,5.13,1,4.8,3,0.3,19.1,8,Saturday,Clear,Damaged,Highway,Straight Road,Daylight,Uncontrolled,Urban,SUV,Yes,No,High
ACC10461,50,29,69.5,100.0,5.03,5,7.9,8,0.47,18.0,2,Sunday,Clear,Wet,Highway,Intersection,Poor,Signal,Rural,SUV,Yes,No,High
ACC10462,29,5,37.8,79.4,4.48,3,9.6,9,0.46,30.3,13,Sunday,Cloudy,Dry,Highway,Roundabout,Daylight,Signal,Rural,Motorcycle,No,No,High
ACC10463,32,22,77.8,68.8,,5,7.6,5,7.51,17.9,20,Wednesday,Rain,Dry,Residential,Crossroad,Daylight,Signal,Urban,Car,No,Yes,High
ACC10464,41,33,98.2,100.0,4.59,4,7.7,7,3.79,33.7,22,Saturday,Cloudy,Dry,Residential,Intersection,Daylight,Signal,Urban,Truck,Yes,No,High
ACC10465,54,29,50.8,26.8,9.95,2,4.9,9,15.38,29.7,13,Thursday,Storm,Dry,Urban Road,Roundabout,Daylight,Uncontrolled,Urban,SUV,No,Yes,High
ACC10466,34,23,39.8,100.0,4.78,4,7.9,6,0.84,32.1,20,Friday,Clear,Dry,Highway,T-Junction,Street Lights,Signal,Suburban,Car,No,No,Medium
ACC10467,37,16,72.5,63.5,8.62,4,10.0,3,0.72,26.1,14,Monday,Clear,Wet,Highway,T-Junction,Daylight,Signal,Urban,Motorcycle,Yes,No,High
ACC10468,50,37,74.8,68.3,4.64,2,11.6,4,13.4,26.5,11,Wednesday,Fog,Damaged,Highway,Roundabout,Daylight,Signal,Urban,Car,No,No,High
ACC10469,41,17,53.3,,12.0,5,6.2,5,0.84,34.6,17,Sunday,Clear,Wet,Rural Road,Straight Road,Street Lights,Stop Sign,Suburban,Car,No,Yes,Low
ACC10470,40,23,36.4,28.0,9.22,3,11.8,5,37.22,25.2,12,Friday,Storm,Dry,Highway,Straight Road,Daylight,Signal,Suburban,Truck,No,No,Low
ACC10471,18,5,65.8,46.2,10.23,2,13.0,7,0.42,39.4,19,Wednesday,Clear,Wet,Highway,T-Junction,Daylight,Stop Sign,Urban,Truck,No,No,Medium
ACC10472,32,23,20.0,56.9,7.14,2,8.5,4,17.98,19.6,20,Thursday,Storm,Dry,Residential,Straight Road,Daylight,Signal,Rural,Truck,No,No,Low
ACC10473,37,27,60.5,57.6,9.8,4,6.7,2,0.6,27.5,17,Friday,Clear,Dry,Rural Road,Straight Road,Daylight,Signal,Suburban,SUV,No,No,Low
ACC10474,37,15,20.0,63.9,7.02,4,8.6,6,2.77,16.3,20,Tuesday,Fog,,Urban Road,Roundabout,Daylight,Uncontrolled,Urban,Car,No,No,Low
ACC10475,45,39,50.3,,12.0,2,9.1,7,3.47,27.1,21,Sunday,Cloudy,Dry,Rural Road,Roundabout,Daylight,Uncontrolled,Suburban,Car,No,Yes,Low
ACC10476,22,14,79.7,68.9,5.34,6,8.3,2,6.4,33.0,7,Thursday,Storm,Dry,Highway,Straight Road,Street Lights,Stop Sign,Urban,SUV,No,No,High
ACC10477,24,15,96.8,20.5,7.93,1,3.0,4,1.1,28.7,5,Monday,Clear,Dry,Urban Road,Roundabout,Street Lights,Signal,Urban,Motorcycle,No,Yes,High
ACC10478,46,40,76.9,92.7,7.43,5,8.6,8,1.95,30.1,10,Friday,Cloudy,Wet,Urban Road,Crossroad,Street Lights,Stop Sign,Urban,Car,No,No,High
ACC10479,47,28,61.0,44.1,4.67,3,9.2,7,35.68,31.4,20,Saturday,Storm,Wet,Highway,T-Junction,Poor,Signal,Urban,Truck,No,No,High
ACC10480,24,0,66.7,62.0,10.46,4,10.2,6,0.29,29.0,17,Wednesday,Cloudy,Dry,Highway,Crossroad,Daylight,Uncontrolled,Urban,SUV,No,No,Medium
ACC10481,38,30,62.1,49.4,5.65,4,12.7,8,0.16,29.8,3,Saturday,Cloudy,Wet,Urban Road,Crossroad,Poor,Stop Sign,Urban,Truck,No,No,High
ACC10482,32,11,39.5,57.4,3.92,2,5.3,7,1.51,24.7,4,Friday,Rain,Dry,Rural Road,Straight Road,Daylight,Signal,Suburban,Bus,No,Yes,High
ACC10483,28,19,65.6,64.9,9.68,2,10.9,4,2.06,30.7,19,Monday,Cloudy,Dry,Rural Road,Straight Road,Daylight,Stop Sign,Suburban,Car,Yes,No,High
ACC10484,22,0,51.7,100.0,4.23,4,7.2,7,1.57,23.6,20,Saturday,Cloudy,Wet,Urban Road,Crossroad,Daylight,Uncontrolled,Urban,Car,No,No,High
ACC10485,25,10,72.3,15.1,,3,6.5,7,0.69,31.0,14,Saturday,Cloudy,Wet,Urban Road,Crossroad,Daylight,Signal,Urban,SUV,No,No,Low
ACC10486,26,4,78.6,36.2,10.63,2,10.1,2,7.12,24.9,11,Saturday,Fog,Icy,Rural Road,Intersection,Poor,Uncontrolled,Suburban,Truck,No,No,High
ACC10487,52,44,50.0,28.2,5.28,2,11.0,4,0.41,30.5,8,Sunday,Clear,Dry,Urban Road,Intersection,Daylight,Uncontrolled,Urban,Car,No,No,Medium
ACC10488,40,17,56.7,65.3,9.79,6,9.0,3,0.49,27.0,1,Friday,Clear,Wet,Residential,T-Junction,Daylight,Signal,Urban,Motorcycle,No,No,Medium
ACC10489,38,31,62.4,67.3,5.34,3,7.7,5,22.67,25.7,8,Wednesday,Storm,Wet,Highway,Crossroad,Daylight,Traffic Police,Urban,Truck,No,No,High
ACC10490,23,18,62.0,91.4,7.03,2,7.8,7,0.66,38.0,5,Sunday,Fog,Damaged,Urban Road,Roundabout,Daylight,Signal,Rural,Car,Yes,No,High
ACC10491,50,31,97.6,59.2,7.96,4,13.4,3,3.85,23.7,4,Saturday,Cloudy,Dry,Urban Road,Intersection,Daylight,Uncontrolled,Rural,Truck,No,No,High
ACC10492,51,44,53.0,88.9,4.88,3,7.8,3,4.09,29.6,21,Thursday,Cloudy,Wet,Urban Road,Straight Road,Daylight,Uncontrolled,Suburban,Car,Yes,No,High
ACC10493,38,16,24.2,84.8,4.99,4,10.1,5,2.04,24.9,17,Thursday,Clear,Dry,Urban Road,Crossroad,Daylight,Stop Sign,Urban,Car,No,No,High
ACC10494,36,19,54.3,55.0,10.9,4,8.2,2,0.2,27.9,12,Wednesday,Clear,Dry,Urban Road,Roundabout,Poor,Signal,Suburban,Truck,No,No,Low
ACC10495,36,24,92.4,41.5,2.64,3,8.6,2,1.89,29.0,22,Sunday,Cloudy,Dry,Highway,Roundabout,Daylight,Traffic Police,Urban,Car,No,No,High
ACC10496,43,32,65.3,54.7,7.13,4,11.3,10,0.3,30.8,1,Tuesday,Clear,Dry,Urban Road,Roundabout,Daylight,Signal,Urban,Car,No,No,Medium
ACC10497,19,12,59.9,42.1,8.62,6,12.6,6,5.19,21.7,15,Tuesday,Cloudy,Dry,Highway,Straight Road,Street Lights,Signal,Urban,SUV,No,No,Low
ACC10498,23,4,36.3,59.8,9.26,3,7.3,9,1.43,25.1,0,Thursday,Clear,Damaged,Highway,Intersection,Poor,Signal,Suburban,Truck,No,No,Medium
ACC10499,26,3,55.6,39.0,11.53,2,7.2,6,8.88,38.6,10,Saturday,Storm,Dry,Urban Road,Roundabout,Daylight,Uncontrolled,Urban,Motorcycle,No,No,Medium
ACC10500,30,10,85.6,66.3,9.92,2,9.0,9,21.59,20.9,12,Monday,Storm,Wet,Urban Road,Intersection,,Traffic Police,Urban,Car,No,No,High
ACC10501,38,21,77.9,18.9,8.67,3,7.5,7,6.74,28.4,8,Friday,Rain,Dry,Urban Road,T-Junction,Poor,Signal,Suburban,Car,No,No,Medium
ACC10502,46,39,84.0,67.1,7.64,5,4.8,7,1.45,38.6,12,Sunday,Cloudy,Dry,Urban Road,Straight Road,Daylight,Uncontrolled,Rural,Motorcycle,No,Yes,High
ACC10503,45,23,35.6,74.6,7.05,2,5.6,12,0.77,20.7,20,Wednesday,Clear,Dry,Rural Road,Intersection,Daylight,Signal,Suburban,Car,Yes,No,High
ACC10504,18,0,71.3,71.8,7.21,3,9.1,5,10.8,23.7,20,Monday,Rain,Dry,Urban Road,Intersection,Daylight,Traffic Police,Urban,Motorcycle,No,No,High
ACC10505,56,46,21.1,5.0,7.39,5,8.6,5,30.18,31.0,4,Sunday,Rain,Dry,Rural Road,Roundabout,Poor,Stop Sign,Rural,Motorcycle,No,No,Low
ACC10506,59,46,56.4,63.3,9.04,2,4.1,3,0.09,23.8,20,Saturday,Clear,Dry,Highway,Roundabout,Poor,Signal,Suburban,Motorcycle,No,No,High
ACC10507,53,48,63.6,68.1,6.83,3,8.0,4,0.99,27.2,12,Friday,Fog,Dry,Highway,Straight Road,Street Lights,Signal,Suburban,Car,No,No,Medium
ACC10508,27,5,79.2,100.0,10.01,3,10.3,6,13.23,35.7,15,Sunday,Rain,Dry,Highway,Intersection,Daylight,Signal,Urban,Car,Yes,No,High
ACC10509,30,25,74.8,61.9,8.53,5,10.2,6,4.64,24.3,6,Thursday,Fog,Dry,Rural Road,Crossroad,Daylight,Signal,Urban,SUV,No,No,Medium
ACC10510,18,3,80.7,22.7,5.31,2,7.5,8,16.81,22.4,18,Sunday,Rain,Dry,Urban Road,Roundabout,Daylight,Uncontrolled,Urban,SUV,No,No,High
ACC10511,38,21,83.2,17.4,8.05,2,9.7,5,2.65,31.9,16,Wednesday,Cloudy,Dry,Urban Road,Roundabout,Poor,Signal,Urban,Motorcycle,No,No,Medium
ACC10512,38,32,56.7,52.5,7.88,2,5.5,9,0.0,31.9,14,Monday,Clear,Damaged,Highway,T-Junction,Poor,Traffic Police,Urban,Bus,No,No,High
ACC10513,31,22,34.0,,7.27,3,10.3,5,5.15,18.9,21,Friday,Fog,Damaged,Urban Road,Straight Road,Daylight,Stop Sign,Urban,Truck,No,No,High
ACC10514,25,4,68.1,77.7,8.97,5,8.1,8,3.73,22.1,4,Thursday,Fog,Wet,Highway,Intersection,Street Lights,Uncontrolled,Urban,Car,No,No,High
ACC10515,37,27,73.3,97.5,3.93,4,10.0,7,0.45,29.0,13,Thursday,Clear,Dry,Highway,Intersection,Daylight,Signal,Rural,Car,No,No,High
ACC10516,33,14,48.2,5.0,7.06,2,9.2,4,0.35,32.1,15,Friday,Clear,Wet,Highway,Intersection,Daylight,Uncontrolled,Urban,Car,No,No,Low
ACC10517,39,19,59.3,50.1,7.67,3,10.1,9,0.07,23.6,23,Tuesday,Clear,Wet,Highway,Roundabout,Street Lights,Uncontrolled,Urban,Motorcycle,No,No,High
ACC10518,52,39,70.4,88.9,6.74,4,12.7,3,2.49,28.9,8,Sunday,Rain,Wet,Highway,Straight Road,Daylight,Uncontrolled,Suburban,Motorcycle,No,No,High
ACC10519,42,36,85.6,78.2,8.65,3,12.5,4,7.4,33.3,16,Sunday,Storm,Dry,Rural Road,Intersection,Daylight,Traffic Police,Urban,SUV,No,No,High
ACC10520,38,33,32.7,38.0,7.03,2,5.5,7,0.23,29.0,23,Tuesday,Clear,Wet,Rural Road,Crossroad,Daylight,Signal,Urban,Bus,No,No,Medium
ACC10521,37,22,80.2,67.1,7.06,4,7.8,7,1.39,25.7,12,Friday,Cloudy,Wet,Highway,T-Junction,Street Lights,Signal,Urban,SUV,No,No,High
ACC10522,24,18,56.9,86.9,7.78,3,11.6,3,0.2,20.6,17,Friday,Clear,Dry,Rural Road,T-Junction,Poor,Uncontrolled,Rural,SUV,No,No,High
ACC10523,34,14,55.0,58.8,5.78,3,6.7,7,20.3,25.7,5,Friday,Storm,Wet,Residential,Intersection,Poor,Uncontrolled,Rural,Bus,No,No,High
ACC10524,38,25,80.5,73.7,4.96,2,13.0,4,13.16,28.9,23,Thursday,Rain,Dry,Highway,Roundabout,,Stop Sign,Suburban,Car,No,No,High
ACC10525,45,26,48.3,88.5,12.0,5,8.8,1,10.37,19.5,9,Saturday,Rain,Dry,Highway,T-Junction,Daylight,Signal,Suburban,Car,No,No,Low
ACC10526,42,29,67.7,56.1,6.76,3,6.5,0,8.52,23.0,15,Sunday,,Dry,Rural Road,T-Junction,Daylight,Uncontrolled,Urban,Motorcycle,No,No,Medium
ACC10527,32,14,45.6,60.2,7.65,2,8.8,9,0.58,45.0,4,Saturday,Clear,Wet,Highway,T-Junction,Poor,Signal,Rural,Truck,No,No,High
ACC10528,50,28,54.3,82.6,10.88,3,7.0,13,0.05,17.0,14,Sunday,Clear,Dry,Urban Road,T-Junction,Street Lights,Signal,Rural,Car,Yes,No,High
ACC10529,18,0,84.6,75.2,8.76,4,7.9,7,0.07,26.3,9,Wednesday,Clear,Dry,Residential,Intersection,Street Lights,Stop Sign,Suburban,Bus,No,No,Low
ACC10530,41,36,65.7,90.7,6.17,3,9.1,2,0.41,29.8,10,Thursday,Fog,Dry,Urban Road,Straight Road,Street Lights,Signal,Suburban,SUV,Yes,No,High
ACC10531,24,6,81.1,80.5,3.42,3,7.1,7,19.81,32.3,4,Sunday,Rain,Dry,Rural Road,Straight Road,Street Lights,Stop Sign,Urban,Motorcycle,No,No,High
ACC10532,52,36,21.1,100.0,4.23,1,8.8,5,21.87,31.3,11,Thursday,Storm,Dry,Rural Road,Roundabout,Daylight,Traffic Police,Urban,Motorcycle,No,Yes,High
ACC10533,46,28,81.7,44.2,5.52,3,7.1,4,19.22,24.9,9,Tuesday,Storm,Wet,Residential,Crossroad,Daylight,Uncontrolled,Rural,Bus,No,No,High
ACC10534,19,13,39.6,66.1,6.79,3,7.7,8,1.01,32.2,23,Friday,Cloudy,Wet,Urban Road,Straight Road,Street Lights,Traffic Police,Suburban,Car,No,No,Low
ACC10535,24,18,46.7,54.7,9.45,5,6.1,13,4.67,26.8,22,Thursday,Rain,Dry,Highway,Crossroad,Poor,Uncontrolled,Suburban,Car,Yes,No,High
ACC10536,18,3,49.7,18.2,5.72,1,7.9,12,8.32,27.5,13,Thursday,Fog,Dry,Highway,Straight Road,Street Lights,Signal,Suburban,Bus,No,No,Medium
ACC10537,43,37,64.8,34.5,5.67,3,10.2,5,7.95,21.5,21,Friday,Rain,Dry,Urban Road,Straight Road,Daylight,Uncontrolled,Rural,Truck,No,No,Medium
ACC10538,40,19,65.1,84.6,10.75,4,9.1,6,0.44,33.0,9,Saturday,Clear,Damaged,Urban Road,Roundabout,Daylight,Traffic Police,Suburban,Motorcycle,No,No,High
ACC10539,45,25,69.0,74.0,12.0,1,11.3,9,2.49,30.8,3,Wednesday,Cloudy,Dry,Highway,T-Junction,Street Lights,Traffic Police,Urban,SUV,No,No,Low
ACC10540,18,11,64.8,81.4,9.17,4,8.5,6,0.11,27.1,7,Tuesday,Clear,Dry,Highway,Roundabout,Street Lights,Uncontrolled,Urban,Car,Yes,No,Medium
ACC10541,26,12,65.0,53.5,7.6,11,9.6,5,30.13,33.1,1,Monday,Storm,Dry,Urban Road,Straight Road,Street Lights,Signal,Rural,Truck,No,No,High
ACC10542,43,26,52.5,62.3,7.56,2,9.9,7,0.89,24.3,6,Saturday,Cloudy,Wet,Highway,T-Junction,Daylight,Signal,Suburban,Truck,No,No,Low
ACC10543,49,27,62.1,68.7,5.54,2,7.9,3,1.2,23.3,22,Thursday,Clear,Damaged,Rural Road,T-Junction,Poor,Signal,Rural,Car,No,No,High
ACC10544,31,6,65.9,51.4,10.43,5,4.6,9,17.87,17.7,6,Wednesday,,Wet,Rural Road,T-Junction,,Traffic Police,Rural,Car,No,No,High
ACC10545,38,33,32.5,67.7,8.13,4,6.1,4,3.47,21.5,23,Monday,Cloudy,Wet,Residential,Crossroad,Street Lights,Stop Sign,Suburban,SUV,No,No,Low
ACC10546,44,29,67.6,7.7,5.55,3,13.0,5,1.05,22.8,2,Sunday,Clear,Dry,Highway,Straight Road,Daylight,Uncontrolled,Urban,Car,No,No,Medium
ACC10547,52,31,62.0,59.6,6.48,2,10.0,5,0.31,19.4,17,Saturday,Clear,Dry,Residential,Intersection,Daylight,Stop Sign,Urban,Car,No,No,Medium
ACC10548,18,0,77.0,47.0,10.4,4,6.8,4,4.61,23.9,2,Sunday,Rain,Dry,Residential,Roundabout,Poor,Uncontrolled,Suburban,Motorcycle,No,No,High
ACC10549,33,17,85.1,70.6,5.95,1,12.9,3,0.64,25.9,22,Saturday,Cloudy,Dry,Urban Road,Crossroad,Daylight,Signal,Urban,Car,No,No,Medium
ACC10550,18,9,86.2,99.2,6.32,2,6.6,10,5.16,32.2,8,Friday,Rain,Dry,Urban Road,Roundabout,Daylight,Signal,Suburban,SUV,No,No,High
ACC10551,40,24,20.0,71.9,12.0,3,4.2,6,0.53,37.5,23,Monday,Cloudy,Dry,Highway,Intersection,Daylight,Signal,Suburban,Car,No,No,Low
ACC10552,19,6,42.4,73.5,5.91,3,9.2,2,4.8,26.6,13,Friday,Fog,Dry,Highway,T-Junction,Street Lights,Stop Sign,Urban,Truck,No,No,High
ACC10553,35,22,39.7,100.0,8.74,3,8.8,3,0.8,29.6,3,Sunday,Cloudy,Damaged,Highway,Intersection,Daylight,Signal,Suburban,Car,No,No,Medium
ACC10554,36,24,58.6,50.4,7.1,1,6.5,2,1.32,30.3,18,Saturday,Cloudy,Wet,Highway,Roundabout,Daylight,Uncontrolled,Urban,Bus,No,No,Medium
ACC10555,26,18,46.1,37.5,12.0,5,8.6,9,0.18,25.6,11,Saturday,Fog,Wet,Rural Road,Intersection,Poor,Signal,Urban,Motorcycle,Yes,No,High
ACC10556,46,26,75.6,25.6,11.03,5,7.4,4,0.22,27.3,16,Saturday,Clear,Wet,Highway,Straight Road,Street Lights,Uncontrolled,Urban,Car,Yes,No,Medium
ACC10557,38,19,45.9,94.4,8.72,5,8.8,7,0.11,26.3,8,Wednesday,Clear,Dry,Urban Road,Intersection,Daylight,Signal,Rural,SUV,No,No,Medium
ACC10558,36,20,61.7,85.7,5.77,2,7.9,3,0.23,30.7,4,Saturday,Clear,Wet,Residential,Straight Road,Daylight,Uncontrolled,Urban,Car,Yes,Yes,High
ACC10559,27,15,43.9,24.0,5.74,3,12.0,6,8.87,33.7,4,Monday,Rain,Dry,Urban Road,Intersection,Poor,Signal,Urban,Motorcycle,Yes,No,High
ACC10560,33,12,60.4,85.0,12.0,3,10.0,6,0.35,13.6,23,Tuesday,Cloudy,Wet,Residential,Straight Road,Daylight,Uncontrolled,Urban,SUV,No,No,Medium
ACC10561,25,17,20.0,70.4,4.48,5,12.0,7,33.57,42.9,0,Wednesday,Rain,Dry,Urban Road,Straight Road,Street Lights,Signal,Urban,Truck,No,No,High
ACC10562,32,18,46.1,25.1,9.31,6,9.4,6,0.08,29.2,1,Monday,Clear,Icy,Residential,Intersection,Daylight,Uncontrolled,Urban,Truck,No,No,Medium
ACC10563,35,17,26.4,68.7,9.29,6,5.3,8,0.79,15.7,19,Thursday,Clear,Dry,Urban Road,Crossroad,Poor,Traffic Police,Urban,Car,No,No,High
ACC10564,64,43,78.0,62.9,12.0,2,6.0,9,0.72,26.9,15,Monday,Clear,Dry,Urban Road,T-Junction,Street Lights,Signal,Rural,Car,No,No,Medium
ACC10565,34,16,60.0,58.3,4.18,3,14.1,10,0.4,28.2,3,Sunday,Clear,Damaged,Urban Road,T-Junction,Street Lights,Signal,Urban,Car,No,Yes,High
ACC10566,27,20,55.8,25.4,9.27,3,3.0,5,6.55,23.1,17,Monday,Cloudy,Dry,Rural Road,T-Junction,Daylight,Uncontrolled,Suburban,SUV,No,No,Low
ACC10567,21,14,50.9,100.0,9.39,4,8.4,10,0.7,29.7,10,Tuesday,Clear,Wet,Residential,Straight Road,,Stop Sign,Urban,SUV,No,No,High
ACC10568,42,36,54.7,30.3,9.23,3,3.8,6,0.95,19.3,2,Wednesday,Clear,Wet,Highway,T-Junction,Daylight,Signal,Rural,Car,No,Yes,Medium
ACC10569,23,7,77.1,35.8,8.72,2,9.8,4,18.25,20.6,6,Thursday,Fog,Wet,Residential,Straight Road,Poor,Stop Sign,Urban,Car,Yes,No,High
ACC10570,39,29,58.0,26.9,11.73,6,5.9,5,1.74,35.7,8,Saturday,Clear,Icy,Highway,Crossroad,Daylight,Signal,Rural,Car,No,No,Medium
ACC10571,50,42,50.9,90.5,8.09,5,8.7,5,4.77,19.6,16,Wednesday,Cloudy,Icy,Highway,Intersection,Street Lights,Signal,Suburban,Car,No,No,High
ACC10572,43,36,26.6,31.5,6.3,2,9.3,8,12.88,29.1,10,Wednesday,Rain,Dry,Rural Road,Intersection,Daylight,Signal,Suburban,Car,No,No,Low
ACC10573,25,7,48.1,49.3,4.2,4,10.5,6,0.24,27.6,14,Thursday,Clear,Wet,Urban Road,Straight Road,Street Lights,Uncontrolled,Rural,Truck,No,No,Low
ACC10574,38,18,55.9,69.3,7.57,4,8.4,11,9.01,24.1,13,Sunday,Cloudy,Wet,Highway,Straight Road,Daylight,Stop Sign,Urban,SUV,No,No,High
ACC10575,49,27,64.7,7.2,6.75,3,5.7,9,1.42,22.3,6,Thursday,Fog,Wet,Residential,Crossroad,Daylight,Stop Sign,Suburban,Truck,No,No,High
ACC10576,39,22,67.5,36.0,10.32,5,10.7,7,7.55,29.7,19,Tuesday,Fog,Dry,Residential,T-Junction,Daylight,Uncontrolled,Urban,Truck,No,No,High
ACC10577,33,21,70.8,39.9,4.61,3,11.6,9,0.35,33.8,7,Sunday,Clear,Wet,Residential,Crossroad,Daylight,Signal,Suburban,Bus,No,Yes,High
ACC10578,45,31,55.5,84.3,12.0,2,10.0,6,2.37,39.8,13,Friday,Fog,Icy,Residential,Intersection,Daylight,Uncontrolled,Rural,Truck,No,No,High
ACC10579,41,23,41.7,54.1,8.01,2,10.1,2,1.77,31.7,16,Tuesday,Cloudy,Damaged,Urban Road,Intersection,Daylight,Uncontrolled,Rural,Motorcycle,No,No,Medium
ACC10580,36,17,54.7,47.6,10.64,1,9.9,7,0.77,31.2,3,Sunday,Clear,Dry,Rural Road,T-Junction,Poor,Signal,Urban,Car,No,No,Medium
ACC10581,42,24,41.0,83.7,10.41,5,9.2,5,0.81,34.1,10,Sunday,Cloudy,Dry,Highway,Intersection,Daylight,Signal,Urban,Car,Yes,No,Medium
ACC10582,38,14,25.5,46.4,5.59,5,7.9,9,38.9,12.1,19,Saturday,Storm,Dry,Residential,Straight Road,Street Lights,Traffic Police,Urban,Truck,No,No,Medium
ACC10583,30,10,65.5,89.6,7.83,3,10.3,6,1.42,25.9,23,Thursday,Cloudy,Wet,Highway,Intersection,Daylight,Traffic Police,Urban,SUV,No,No,High
ACC10584,37,17,23.2,100.0,11.22,5,11.8,8,0.21,26.6,4,Monday,Clear,Wet,Highway,Roundabout,Street Lights,Signal,Urban,Motorcycle,Yes,No,High
ACC10585,32,11,38.3,88.6,9.95,4,6.8,5,0.72,29.0,20,Monday,Cloudy,Dry,Highway,T-Junction,Daylight,Signal,Urban,SUV,Yes,No,High
ACC10586,48,34,57.0,100.0,8.75,1,10.3,6,0.59,21.3,18,Wednesday,Clear,Dry,Urban Road,T-Junction,Poor,Signal,Rural,Car,No,No,High
ACC10587,32,22,87.7,73.2,9.32,4,9.1,4,0.34,31.5,1,Wednesday,Clear,Dry,Urban Road,T-Junction,Street Lights,Signal,Suburban,Bus,No,No,High
ACC10588,32,11,45.6,64.9,6.47,2,3.0,5,0.19,16.4,16,Friday,Clear,Dry,Residential,Roundabout,Daylight,Signal,Suburban,SUV,No,No,Medium
ACC10589,44,30,20.6,57.7,3.81,2,8.0,4,1.64,27.9,6,Sunday,Clear,Damaged,Rural Road,Crossroad,Street Lights,Stop Sign,Urban,Truck,No,No,High
ACC10590,32,15,55.2,83.6,11.56,3,6.6,6,0.53,20.7,1,Friday,Clear,Wet,Urban Road,Straight Road,Daylight,Uncontrolled,Suburban,SUV,No,No,Medium
ACC10591,36,22,56.2,27.6,6.42,2,9.7,4,0.15,27.4,9,Friday,Clear,Dry,Rural Road,T-Junction,Street Lights,Signal,Rural,Motorcycle,No,No,Medium
ACC10592,31,18,40.7,84.4,5.16,2,7.8,4,3.81,24.5,0,Friday,Cloudy,Dry,Highway,Intersection,Daylight,Uncontrolled,Suburban,Car,No,No,Medium
ACC10593,26,8,53.5,48.8,12.0,4,5.8,10,1.44,19.8,18,Monday,Clear,Dry,Highway,Straight Road,Daylight,Signal,Urban,Car,No,No,Medium
ACC10594,32,14,44.0,74.0,8.63,7,9.1,5,0.21,22.0,18,Sunday,Clear,Icy,Urban Road,Intersection,Daylight,Signal,Urban,Motorcycle,No,No,High
ACC10595,28,17,64.2,62.8,2.94,2,7.2,6,11.93,35.3,23,Thursday,,Dry,Residential,Straight Road,Street Lights,Stop Sign,Rural,SUV,Yes,No,Medium
ACC10596,65,55,44.6,75.4,4.99,2,8.5,8,3.43,30.9,13,Saturday,Cloudy,Dry,Rural Road,Straight Road,Daylight,Signal,Urban,Car,No,No,High
ACC10597,32,24,44.7,77.5,8.38,4,10.5,5,1.3,30.8,1,Saturday,Rain,Dry,Highway,Intersection,Street Lights,Signal,Suburban,Truck,No,No,Medium
ACC10598,30,23,72.1,65.3,6.55,6,8.2,5,0.48,28.8,8,Friday,Clear,Wet,Highway,Intersection,,Uncontrolled,Urban,Bus,No,Yes,High
ACC10599,45,24,54.1,63.9,9.01,4,5.2,12,0.03,26.0,14,Sunday,Clear,Wet,Urban Road,Straight Road,Daylight,Signal,Urban,Car,No,No,High
ACC10600,44,33,47.2,47.1,7.27,5,8.7,5,3.06,23.9,22,Tuesday,,Wet,Highway,T-Junction,Street Lights,Uncontrolled,Rural,Car,No,No,Low
ACC10601,25,6,85.2,59.5,6.95,6,6.8,5,0.25,27.3,5,Saturday,Clear,Dry,Urban Road,Intersection,Street Lights,Signal,Urban,Car,No,No,High
ACC10602,38,27,64.1,39.6,9.02,4,7.3,4,1.09,31.0,17,Friday,Clear,Dry,Urban Road,Roundabout,Poor,Signal,Urban,Car,No,No,High
ACC10603,32,14,27.3,30.6,4.68,3,8.8,8,0.97,33.1,3,Monday,Clear,Dry,Rural Road,Roundabout,Street Lights,Stop Sign,Urban,Car,Yes,No,Medium
ACC10604,38,13,35.8,19.5,4.49,4,8.0,5,0.6,17.8,4,Wednesday,Clear,Wet,Residential,Straight Road,Street Lights,Uncontrolled,Rural,Car,Yes,No,Medium
ACC10605,32,26,56.1,76.5,9.87,6,10.6,7,0.48,25.9,1,Tuesday,Clear,Dry,Highway,Crossroad,Street Lights,Signal,Urban,Car,No,No,Medium
ACC10606,18,0,73.8,33.4,8.3,3,10.2,6,2.29,24.4,22,Friday,Cloudy,Dry,Urban Road,Straight Road,Daylight,Stop Sign,Rural,Truck,No,No,Low
ACC10607,41,30,20.0,72.0,11.21,2,10.9,3,0.58,27.2,19,Monday,Clear,Damaged,Highway,Straight Road,Daylight,Traffic Police,Urban,Truck,Yes,No,Low
ACC10608,40,33,35.2,60.2,5.09,3,3.8,5,0.14,27.5,8,Wednesday,Clear,Damaged,Residential,T-Junction,Daylight,Uncontrolled,Rural,Truck,No,No,Medium
ACC10609,21,14,82.5,29.3,8.22,3,7.5,8,1.13,25.2,5,Friday,Cloudy,Dry,Rural Road,T-Junction,Daylight,Signal,Rural,Motorcycle,Yes,No,High
ACC10610,46,34,43.3,18.7,5.51,6,3.0,7,45.68,31.6,22,Monday,Rain,Dry,Residential,Crossroad,Daylight,Uncontrolled,Urban,SUV,No,Yes,High
ACC10611,46,30,43.4,67.0,7.96,2,5.4,10,0.68,29.5,20,Monday,Clear,Dry,Highway,Crossroad,Poor,Stop Sign,Urban,SUV,No,No,High
ACC10612,48,30,31.8,31.1,11.39,6,9.2,10,10.28,22.1,15,Thursday,,Wet,Rural Road,Crossroad,Daylight,Uncontrolled,Urban,SUV,No,No,Medium
ACC10613,18,2,67.8,64.4,9.79,5,7.4,3,9.16,34.6,20,Monday,Cloudy,Wet,Urban Road,Crossroad,Street Lights,Stop Sign,Suburban,Car,No,Yes,High
ACC10614,44,21,27.7,71.1,6.48,3,10.1,9,0.92,27.2,6,Friday,Clear,Dry,Urban Road,Crossroad,Street Lights,Signal,Urban,SUV,Yes,No,Medium
ACC10615,26,18,56.0,32.0,8.19,2,9.2,7,0.48,35.9,8,Sunday,Fog,Dry,Highway,Straight Road,Daylight,Stop Sign,Urban,Bus,No,No,Medium
ACC10616,22,0,66.2,25.0,7.45,2,4.2,5,10.9,22.8,7,Monday,Fog,Wet,Highway,Straight Road,Daylight,Stop Sign,Urban,Car,Yes,No,High
ACC10617,29,13,59.3,53.5,5.89,1,8.7,3,0.16,29.8,7,Tuesday,Clear,Damaged,Residential,Roundabout,Daylight,Stop Sign,Urban,Car,No,No,High
ACC10618,32,10,61.8,50.7,6.4,6,10.2,8,0.49,30.3,0,Monday,Clear,Dry,Residential,Roundabout,Street Lights,Uncontrolled,Urban,Truck,No,No,Medium
ACC10619,29,15,47.0,40.7,6.01,4,8.1,4,27.65,23.5,15,Monday,Rain,Dry,Urban Road,Intersection,Poor,Uncontrolled,Rural,Car,No,No,Low
ACC10620,48,33,77.5,9.2,10.46,1,11.8,7,1.61,22.6,11,Saturday,Rain,Dry,Urban Road,Straight Road,Daylight,Stop Sign,Rural,Car,Yes,No,Low
ACC10621,24,11,65.2,82.2,7.41,6,3.6,6,0.45,25.2,22,Tuesday,Clear,Dry,Highway,Crossroad,Poor,Stop Sign,Urban,Motorcycle,Yes,No,High
ACC10622,46,39,32.1,55.8,7.36,3,7.4,7,1.02,30.4,0,Friday,Clear,Damaged,Urban Road,Intersection,,Stop Sign,Suburban,Truck,No,No,Medium
ACC10623,30,22,48.6,71.7,6.83,3,7.0,5,0.26,15.4,6,Wednesday,Clear,Wet,Highway,T-Junction,Street Lights,Stop Sign,Suburban,SUV,No,Yes,High
ACC10624,36,21,92.3,56.5,12.0,1,8.4,2,5.69,26.4,12,Thursday,Cloudy,Wet,Residential,Straight Road,Street Lights,Traffic Police,Suburban,Motorcycle,Yes,No,High
ACC10625,32,16,64.6,79.3,4.41,3,9.5,7,1.68,41.3,8,Saturday,Cloudy,Dry,Residential,Roundabout,Daylight,Stop Sign,Urban,Truck,No,No,High
ACC10626,26,12,70.6,51.9,6.49,2,10.4,7,0.29,16.8,17,Wednesday,Clear,Wet,Rural Road,Straight Road,Daylight,Signal,Urban,Car,Yes,Yes,High
ACC10627,26,21,36.5,50.1,7.85,5,7.2,5,3.22,23.2,18,Friday,Cloudy,Dry,Rural Road,Straight Road,Daylight,Stop Sign,Suburban,Truck,No,No,Medium
ACC10628,21,6,76.1,,7.65,3,7.2,4,8.81,35.0,4,Friday,Rain,Dry,Highway,Straight Road,Daylight,Stop Sign,Suburban,Motorcycle,No,Yes,High
ACC10629,20,12,20.2,64.3,9.88,3,8.6,5,1.56,20.6,18,Saturday,Clear,Dry,Urban Road,Straight Road,Street Lights,Stop Sign,Urban,SUV,Yes,No,Low
ACC10630,33,17,63.6,49.1,12.0,6,8.3,9,0.64,30.5,22,Tuesday,Clear,Dry,Highway,T-Junction,Daylight,Stop Sign,Urban,Car,No,Yes,High
ACC10631,50,39,52.3,45.7,,6,9.0,8,3.49,31.4,15,Wednesday,Rain,Wet,Highway,Roundabout,Street Lights,Signal,Urban,Motorcycle,No,Yes,High
ACC10632,23,0,52.9,17.2,5.14,3,10.3,6,2.98,22.1,19,Monday,Fog,Dry,Rural Road,Straight Road,Daylight,Signal,Urban,Motorcycle,No,No,Medium
ACC10633,37,25,76.5,47.9,8.0,2,7.8,3,1.55,31.0,15,Tuesday,Cloudy,Dry,Urban Road,T-Junction,Street Lights,Signal,Urban,Bus,No,No,Low
ACC10634,33,12,37.8,67.6,9.05,9,6.2,6,3.22,18.8,18,Tuesday,Cloudy,Dry,Highway,Intersection,Street Lights,Signal,Urban,SUV,No,Yes,Medium
ACC10635,49,39,62.3,54.8,5.12,6,7.9,3,0.42,32.2,0,Thursday,Clear,Dry,Highway,Straight Road,Street Lights,Signal,Urban,Car,No,No,High
ACC10636,40,31,62.7,71.6,8.7,4,6.2,9,0.29,28.7,2,Tuesday,Clear,Dry,Residential,T-Junction,Daylight,Uncontrolled,Rural,Motorcycle,No,Yes,Medium
ACC10637,28,19,62.5,33.1,6.21,1,12.5,6,3.14,31.8,16,Wednesday,Cloudy,Dry,Highway,Crossroad,Daylight,Signal,Urban,Truck,No,No,Low
ACC10638,22,10,83.5,44.4,9.15,2,7.9,4,0.21,21.5,17,Friday,Clear,Wet,Rural Road,Intersection,Street Lights,Traffic Police,Suburban,SUV,Yes,No,Medium
ACC10639,18,0,57.3,67.2,8.02,3,7.3,8,0.06,30.8,17,Saturday,Clear,Dry,Rural Road,Roundabout,Daylight,Signal,Suburban,Motorcycle,No,No,Medium
ACC10640,27,7,66.1,57.4,8.88,5,7.5,7,0.75,14.3,18,Thursday,Clear,Dry,Urban Road,Straight Road,Daylight,Signal,Urban,Car,No,No,Medium
ACC10641,59,45,76.6,5.0,9.33,6,10.6,4,0.04,35.2,9,Saturday,Clear,Dry,Highway,Straight Road,Daylight,Stop Sign,Urban,Car,No,No,Medium
ACC10642,29,20,44.4,44.4,9.64,2,10.8,5,0.88,21.6,16,Saturday,Clear,Wet,Residential,T-Junction,Street Lights,Signal,Rural,Motorcycle,No,No,Low
ACC10643,18,12,55.2,31.8,4.27,2,9.0,3,0.21,33.6,13,Monday,Clear,Dry,Highway,Roundabout,Street Lights,Traffic Police,Urban,Motorcycle,Yes,No,High
ACC10644,18,1,35.1,54.1,8.5,4,7.9,9,0.25,33.1,2,Sunday,Clear,Dry,Residential,Crossroad,Street Lights,Signal,Rural,Car,No,No,Low
ACC10645,52,33,68.1,5.0,10.49,3,7.6,8,0.14,23.4,2,Wednesday,Clear,Dry,Urban Road,Intersection,Daylight,Signal,Rural,Car,No,Yes,Low
ACC10646,30,13,59.9,62.9,9.0,5,3.9,4,0.9,20.6,0,Monday,Fog,Dry,Urban Road,Roundabout,Daylight,Traffic Police,Suburban,Truck,Yes,No,High
ACC10647,39,24,71.2,73.9,,5,10.5,7,1.32,24.3,19,Sunday,,Dry,Residential,Straight Road,Poor,Signal,Suburban,SUV,Yes,No,High
ACC10648,38,14,56.6,43.2,7.97,2,12.0,4,10.94,31.2,22,Sunday,Rain,Wet,Rural Road,T-Junction,Daylight,Signal,Suburban,SUV,No,No,Medium
ACC10649,28,23,48.2,51.4,7.72,4,6.8,2,8.73,33.0,7,Tuesday,,Wet,Residential,Crossroad,Daylight,Signal,Urban,Truck,Yes,No,Medium
ACC10650,30,5,64.5,40.8,7.79,4,9.2,10,4.52,36.9,2,Wednesday,Cloudy,Dry,Rural Road,T-Junction,Street Lights,Stop Sign,Rural,Bus,No,No,Low
ACC10651,25,14,83.9,96.0,7.35,2,10.4,5,0.11,33.8,3,Saturday,Clear,Wet,Residential,Intersection,Daylight,Signal,Urban,Car,Yes,No,High
ACC10652,18,5,68.5,89.8,7.52,1,7.2,3,8.8,28.9,22,Sunday,Cloudy,Wet,Rural Road,Roundabout,Daylight,Stop Sign,Urban,Truck,Yes,Yes,High
ACC10653,46,26,32.3,85.6,9.43,3,8.2,6,0.7,19.6,23,Thursday,Cloudy,Dry,Rural Road,T-Junction,Daylight,Uncontrolled,Urban,Car,No,No,Low
ACC10654,44,34,61.4,100.0,3.97,3,10.1,5,12.13,32.9,21,Saturday,,Dry,Highway,T-Junction,Daylight,Uncontrolled,Suburban,Truck,Yes,No,High
ACC10655,35,16,96.3,89.4,6.78,4,9.5,9,0.25,25.0,9,Thursday,Clear,Dry,Highway,Straight Road,Daylight,Signal,Urban,SUV,No,No,High
ACC10656,36,24,46.1,45.3,6.01,1,9.9,9,0.2,22.1,13,Monday,Clear,Dry,Residential,T-Junction,Poor,Signal,Rural,SUV,No,No,Low
ACC10657,46,22,49.2,60.6,9.94,6,5.3,3,0.55,28.2,10,Friday,Clear,,Highway,Crossroad,Daylight,Signal,Urban,Motorcycle,No,No,Medium
ACC10658,18,10,22.8,71.2,7.22,3,8.8,5,0.73,24.9,10,Sunday,Clear,Damaged,Highway,Roundabout,Daylight,Stop Sign,Rural,Bus,No,No,Medium
ACC10659,41,17,56.4,65.7,6.86,4,7.0,5,4.06,23.0,11,Saturday,Cloudy,Damaged,Highway,Intersection,Street Lights,Signal,Urban,SUV,Yes,No,High
ACC10660,46,25,49.8,23.1,7.16,3,7.4,6,1.91,37.1,18,Thursday,Cloudy,Wet,Highway,T-Junction,Poor,Uncontrolled,Urban,Car,Yes,No,Medium
ACC10661,56,48,66.6,74.2,6.67,1,10.0,8,0.47,27.1,23,Monday,Clear,,Highway,Crossroad,Daylight,Uncontrolled,Urban,Bus,No,No,Medium
ACC10662,45,32,58.2,70.5,11.2,4,5.2,4,30.56,31.0,20,Friday,Storm,Dry,Urban Road,Intersection,Street Lights,Signal,Urban,Car,No,Yes,Medium
ACC10663,53,46,61.4,72.0,7.69,2,10.3,7,6.86,24.1,18,Wednesday,Cloudy,Wet,Residential,Crossroad,Street Lights,Stop Sign,Urban,SUV,No,Yes,High
ACC10664,33,16,68.0,65.8,10.1,1,7.3,5,1.15,34.8,18,Thursday,Clear,Dry,Highway,T-Junction,Daylight,Signal,Rural,Car,No,No,Low
ACC10665,35,11,25.3,57.7,7.22,1,11.3,1,2.49,25.5,2,Thursday,Clear,Wet,Highway,T-Junction,Daylight,Signal,Urban,Car,No,No,Medium
ACC10666,26,19,78.6,73.2,11.5,4,8.1,4,0.89,18.3,4,Saturday,Clear,Wet,Urban Road,Roundabout,Daylight,Signal,Suburban,Truck,No,No,High
ACC10667,28,18,65.5,9.3,10.85,2,13.2,6,1.61,27.1,10,Saturday,Clear,Wet,Urban Road,Straight Road,Street Lights,Signal,Urban,Car,No,No,Low
ACC10668,45,25,75.5,70.3,7.86,3,4.2,8,0.48,30.9,10,Monday,Clear,Wet,Urban Road,Crossroad,Daylight,Stop Sign,Urban,Car,No,No,High
ACC10669,40,26,65.5,82.7,9.6,4,4.2,4,0.13,24.7,10,Thursday,Clear,Dry,Rural Road,Straight Road,Daylight,Stop Sign,Urban,Motorcycle,Yes,No,High
ACC10670,41,29,65.0,99.0,8.55,2,11.2,5,1.13,32.0,6,Sunday,Clear,Wet,Urban Road,Straight Road,Street Lights,Signal,Urban,Bus,No,No,Medium
ACC10671,18,1,54.7,71.3,7.94,3,11.1,8,0.22,32.9,18,Monday,Clear,Damaged,Residential,Intersection,Daylight,Traffic Police,Rural,Car,No,Yes,Medium
ACC10672,40,29,49.2,36.0,7.25,3,5.3,7,0.84,27.5,5,Thursday,Fog,Dry,Urban Road,Intersection,Poor,Signal,Suburban,Bus,No,No,Medium
ACC10673,50,38,73.7,45.7,8.13,5,6.7,3,1.47,32.5,14,Monday,Clear,Wet,Urban Road,Crossroad,,Signal,Urban,Bus,Yes,No,High
ACC10674,40,19,65.8,69.7,8.0,5,7.8,6,4.39,24.8,22,Sunday,Cloudy,Dry,Urban Road,Straight Road,Daylight,Signal,Suburban,Motorcycle,No,Yes,High
ACC10675,24,11,51.8,68.4,6.18,4,9.1,5,0.44,21.6,20,Sunday,Clear,Damaged,Urban Road,Roundabout,Poor,Stop Sign,Urban,Truck,No,No,High
ACC10676,35,16,82.0,33.0,8.96,3,10.8,6,18.86,19.8,21,Thursday,Storm,Dry,Rural Road,Straight Road,Daylight,Traffic Police,Suburban,Car,No,No,Medium
ACC10677,51,43,54.6,61.6,5.06,2,8.3,6,1.4,30.7,8,Wednesday,Clear,Dry,Residential,Intersection,Daylight,Stop Sign,Rural,Car,No,No,Medium
ACC10678,38,25,65.3,53.6,8.47,3,11.3,2,0.64,18.8,11,Saturday,Clear,Dry,Highway,Straight Road,Daylight,Traffic Police,Rural,Car,No,No,Medium
ACC10679,49,33,37.3,51.1,5.93,5,9.9,6,18.54,30.0,17,Wednesday,Storm,Wet,Urban Road,T-Junction,Street Lights,Signal,Urban,Car,No,No,High
ACC10680,56,46,49.9,60.1,11.42,2,9.0,5,5.88,37.2,14,Sunday,Fog,Dry,Urban Road,T-Junction,Street Lights,Signal,Urban,Car,No,No,Medium
ACC10681,33,20,38.1,59.4,9.85,2,6.8,5,29.24,25.8,13,Monday,Rain,Dry,Highway,Roundabout,Daylight,Stop Sign,Urban,Car,No,Yes,Medium
ACC10682,23,3,38.2,95.6,8.76,2,11.3,8,1.25,32.5,12,Sunday,Clear,Dry,Residential,Crossroad,Daylight,Uncontrolled,Rural,Truck,No,No,Medium
ACC10683,30,22,54.5,10.6,9.53,3,5.9,5,0.66,17.3,19,Wednesday,Clear,Damaged,Urban Road,Straight Road,Daylight,Signal,Rural,Motorcycle,No,No,Low
ACC10684,56,41,48.4,57.0,9.5,6,6.5,7,28.95,27.9,4,Monday,Rain,Dry,Rural Road,T-Junction,Poor,Uncontrolled,Urban,SUV,No,Yes,High
ACC10685,44,34,75.3,58.1,9.65,4,10.3,7,0.05,38.6,0,Saturday,Fog,,Highway,Crossroad,Poor,Signal,Suburban,Car,No,No,High
ACC10686,38,25,46.5,14.1,4.02,2,8.4,5,1.42,25.0,13,Sunday,Cloudy,Wet,Urban Road,T-Junction,Street Lights,Signal,Rural,Car,Yes,No,Medium
ACC10687,47,34,66.7,74.9,6.6,3,10.9,9,0.76,31.9,17,Monday,Cloudy,Dry,Highway,Crossroad,Street Lights,Stop Sign,Urban,Motorcycle,Yes,No,High
ACC10688,30,12,44.7,78.4,6.43,4,7.3,4,0.09,28.1,3,Saturday,Clear,Damaged,Urban Road,Crossroad,Street Lights,Stop Sign,Rural,Car,No,No,High
ACC10689,32,12,57.8,20.1,6.19,2,12.2,10,13.45,16.1,11,Tuesday,Rain,,Rural Road,T-Junction,Daylight,Signal,Urban,Bus,No,No,Medium
ACC10690,27,12,38.2,77.0,12.0,2,7.4,10,0.63,33.3,18,Wednesday,Clear,Wet,Urban Road,Intersection,Daylight,Signal,Urban,Motorcycle,No,No,Low
ACC10691,59,51,70.0,37.5,7.92,4,8.3,8,0.82,27.3,20,Tuesday,Clear,Dry,Rural Road,Crossroad,Street Lights,Stop Sign,Urban,Motorcycle,No,No,Medium
ACC10692,37,15,84.6,66.7,10.51,3,11.2,9,1.23,34.1,18,Sunday,Clear,Dry,Urban Road,Straight Road,Daylight,Uncontrolled,Urban,Car,No,No,Medium
ACC10693,34,25,37.1,,7.65,2,8.0,4,1.09,29.1,14,Saturday,Cloudy,Wet,Residential,T-Junction,Daylight,Uncontrolled,Rural,Car,No,No,Medium
ACC10694,37,20,68.4,63.8,6.24,1,8.8,6,2.37,28.3,7,Saturday,Clear,Dry,Urban Road,Intersection,Poor,Uncontrolled,Urban,Motorcycle,No,No,High
ACC10695,34,18,86.7,6.9,8.13,3,6.2,8,0.72,14.4,3,Tuesday,Clear,Wet,Residential,T-Junction,Street Lights,Signal,Urban,Car,No,No,Low
ACC10696,26,15,43.2,17.7,7.0,2,5.9,8,0.88,37.5,16,Sunday,Cloudy,Dry,Rural Road,Roundabout,Daylight,Traffic Police,Urban,Car,No,No,Low
ACC10697,47,23,84.3,63.2,11.19,6,13.3,11,0.48,27.5,11,Saturday,,Dry,Residential,Straight Road,Street Lights,Uncontrolled,Suburban,Motorcycle,No,No,Low
ACC10698,18,0,58.6,70.7,3.95,4,7.7,5,5.24,26.1,11,Thursday,Cloudy,Dry,Highway,Roundabout,Poor,Signal,Suburban,Car,No,Yes,High
ACC10699,37,23,55.9,35.8,,3,11.2,4,0.03,34.8,13,Monday,Clear,Icy,Rural Road,Crossroad,Daylight,Signal,Suburban,Bus,No,No,Medium
ACC10700,42,28,52.7,90.9,8.19,3,8.3,6,6.87,33.3,17,Friday,Cloudy,Dry,Highway,Crossroad,Daylight,Signal,Urban,Car,No,Yes,High
ACC10701,18,11,53.0,42.7,7.63,1,7.2,5,5.03,16.8,21,Tuesday,Cloudy,Dry,Urban Road,Roundabout,Daylight,Stop Sign,Suburban,Car,No,No,Low
ACC10702,40,19,36.1,49.7,7.69,4,7.6,0,0.12,35.1,9,Thursday,Clear,Dry,Highway,Roundabout,Daylight,Uncontrolled,Rural,Car,Yes,No,Medium
ACC10703,30,23,47.5,54.1,8.99,5,5.6,3,0.47,29.7,8,Wednesday,Clear,Dry,Urban Road,Crossroad,Street Lights,Uncontrolled,Urban,Car,No,No,Medium
ACC10704,18,9,96.5,63.8,7.68,2,7.0,7,0.94,31.8,20,Friday,Clear,Dry,Residential,Intersection,Daylight,Uncontrolled,Suburban,Car,No,Yes,High
ACC10705,37,29,32.3,55.6,10.4,2,11.7,7,0.04,34.7,19,Saturday,Clear,Damaged,Urban Road,Straight Road,Daylight,Signal,Rural,Car,No,No,Low
ACC10706,45,39,61.2,50.7,3.53,3,12.7,7,30.83,24.1,21,Monday,Storm,Dry,Highway,T-Junction,Daylight,Stop Sign,Suburban,Car,No,No,High
ACC10707,69,47,56.5,55.6,6.67,4,10.3,6,0.25,26.7,19,Thursday,,Damaged,Highway,Roundabout,,Signal,Suburban,Car,No,No,Low
ACC10708,31,8,55.3,63.5,5.87,2,10.0,6,14.13,28.6,14,Friday,Rain,Dry,Highway,Straight Road,Daylight,Signal,Suburban,Bus,No,No,Medium
ACC10709,40,22,43.6,63.8,4.35,2,7.6,5,0.32,36.2,3,Monday,Clear,Wet,Rural Road,T-Junction,Street Lights,Uncontrolled,Urban,Bus,No,No,High
ACC10710,45,22,26.8,64.7,8.59,5,6.5,2,34.19,21.2,13,Monday,Rain,Damaged,Urban Road,T-Junction,Daylight,Signal,Suburban,Car,Yes,No,High
ACC10711,37,18,63.0,57.9,11.55,3,9.0,6,37.49,26.7,3,Friday,Rain,Dry,Highway,Roundabout,Street Lights,Uncontrolled,Rural,Car,No,No,Medium
ACC10712,43,24,46.3,74.5,9.02,4,7.3,8,3.26,14.0,3,Thursday,Cloudy,Damaged,Urban Road,Intersection,Street Lights,Stop Sign,Urban,Truck,No,No,Medium
ACC10713,30,7,59.5,62.0,7.13,2,8.8,8,2.09,26.0,23,Saturday,Cloudy,Dry,Residential,Intersection,Daylight,Uncontrolled,Rural,Bus,Yes,No,High
ACC10714,33,26,44.6,64.9,10.01,5,9.4,4,0.77,30.7,7,Friday,Clear,Damaged,Rural Road,Straight Road,Street Lights,Signal,Suburban,SUV,No,No,Medium
ACC10715,21,15,67.2,67.5,9.31,2,6.7,7,1.93,22.8,1,Tuesday,Clear,Wet,Residential,Straight Road,Street Lights,Uncontrolled,Urban,Car,No,No,Medium
ACC10716,31,25,56.9,73.0,5.68,2,10.0,3,3.1,18.2,0,Monday,Fog,Dry,Urban Road,Crossroad,Daylight,Traffic Police,Suburban,Motorcycle,No,No,Medium
ACC10717,18,5,61.3,,6.47,4,4.6,4,13.16,29.8,18,Wednesday,Rain,Dry,Urban Road,Intersection,Daylight,Uncontrolled,Urban,Truck,No,No,High
ACC10718,18,0,67.1,56.2,12.0,3,10.4,8,30.6,28.6,12,Saturday,Storm,Dry,Urban Road,Straight Road,Street Lights,Uncontrolled,Rural,Bus,No,No,Medium
ACC10719,45,23,58.1,71.1,11.27,4,8.4,7,0.1,34.2,15,Sunday,Clear,Dry,Urban Road,Crossroad,Poor,Uncontrolled,Urban,Car,Yes,No,High
ACC10720,21,0,43.8,85.8,9.02,1,6.3,9,13.38,27.0,15,Sunday,Rain,Dry,Urban Road,T-Junction,Daylight,Signal,Rural,Truck,Yes,No,High
ACC10721,45,32,73.4,36.1,10.2,2,6.9,5,2.47,37.0,4,Friday,Fog,Dry,Rural Road,Straight Road,Daylight,Uncontrolled,Urban,Car,Yes,No,Medium
ACC10722,33,12,91.4,57.1,10.96,1,8.2,6,0.14,36.8,7,Friday,Clear,Dry,Urban Road,Crossroad,Daylight,Uncontrolled,Suburban,Car,Yes,No,High
ACC10723,33,24,64.7,50.0,11.12,2,9.9,8,0.62,26.6,11,Monday,Clear,Wet,Highway,Intersection,Daylight,Stop Sign,Rural,Motorcycle,No,No,Medium
ACC10724,27,10,20.0,88.3,10.25,2,8.7,6,40.33,27.8,4,Monday,Rain,Dry,Residential,T-Junction,Street Lights,Uncontrolled,Urban,Car,No,No,Medium
ACC10725,35,15,42.7,28.0,6.11,5,10.3,4,0.46,23.6,9,Friday,Cloudy,Dry,Rural Road,Straight Road,Daylight,Signal,Suburban,Truck,Yes,No,Medium
ACC10726,52,45,54.2,42.3,8.49,2,7.0,7,10.58,29.7,12,Sunday,Rain,Wet,Highway,Intersection,Daylight,Signal,Urban,Truck,No,No,Medium
ACC10727,27,5,51.0,88.4,10.33,4,8.2,8,2.71,27.8,4,Wednesday,Clear,Dry,Highway,T-Junction,Daylight,Stop Sign,Rural,Bus,Yes,No,High
ACC10728,31,11,29.8,61.8,8.5,3,9.7,4,24.42,32.3,0,Monday,Rain,Dry,Highway,Roundabout,Daylight,Signal,Suburban,Car,No,No,Medium
ACC10729,44,28,44.3,68.6,7.75,5,10.9,3,0.55,25.4,8,Monday,Clear,Dry,Urban Road,Intersection,Daylight,Signal,Rural,Car,No,No,Low
ACC10730,22,16,57.4,52.7,6.86,3,6.1,1,0.56,26.4,12,Tuesday,Clear,Damaged,Highway,Roundabout,Daylight,Signal,Rural,Car,No,No,High
ACC10731,21,2,61.7,67.3,4.38,1,3.4,7,0.56,28.2,10,Thursday,Clear,Wet,Highway,Straight Road,Daylight,Signal,Urban,Motorcycle,No,No,High
ACC10732,34,20,57.6,56.0,6.42,3,7.4,5,3.93,27.0,4,Tuesday,Rain,Dry,Residential,Crossroad,Street Lights,Uncontrolled,Urban,Truck,No,No,High
ACC10733,48,28,42.1,31.9,4.94,4,6.9,7,31.98,24.2,18,Wednesday,Rain,Wet,Rural Road,Straight Road,Poor,Stop Sign,Suburban,Car,No,No,High
ACC10734,34,28,35.7,92.7,8.69,3,10.2,9,2.7,25.0,7,Sunday,Cloudy,Dry,Highway,Intersection,Daylight,Signal,Urban,Motorcycle,No,No,Medium
ACC10735,32,16,48.9,59.1,6.63,2,6.5,5,1.13,28.6,8,Thursday,,Wet,Highway,Roundabout,Daylight,Stop Sign,Urban,Motorcycle,No,No,Medium
ACC10736,35,21,49.0,63.7,7.96,1,11.9,5,1.06,24.5,6,Sunday,Fog,Wet,Urban Road,Roundabout,Daylight,Signal,Urban,Car,No,No,Medium
ACC10737,34,20,65.8,51.4,8.61,3,9.0,2,0.01,26.7,2,Friday,Clear,Wet,Rural Road,T-Junction,Daylight,Stop Sign,Suburban,Truck,No,No,Medium
ACC10738,28,13,36.2,94.8,8.77,4,8.2,7,8.16,25.4,8,Sunday,Rain,Dry,Highway,Straight Road,Daylight,Signal,Urban,Motorcycle,No,No,High
ACC10739,45,38,60.8,71.7,6.77,4,7.1,3,0.48,33.4,21,Wednesday,Clear,Dry,Urban Road,Straight Road,Daylight,Traffic Police,Rural,Bus,No,No,Medium
ACC10740,37,13,56.7,52.2,7.07,1,5.4,9,0.07,14.7,7,Wednesday,Clear,Dry,Urban Road,Intersection,Street Lights,Signal,Rural,Truck,No,No,Medium
ACC10741,29,10,50.8,64.3,8.16,2,7.2,8,2.24,28.2,0,Tuesday,Cloudy,Damaged,Urban Road,Roundabout,Daylight,Uncontrolled,Suburban,Car,Yes,No,High
ACC10742,36,29,64.7,36.4,8.16,2,8.9,4,0.22,20.1,17,Thursday,Clear,Dry,Rural Road,Intersection,Daylight,Uncontrolled,Urban,Motorcycle,No,No,Medium
ACC10743,31,24,49.6,56.0,10.03,3,9.1,6,4.62,30.6,22,Wednesday,Rain,Wet,Urban Road,Intersection,Street Lights,Traffic Police,Urban,Truck,No,No,High
ACC10744,19,10,76.1,46.4,8.24,2,6.7,3,7.35,24.3,18,Thursday,Cloudy,Icy,Highway,Roundabout,Street Lights,Signal,Urban,Car,No,No,Medium
ACC10745,59,49,70.8,24.3,5.34,3,12.2,9,0.32,33.0,0,Sunday,Clear,Dry,Highway,Intersection,Daylight,Stop Sign,Rural,Bus,No,No,Low
ACC10746,36,21,45.7,61.1,6.76,4,11.8,7,0.93,32.1,15,Saturday,Fog,Wet,Highway,Roundabout,Daylight,Signal,Urban,Car,Yes,No,High
ACC10747,24,8,86.0,49.0,6.2,3,11.1,7,0.06,29.4,16,Sunday,Clear,Wet,Residential,Intersection,Daylight,Stop Sign,Urban,Motorcycle,No,No,High
ACC10748,22,14,22.1,93.6,7.06,2,9.2,4,0.64,28.2,18,Friday,Cloudy,Icy,Residential,Crossroad,Daylight,Signal,Urban,SUV,Yes,No,Medium
ACC10749,19,0,85.7,22.5,9.36,4,6.3,11,1.57,31.9,13,Thursday,Fog,Icy,Highway,Intersection,Daylight,Uncontrolled,Suburban,Motorcycle,No,No,High
ACC10750,27,6,82.9,47.7,9.69,2,7.4,10,7.38,29.0,4,Tuesday,Cloudy,Wet,Urban Road,Intersection,Daylight,Signal,Suburban,Motorcycle,No,Yes,High
ACC10751,22,4,38.2,64.6,8.5,3,8.8,4,0.17,17.8,17,Sunday,Clear,Dry,Highway,Crossroad,Daylight,Stop Sign,Urban,Car,No,No,Medium
ACC10752,33,22,52.4,79.7,4.62,3,10.5,9,1.76,32.0,5,Tuesday,Fog,Wet,Highway,Straight Road,Street Lights,Stop Sign,Urban,Car,Yes,No,High
ACC10753,53,30,37.9,47.3,6.32,4,7.2,5,1.48,23.4,3,Wednesday,Cloudy,Dry,Highway,Roundabout,Street Lights,Traffic Police,Suburban,Motorcycle,No,No,Medium
ACC10754,27,16,49.6,,7.0,2,9.7,7,0.07,20.7,1,Thursday,Clear,Wet,Rural Road,T-Junction,Daylight,Uncontrolled,Urban,Motorcycle,Yes,No,High
ACC10755,71,55,82.6,48.8,9.42,3,6.2,4,1.77,20.3,8,Sunday,Clear,Damaged,Urban Road,Crossroad,Daylight,Signal,Suburban,Car,No,No,Medium
ACC10756,42,30,55.1,33.8,4.38,4,8.3,12,12.64,30.1,9,Tuesday,Rain,Dry,Highway,Straight Road,Daylight,Signal,Rural,SUV,No,No,High
ACC10757,59,53,21.2,55.1,5.28,5,8.3,4,2.63,28.9,11,Monday,Cloudy,Wet,Urban Road,Intersection,Daylight,Signal,Suburban,Car,No,No,Medium
ACC10758,21,15,71.2,100.0,9.31,2,6.5,4,1.68,20.3,12,Tuesday,Cloudy,Dry,Rural Road,Straight Road,Daylight,Uncontrolled,Suburban,Motorcycle,No,No,High
ACC10759,27,12,61.9,82.8,8.99,4,10.1,4,12.93,37.4,4,Friday,Fog,Dry,Urban Road,Crossroad,Poor,Uncontrolled,Rural,Motorcycle,No,No,High
ACC10760,28,5,36.6,99.5,11.63,4,8.8,5,11.74,21.0,9,Monday,Rain,Dry,Rural Road,Intersection,Street Lights,Stop Sign,Rural,Motorcycle,No,No,Medium
ACC10761,34,10,86.0,92.1,12.0,3,8.2,8,0.15,26.8,18,Thursday,Clear,Wet,Urban Road,Straight Road,Poor,Signal,Urban,Motorcycle,No,No,High
ACC10762,42,21,70.5,100.0,5.69,2,7.4,5,1.03,32.9,1,Saturday,Clear,Damaged,Highway,T-Junction,Street Lights,Uncontrolled,Urban,Car,No,No,High
ACC10763,18,5,52.2,58.5,4.98,2,6.6,3,0.44,26.9,20,Wednesday,Clear,Damaged,Rural Road,Roundabout,Poor,Stop Sign,Rural,SUV,Yes,No,High
ACC10764,45,34,62.4,100.0,5.87,4,10.9,1,3.51,26.9,14,Monday,Rain,Dry,Urban Road,Roundabout,Street Lights,Traffic Police,Urban,Motorcycle,No,Yes,High
ACC10765,27,18,80.7,68.5,,2,5.2,6,0.95,20.0,2,Tuesday,Clear,Damaged,Rural Road,Crossroad,Poor,Stop Sign,Rural,Motorcycle,No,No,Medium
ACC10766,55,39,68.3,74.2,6.56,3,9.7,4,1.82,29.4,0,Sunday,Cloudy,Wet,Highway,Intersection,Daylight,Signal,Urban,Truck,No,No,High
ACC10767,39,24,31.2,92.7,11.18,4,4.9,7,6.28,31.1,18,Sunday,Rain,Dry,Highway,Intersection,Daylight,Signal,Rural,Car,No,No,Medium
ACC10768,49,35,44.7,100.0,11.21,5,10.2,6,1.15,18.9,11,Wednesday,Fog,Dry,Highway,Roundabout,Street Lights,Signal,Suburban,Bus,No,No,Medium
ACC10769,30,19,22.9,98.8,3.13,6,9.5,8,0.87,28.0,9,Saturday,Clear,Dry,Highway,Straight Road,Poor,Uncontrolled,Suburban,Motorcycle,No,No,High
ACC10770,41,24,54.2,27.3,8.73,2,7.3,5,4.87,31.1,16,Saturday,Rain,Damaged,Highway,Intersection,Daylight,Uncontrolled,Urban,Truck,No,No,Medium
ACC10771,30,13,22.8,59.0,8.38,2,10.5,6,0.04,21.9,7,Wednesday,Clear,Wet,Highway,T-Junction,Daylight,Signal,Rural,Bus,No,No,Low
ACC10772,42,19,59.8,58.4,10.4,3,9.4,3,3.53,34.4,14,Wednesday,Rain,Wet,Rural Road,T-Junction,Daylight,Signal,Urban,SUV,No,No,Medium
ACC10773,38,18,72.5,33.6,11.31,1,7.7,2,1.05,20.5,17,Wednesday,Clear,Dry,Highway,Intersection,Street Lights,Signal,Urban,Car,No,No,Low
ACC10774,52,40,55.3,30.5,10.35,2,10.5,6,0.04,32.9,1,Thursday,Clear,Wet,Urban Road,Intersection,,Traffic Police,Urban,Bus,Yes,No,High
ACC10775,45,32,35.0,45.4,8.58,2,8.3,6,12.88,29.2,22,Thursday,Rain,Dry,Urban Road,Roundabout,,Signal,Rural,Car,No,No,Medium
ACC10776,40,30,57.0,75.5,9.83,5,6.3,6,0.69,32.4,0,Thursday,Clear,Dry,Urban Road,Crossroad,Poor,Signal,Urban,Truck,No,Yes,High
ACC10777,37,29,62.1,78.1,1.76,5,11.4,1,1.41,31.9,11,Sunday,Clear,Wet,Urban Road,Roundabout,Poor,Signal,Suburban,Car,No,No,High
ACC10778,36,29,74.4,50.6,4.58,6,5.4,5,8.77,22.1,17,Tuesday,Rain,Dry,Rural Road,Crossroad,Daylight,Signal,Suburban,Car,No,No,High
ACC10779,19,13,45.8,12.3,6.34,2,9.3,9,15.77,27.7,17,Thursday,Rain,Wet,Rural Road,T-Junction,Daylight,Uncontrolled,Rural,Car,No,No,Medium
ACC10780,23,10,67.0,62.1,8.71,5,10.9,11,8.58,31.7,21,Wednesday,Cloudy,Dry,Urban Road,Crossroad,Daylight,Uncontrolled,Suburban,Car,No,No,Low
ACC10781,25,1,37.2,96.8,4.82,3,7.7,10,33.59,28.2,10,Monday,Rain,Wet,Residential,Roundabout,Daylight,Signal,Suburban,Car,Yes,No,High
ACC10782,53,37,41.3,41.4,8.9,1,6.8,6,1.54,30.8,0,Monday,Cloudy,Dry,Highway,Intersection,Daylight,Uncontrolled,Suburban,Truck,Yes,No,Medium
ACC10783,29,9,80.5,96.2,10.72,4,8.5,7,0.01,26.4,4,Saturday,Clear,Dry,Residential,Crossroad,Street Lights,Signal,Suburban,Car,No,No,High
ACC10784,30,17,92.7,57.0,2.77,1,4.9,8,0.04,31.7,4,Monday,Clear,Dry,Rural Road,Roundabout,Daylight,Traffic Police,Urban,Truck,No,No,High
ACC10785,42,29,44.3,83.0,12.0,7,12.1,1,1.01,28.8,10,Monday,Clear,Dry,Rural Road,T-Junction,Poor,Signal,Urban,Car,No,No,Medium
ACC10786,25,17,78.7,86.0,5.46,6,7.6,5,1.45,27.2,0,Monday,Fog,Damaged,Urban Road,Crossroad,Poor,Signal,Urban,Car,No,Yes,High
ACC10787,51,40,70.3,45.2,9.61,2,7.9,6,0.76,26.9,4,Saturday,Cloudy,Dry,Urban Road,T-Junction,Daylight,Stop Sign,Urban,Motorcycle,No,Yes,High
ACC10788,18,0,49.0,55.8,5.62,4,10.5,5,0.84,41.2,15,Friday,Clear,Wet,Urban Road,T-Junction,Poor,Signal,Urban,Car,No,No,High
ACC10789,49,34,56.4,72.9,8.42,1,10.9,7,1.76,26.6,7,Sunday,Cloudy,Icy,Rural Road,Straight Road,Street Lights,Signal,Suburban,Car,Yes,No,High
ACC10790,55,46,67.2,58.2,3.11,1,8.8,5,6.24,24.3,1,Monday,Fog,Dry,Urban Road,Crossroad,Daylight,Uncontrolled,Rural,SUV,No,No,High
ACC10791,39,21,69.1,27.7,10.8,5,5.8,4,0.45,21.7,16,Monday,Clear,Dry,Rural Road,Roundabout,Daylight,Uncontrolled,Urban,Car,No,Yes,Low
ACC10792,27,14,82.2,61.2,4.57,2,9.4,4,0.23,23.7,14,Monday,Cloudy,Wet,Urban Road,Crossroad,Daylight,Stop Sign,Suburban,Truck,No,No,High
ACC10793,45,23,41.2,70.9,8.99,1,9.4,3,1.42,37.5,22,Sunday,Cloudy,Damaged,Rural Road,Crossroad,Daylight,Uncontrolled,Urban,Car,No,No,Medium
ACC10794,27,20,73.7,48.8,10.46,6,8.7,11,3.08,20.6,18,Saturday,Cloudy,Damaged,Urban Road,T-Junction,Street Lights,Stop Sign,Urban,SUV,No,No,Medium
ACC10795,58,43,71.4,27.6,6.61,2,9.8,6,0.08,26.5,15,Tuesday,Clear,Dry,Urban Road,T-Junction,Daylight,Stop Sign,Suburban,Car,No,No,Medium
ACC10796,41,20,84.6,100.0,6.22,6,9.3,3,1.38,15.5,18,Friday,Fog,Wet,Urban Road,T-Junction,Street Lights,Stop Sign,Rural,SUV,No,No,High
ACC10797,25,3,52.0,71.2,3.61,4,4.7,7,0.34,33.9,19,Sunday,Fog,Dry,Highway,T-Junction,Daylight,Uncontrolled,Urban,Car,No,No,High
ACC10798,44,31,78.2,85.8,8.44,4,6.3,4,2.58,34.1,2,Monday,Cloudy,Icy,Urban Road,Roundabout,Daylight,Signal,Urban,Car,No,No,High
ACC10799,24,4,84.2,62.8,8.38,2,8.8,6,4.5,35.7,4,Saturday,Rain,Damaged,Rural Road,Intersection,Street Lights,Signal,Urban,Motorcycle,No,No,High
ACC10800,26,2,63.1,59.6,5.68,5,8.1,7,2.58,27.7,11,Saturday,Fog,Dry,Urban Road,Straight Road,Street Lights,Signal,Urban,Motorcycle,No,No,High
ACC10801,44,27,62.2,87.6,,3,8.4,7,3.71,31.6,6,Thursday,Rain,Dry,Highway,T-Junction,Daylight,Signal,Suburban,Car,No,No,Medium
ACC10802,27,6,58.0,55.4,4.49,4,8.0,5,0.95,22.9,21,Sunday,Clear,Dry,Rural Road,T-Junction,Daylight,Uncontrolled,Rural,Car,No,No,Medium
ACC10803,36,20,73.3,51.8,4.76,2,8.0,4,1.34,30.5,8,Sunday,Cloudy,Dry,Urban Road,Straight Road,Poor,Signal,Suburban,Bus,Yes,No,High
ACC10804,41,20,78.2,,9.84,5,6.9,5,0.53,30.4,11,Tuesday,Cloudy,Wet,Residential,T-Junction,Street Lights,Signal,Urban,Car,Yes,No,High
ACC10805,28,4,68.9,90.3,7.61,6,7.6,6,0.75,24.5,13,Saturday,Clear,Dry,Residential,Intersection,Daylight,Signal,Rural,Motorcycle,No,No,High
ACC10806,29,10,69.8,46.3,4.93,5,9.3,3,15.9,27.5,10,Saturday,Rain,Dry,Urban Road,Crossroad,Daylight,Signal,Urban,Motorcycle,No,No,High
ACC10807,54,46,46.0,78.3,10.79,3,5.7,2,1.09,19.8,22,Friday,Fog,Dry,Urban Road,Straight Road,Daylight,Uncontrolled,Suburban,Truck,Yes,No,High
ACC10808,42,35,46.4,26.7,7.55,4,6.8,8,1.97,33.5,13,Thursday,Fog,Icy,Highway,Roundabout,Daylight,Stop Sign,Urban,Car,No,No,High
ACC10809,35,14,36.0,55.1,8.82,2,7.7,3,3.19,20.0,10,Thursday,Cloudy,Wet,Rural Road,Straight Road,Street Lights,Uncontrolled,Rural,Motorcycle,Yes,No,Medium
ACC10810,34,24,94.4,70.6,9.21,4,8.4,5,0.62,21.5,10,Tuesday,Clear,Dry,Highway,Intersection,Street Lights,Signal,Suburban,Car,No,No,Medium
ACC10811,22,0,51.0,44.0,8.02,6,9.1,5,47.2,19.3,12,Saturday,Storm,Dry,Highway,Roundabout,Street Lights,Uncontrolled,Rural,Car,No,No,Medium
ACC10812,40,31,70.5,71.9,7.61,2,12.9,9,29.76,34.4,16,Thursday,Rain,Icy,Rural Road,Crossroad,Daylight,Traffic Police,Urban,Motorcycle,No,No,High
ACC10813,36,13,40.7,68.3,10.84,1,7.5,6,0.68,21.6,16,Wednesday,Clear,Wet,Urban Road,T-Junction,Poor,Uncontrolled,Suburban,SUV,Yes,No,High
ACC10814,45,24,49.2,71.6,4.53,2,10.9,6,4.24,34.7,12,Tuesday,Fog,,Rural Road,Straight Road,Daylight,Uncontrolled,Suburban,Car,No,No,Medium
ACC10815,18,0,36.8,80.7,2.88,7,5.3,5,0.72,26.5,3,Tuesday,Fog,Dry,Rural Road,Roundabout,Poor,Stop Sign,Suburban,Car,Yes,No,High
ACC10816,33,23,42.7,55.0,6.21,1,15.3,7,7.22,28.0,18,Wednesday,Cloudy,Dry,Highway,Straight Road,Daylight,Traffic Police,Urban,Truck,No,No,Medium
ACC10817,34,11,59.4,35.8,,9,9.8,6,1.74,23.5,8,Tuesday,Cloudy,Dry,Residential,Crossroad,Daylight,Uncontrolled,Urban,Car,No,No,Medium
ACC10818,39,22,63.8,44.8,3.77,1,4.8,5,0.47,16.7,17,Thursday,Clear,Dry,Rural Road,Straight Road,Street Lights,Traffic Police,Urban,Truck,No,No,Medium
ACC10819,38,31,58.9,48.7,9.09,4,7.3,3,0.01,8.0,7,Thursday,Clear,Damaged,Urban Road,Roundabout,Daylight,Stop Sign,Urban,SUV,No,No,Medium
ACC10820,41,17,43.7,100.0,7.48,1,7.3,5,1.63,20.1,12,Sunday,Clear,Dry,Highway,Intersection,Street Lights,Uncontrolled,Rural,SUV,Yes,No,High
ACC10821,33,24,54.6,24.3,9.62,4,5.1,5,20.77,21.9,18,Thursday,Rain,Wet,Highway,Roundabout,Street Lights,Stop Sign,Rural,Car,No,No,Medium
ACC10822,21,12,74.1,37.5,7.77,3,9.4,9,0.69,34.2,10,Wednesday,Clear,Dry,Urban Road,Straight Road,Daylight,Signal,Urban,Motorcycle,Yes,No,High
ACC10823,19,0,78.6,37.7,4.56,4,8.3,4,0.08,24.9,16,Sunday,Clear,Wet,Residential,Crossroad,Street Lights,Signal,Rural,SUV,No,No,High
ACC10824,34,17,70.5,95.8,6.16,3,9.4,2,1.0,14.8,14,Thursday,Clear,Wet,Urban Road,T-Junction,Daylight,Uncontrolled,Urban,Car,No,No,High
ACC10825,68,45,64.1,64.1,8.23,4,8.6,6,0.29,17.9,7,Wednesday,,Dry,Rural Road,T-Junction,Daylight,Signal,Urban,Motorcycle,No,Yes,Medium
ACC10826,41,30,52.6,31.7,11.45,4,6.3,4,19.38,27.2,1,Wednesday,Fog,Dry,Highway,Crossroad,Poor,Stop Sign,Urban,Car,No,No,Medium
ACC10827,63,55,45.9,60.1,8.09,3,12.9,5,1.3,22.3,4,Wednesday,Clear,Wet,Urban Road,Straight Road,Poor,Signal,Rural,Car,No,No,Low
ACC10828,43,18,56.6,50.4,8.21,3,6.1,9,0.75,28.1,15,Sunday,Clear,Dry,Residential,Crossroad,Daylight,Signal,Suburban,SUV,No,No,Medium
ACC10829,23,12,61.1,48.5,10.81,5,6.3,4,33.47,13.7,1,Tuesday,Rain,Dry,Residential,Straight Road,Daylight,Uncontrolled,Urban,Truck,No,No,Medium
ACC10830,34,26,76.2,72.7,9.06,6,11.4,7,2.89,25.2,0,Friday,Cloudy,Dry,Highway,Roundabout,Daylight,Uncontrolled,Suburban,Car,No,No,High
ACC10831,63,38,47.0,47.5,7.76,4,7.8,4,0.19,23.9,18,Saturday,Clear,Icy,Urban Road,Intersection,Street Lights,Stop Sign,Urban,Bus,Yes,Yes,High
ACC10832,44,28,39.8,72.5,6.17,2,5.9,7,3.74,31.0,10,Wednesday,Cloudy,Dry,Urban Road,Straight Road,Poor,Signal,Urban,Motorcycle,No,No,High
ACC10833,43,35,22.8,73.6,12.0,3,3.0,6,0.0,26.1,12,Thursday,Clear,Wet,Highway,T-Junction,Daylight,Stop Sign,Urban,SUV,No,No,Low
ACC10834,27,5,77.4,36.4,5.18,2,9.5,6,0.28,36.5,10,Wednesday,Clear,Dry,Urban Road,T-Junction,Street Lights,Signal,Urban,Car,Yes,No,High
ACC10835,35,11,55.8,45.7,6.44,3,5.7,6,8.52,26.3,11,Saturday,Cloudy,Wet,Highway,Intersection,Daylight,Signal,Rural,Car,No,Yes,High
ACC10836,23,0,29.6,56.8,2.89,5,6.4,8,1.12,32.5,9,Monday,Clear,Dry,Residential,Straight Road,Daylight,Signal,Suburban,Car,No,No,Medium
ACC10837,30,21,47.6,100.0,12.0,5,9.4,5,4.22,32.6,14,Tuesday,Fog,Damaged,Highway,Intersection,Poor,Stop Sign,Urban,Motorcycle,Yes,No,High
ACC10838,37,31,45.1,56.8,7.64,5,5.5,7,0.67,32.3,15,Thursday,Clear,Dry,Residential,Roundabout,Daylight,Signal,Urban,Car,No,No,Medium
ACC10839,28,16,48.7,65.5,10.71,1,5.2,5,1.65,23.7,13,Tuesday,Cloudy,Wet,Rural Road,Intersection,Daylight,Uncontrolled,Urban,Car,No,No,Medium
ACC10840,46,34,69.2,52.9,8.35,4,12.7,8,1.8,21.0,2,Tuesday,Cloudy,Wet,Highway,Roundabout,Street Lights,Signal,Urban,SUV,No,Yes,High
ACC10841,29,16,38.9,42.9,9.57,6,8.0,7,0.85,33.5,12,Monday,Clear,Dry,Residential,T-Junction,Daylight,Signal,Urban,SUV,No,Yes,Medium
ACC10842,39,18,73.0,40.8,6.97,4,8.7,7,15.56,26.9,10,Wednesday,Rain,Dry,Highway,Roundabout,Daylight,Signal,Urban,Truck,No,No,High
ACC10843,46,41,45.7,64.2,0.71,3,7.1,3,0.41,29.9,11,Thursday,Clear,Dry,Residential,Straight Road,Poor,Traffic Police,Suburban,SUV,Yes,No,High
ACC10844,58,40,43.8,71.6,10.51,2,10.2,7,80.0,16.9,0,Friday,Storm,Dry,Urban Road,Straight Road,Street Lights,Stop Sign,Urban,SUV,No,No,High
ACC10845,39,14,37.0,9.1,7.75,6,12.2,5,0.79,20.0,0,Tuesday,Clear,,Urban Road,Straight Road,Street Lights,Signal,Urban,Truck,No,No,Medium
ACC10846,24,11,56.1,66.2,8.57,2,8.0,3,1.64,21.4,8,Saturday,Clear,Dry,Residential,Straight Road,Daylight,Stop Sign,Rural,Motorcycle,No,No,Medium
ACC10847,35,20,62.9,,8.61,3,9.1,9,0.36,25.2,5,Friday,Clear,Dry,Highway,Crossroad,Daylight,Uncontrolled,Urban,SUV,No,Yes,High
ACC10848,57,39,50.5,92.4,6.52,3,7.8,4,7.9,37.6,8,Friday,Storm,Wet,Residential,Roundabout,Poor,Uncontrolled,Urban,Motorcycle,No,No,High
ACC10849,45,34,56.8,82.5,9.98,5,6.0,3,3.75,41.6,4,Sunday,Cloudy,Dry,Residential,Straight Road,Daylight,Uncontrolled,Urban,Car,No,No,Medium
ACC10850,37,18,53.1,46.1,4.69,5,7.7,7,1.62,16.4,1,Wednesday,Cloudy,Dry,Urban Road,Intersection,Daylight,Signal,Urban,Car,No,No,High
ACC10851,41,32,73.8,33.9,8.23,3,9.4,7,0.19,27.6,20,Friday,Clear,Dry,Highway,Intersection,Daylight,Uncontrolled,Urban,Motorcycle,No,No,Medium
ACC10852,38,32,53.8,43.9,6.37,4,9.9,8,10.66,37.0,2,Thursday,Rain,Damaged,Highway,Crossroad,Daylight,Uncontrolled,Urban,SUV,Yes,No,High
ACC10853,21,0,59.1,68.4,7.86,4,10.0,7,0.45,31.0,17,Wednesday,Clear,Damaged,Highway,Roundabout,Daylight,Stop Sign,Rural,Truck,Yes,No,Medium
ACC10854,37,28,85.8,49.9,7.92,2,6.0,3,34.32,21.8,14,Saturday,Fog,Damaged,Rural Road,Roundabout,Poor,Uncontrolled,Suburban,SUV,No,No,High
ACC10855,27,7,106.5,70.2,9.38,3,5.9,4,1.12,27.8,13,Friday,Clear,Dry,Urban Road,Roundabout,Poor,Signal,Suburban,Bus,Yes,No,High
ACC10856,29,7,43.1,100.0,4.05,6,8.9,10,0.35,30.1,10,Wednesday,Clear,Wet,Highway,Crossroad,Street Lights,Signal,Urban,Car,No,No,Medium
ACC10857,32,26,82.7,81.3,2.36,3,8.9,2,2.18,27.0,7,Thursday,,Dry,Rural Road,Roundabout,Street Lights,Uncontrolled,Urban,Truck,No,No,High
ACC10858,18,0,40.5,67.0,7.37,1,7.2,4,2.5,30.9,3,Tuesday,Cloudy,Dry,Urban Road,Roundabout,Poor,Stop Sign,Urban,Car,No,No,High
ACC10859,33,15,70.8,57.6,12.0,4,3.8,3,4.36,25.1,19,Monday,Cloudy,Dry,Rural Road,Straight Road,Street Lights,Signal,Urban,Motorcycle,Yes,No,Medium
ACC10860,18,1,89.9,55.1,12.0,3,8.4,6,0.21,26.3,23,Wednesday,Clear,Dry,Highway,Roundabout,Daylight,Signal,Urban,Bus,No,No,Low
ACC10861,44,33,69.0,77.6,7.07,1,10.5,7,13.77,24.9,22,Saturday,Rain,Dry,Residential,Straight Road,Daylight,Uncontrolled,Urban,Truck,No,No,High
ACC10862,18,12,57.5,58.3,10.76,2,9.9,7,0.9,29.4,12,Monday,Cloudy,Dry,Urban Road,Straight Road,Daylight,Signal,Urban,Bus,No,No,Low
ACC10863,18,11,24.4,70.9,11.39,1,10.9,9,2.41,35.1,19,Sunday,Cloudy,Dry,Urban Road,Roundabout,Daylight,Signal,Urban,Car,No,No,Low
ACC10864,18,8,47.6,40.7,5.22,5,10.4,11,0.08,22.6,13,Tuesday,Clear,Dry,Highway,Intersection,Daylight,Signal,Urban,Truck,No,No,Medium
ACC10865,38,25,46.7,58.8,8.5,2,6.5,3,0.15,37.6,1,Saturday,Clear,Wet,Urban Road,T-Junction,Daylight,Traffic Police,Urban,Car,Yes,No,High
ACC10866,35,12,45.4,59.3,2.2,1,9.7,4,4.07,38.4,0,Thursday,Cloudy,Dry,Residential,Intersection,Daylight,Traffic Police,Urban,Motorcycle,No,No,Medium
ACC10867,54,35,58.3,69.3,6.64,5,9.5,8,0.44,26.3,16,Saturday,Clear,Wet,Urban Road,Roundabout,Daylight,Stop Sign,Urban,Motorcycle,No,No,Medium
ACC10868,40,34,62.8,26.7,5.94,4,11.1,3,0.33,25.7,13,Tuesday,Clear,Dry,Rural Road,Roundabout,Daylight,Stop Sign,Urban,Motorcycle,No,No,Low
ACC10869,18,0,20.0,,9.18,3,12.0,15,3.33,24.1,22,Monday,Fog,Wet,Highway,Intersection,Daylight,Signal,Urban,Car,No,No,Medium
ACC10870,26,7,28.2,60.1,6.97,3,6.1,4,6.86,20.8,15,Thursday,Fog,Dry,Highway,Roundabout,Street Lights,Signal,Urban,Car,No,No,Medium
ACC10871,37,22,79.7,19.7,6.85,4,6.8,5,0.11,24.7,17,Saturday,Clear,Dry,Urban Road,Straight Road,Daylight,Uncontrolled,Urban,Truck,Yes,No,Medium
ACC10872,39,25,51.7,,11.17,3,7.7,8,0.04,22.0,7,Friday,Clear,Dry,Highway,Crossroad,Street Lights,Signal,Urban,Motorcycle,No,No,High
ACC10873,18,0,46.8,31.7,2.85,3,9.6,7,5.3,23.3,4,Friday,Cloudy,Wet,Highway,Roundabout,Poor,Stop Sign,Suburban,Motorcycle,No,No,High
ACC10874,45,29,63.8,50.6,4.56,3,5.5,3,0.91,30.5,1,Wednesday,Clear,Wet,Urban Road,Roundabout,Street Lights,Stop Sign,Urban,Motorcycle,No,No,High
ACC10875,25,10,79.6,10.1,9.44,3,5.9,8,0.45,23.6,3,Friday,Clear,Dry,Residential,Intersection,Street Lights,Signal,Urban,SUV,No,No,Low
ACC10876,26,6,27.3,74.9,6.44,2,16.0,9,0.31,25.1,21,Saturday,Clear,Dry,Urban Road,Straight Road,Poor,Stop Sign,Urban,SUV,No,No,Low
ACC10877,47,30,35.3,62.0,8.96,1,7.5,9,8.43,17.0,2,Monday,Rain,Damaged,Highway,Intersection,Daylight,Stop Sign,Urban,Car,No,No,High
ACC10878,35,25,48.8,92.4,10.87,3,8.0,10,11.08,23.7,23,Friday,Rain,,Highway,Intersection,Poor,Uncontrolled,Urban,Car,No,No,High
ACC10879,39,14,81.7,52.0,9.99,5,10.9,9,0.63,31.3,21,Wednesday,Clear,Dry,Urban Road,Roundabout,Street Lights,Signal,Rural,Motorcycle,No,Yes,High
ACC10880,41,30,87.7,70.4,11.16,5,6.1,4,0.7,27.5,22,Thursday,Clear,Dry,Residential,Straight Road,Street Lights,Signal,Rural,Car,Yes,No,High
ACC10881,18,0,59.0,75.9,8.3,5,5.3,10,0.59,30.2,13,Friday,Clear,Dry,Highway,Roundabout,Daylight,Stop Sign,Urban,Car,Yes,No,High
ACC10882,38,23,65.5,63.5,5.67,2,10.2,4,24.25,34.0,11,Wednesday,Rain,Wet,Urban Road,Roundabout,Daylight,Traffic Police,Suburban,Car,No,No,High
ACC10883,56,49,46.7,48.1,5.06,4,10.3,8,0.24,44.0,14,Friday,Clear,Dry,Highway,Roundabout,Street Lights,Signal,Urban,Car,No,No,Medium
ACC10884,33,9,56.3,36.0,6.39,5,7.0,9,1.32,32.5,0,Sunday,Clear,Icy,Highway,Roundabout,Street Lights,Traffic Police,Urban,Truck,No,Yes,High
ACC10885,39,27,58.2,37.4,9.89,3,8.9,9,9.92,30.6,4,Friday,Rain,Dry,Highway,Crossroad,Street Lights,Uncontrolled,Suburban,Car,No,No,Medium
ACC10886,63,45,37.1,74.3,8.8,1,11.7,5,2.32,16.5,18,Saturday,Clear,Dry,Rural Road,T-Junction,Daylight,Uncontrolled,Urban,Car,No,No,Low
ACC10887,52,32,63.4,40.9,10.91,3,8.3,6,12.57,9.2,19,Monday,Rain,Dry,Urban Road,Straight Road,Daylight,Signal,Urban,SUV,No,Yes,Medium
ACC10888,30,17,71.8,42.0,11.32,2,7.4,5,0.51,23.2,4,Wednesday,Clear,Damaged,Urban Road,Crossroad,Daylight,Signal,Suburban,SUV,No,No,Low
ACC10889,40,30,69.5,,5.35,5,4.7,3,0.99,28.0,0,Wednesday,Clear,Wet,Rural Road,T-Junction,Daylight,Signal,Suburban,SUV,No,No,High
ACC10890,43,37,40.9,55.9,10.04,3,12.7,6,0.15,23.3,17,Tuesday,Clear,Dry,Urban Road,T-Junction,Daylight,Signal,Rural,Car,No,No,Low
ACC10891,59,35,46.9,66.0,7.23,4,6.2,3,6.15,26.3,19,Tuesday,Rain,Wet,Residential,T-Junction,Daylight,Traffic Police,Suburban,Car,Yes,Yes,High
ACC10892,25,8,49.8,71.4,5.15,5,10.2,5,1.1,19.7,21,Wednesday,Fog,Dry,Urban Road,Crossroad,Daylight,Signal,Suburban,Car,No,No,Medium
ACC10893,69,50,63.3,37.4,11.95,5,6.5,10,6.86,30.4,9,Saturday,Rain,Dry,Rural Road,Straight Road,Daylight,Stop Sign,Urban,Car,No,No,Medium
ACC10894,38,24,61.8,58.7,7.49,2,6.7,8,0.74,25.2,23,Monday,Clear,Dry,Highway,Intersection,Daylight,Signal,Urban,Car,No,No,Medium
ACC10895,32,22,79.0,5.0,10.25,1,10.6,9,4.25,19.7,21,Friday,Rain,Dry,Highway,T-Junction,Poor,Uncontrolled,Suburban,SUV,No,No,Low
ACC10896,42,17,61.3,62.9,12.0,1,8.6,1,0.92,32.5,17,Thursday,Clear,Dry,Urban Road,Intersection,Street Lights,Signal,Rural,SUV,No,No,Low
ACC10897,31,7,80.9,45.3,4.16,2,7.0,4,1.63,27.7,23,Saturday,Clear,Damaged,Urban Road,Intersection,Street Lights,Signal,Urban,Bus,Yes,No,High
ACC10898,31,9,81.0,8.0,7.98,3,8.0,3,3.88,31.7,12,Friday,Fog,Dry,Urban Road,Roundabout,Daylight,Signal,Rural,Truck,Yes,No,Medium
ACC10899,29,6,47.4,30.8,,5,11.5,4,1.15,19.4,3,Thursday,Clear,Damaged,Urban Road,Intersection,Street Lights,Uncontrolled,Urban,Motorcycle,No,No,High
ACC10900,29,12,59.9,56.1,7.31,3,8.7,6,0.02,25.2,22,Monday,Clear,Dry,Urban Road,Roundabout,Daylight,Signal,Urban,Bus,No,No,Medium
ACC10901,18,6,54.7,43.0,8.46,5,10.1,9,0.88,25.4,4,Tuesday,Clear,Wet,Highway,Straight Road,Poor,Signal,Urban,SUV,No,No,High
ACC10902,18,6,67.9,59.0,6.01,3,8.8,7,0.16,26.4,9,Wednesday,Clear,Dry,Highway,Straight Road,Street Lights,Signal,Urban,Truck,No,No,Medium
ACC10903,26,2,67.8,61.3,9.64,6,6.7,7,0.17,18.7,22,Monday,,Dry,Rural Road,Roundabout,Street Lights,Traffic Police,Suburban,Car,No,No,High
ACC10904,38,14,67.5,64.7,10.8,5,11.1,7,2.32,25.3,19,Thursday,Cloudy,,Rural Road,Straight Road,Poor,Stop Sign,Urban,Car,No,No,Medium
ACC10905,27,13,57.0,56.2,9.32,3,10.7,5,0.55,31.6,6,Saturday,Clear,Dry,Highway,T-Junction,Daylight,Uncontrolled,Rural,Motorcycle,No,No,Low
ACC10906,58,41,60.6,29.9,9.39,3,12.9,3,10.52,24.5,6,Wednesday,Fog,Wet,Highway,Straight Road,Daylight,Uncontrolled,Urban,Car,Yes,No,Medium
ACC10907,42,21,90.5,74.6,7.41,1,8.1,5,7.05,33.4,7,Thursday,Rain,Dry,Highway,Roundabout,Street Lights,Signal,Urban,SUV,No,No,High
ACC10908,28,9,50.3,59.5,6.27,4,10.3,5,0.0,23.7,7,Friday,Clear,Wet,Highway,T-Junction,Daylight,Stop Sign,Suburban,Truck,Yes,No,Medium
ACC10909,55,33,49.4,23.8,7.61,3,9.0,9,0.54,25.7,14,Friday,Clear,Dry,Rural Road,Intersection,Daylight,Signal,Urban,Truck,No,No,Low
ACC10910,33,16,45.3,39.5,8.09,4,8.4,0,0.17,33.2,22,Saturday,Clear,Dry,Urban Road,Intersection,Street Lights,Signal,Suburban,Car,No,No,Low
ACC10911,33,16,69.7,79.6,7.38,2,11.6,4,0.94,26.5,3,Friday,Cloudy,Dry,Urban Road,Intersection,Daylight,Stop Sign,Urban,Motorcycle,No,No,High
ACC10912,42,29,65.5,24.6,7.97,4,10.0,5,0.54,29.4,22,Wednesday,Clear,Damaged,Rural Road,Roundabout,Street Lights,Stop Sign,Urban,Motorcycle,No,No,Low
ACC10913,34,28,59.5,84.5,5.81,5,8.7,6,0.65,30.7,14,Tuesday,Cloudy,Wet,Urban Road,Intersection,Poor,Signal,Suburban,Truck,Yes,No,High
ACC10914,36,30,49.0,100.0,10.26,3,9.1,5,2.19,30.0,16,Tuesday,Clear,Dry,Residential,Straight Road,Daylight,Signal,Rural,Car,No,No,Medium
ACC10915,42,34,62.6,43.6,7.68,2,5.8,4,4.91,29.6,12,Thursday,Cloudy,Dry,Residential,Intersection,Daylight,Uncontrolled,Suburban,SUV,No,No,Medium
ACC10916,22,16,68.4,39.0,12.0,1,9.4,7,0.42,30.5,19,Tuesday,Clear,Dry,Urban Road,Crossroad,Daylight,Uncontrolled,Suburban,Truck,No,Yes,Low
ACC10917,34,18,39.2,75.1,10.69,4,9.9,11,0.49,33.3,4,Tuesday,Clear,Icy,Urban Road,Crossroad,Daylight,Signal,Suburban,Truck,No,No,High
ACC10918,25,12,69.2,48.2,10.37,1,7.7,8,3.16,23.4,8,Thursday,Fog,Wet,Highway,Intersection,Daylight,Signal,Urban,SUV,Yes,No,High
ACC10919,39,33,35.7,45.6,6.84,3,11.0,5,20.98,18.9,6,Thursday,Rain,Dry,Highway,Intersection,Daylight,Uncontrolled,Rural,SUV,No,No,Low
ACC10920,19,14,92.6,71.3,7.17,3,8.6,7,0.6,28.7,14,Thursday,Clear,Dry,Urban Road,Crossroad,Daylight,Uncontrolled,Urban,Car,Yes,No,High
ACC10921,52,37,55.5,42.9,7.67,5,8.5,4,8.84,23.3,16,Wednesday,Fog,Dry,Rural Road,Intersection,Daylight,Traffic Police,Urban,Bus,Yes,No,High
ACC10922,28,12,81.4,50.9,8.96,4,7.7,8,3.16,23.1,22,Sunday,Cloudy,Damaged,Highway,T-Junction,Street Lights,Signal,Urban,Car,No,No,High
ACC10923,31,25,56.9,49.0,9.15,3,6.0,9,14.67,23.9,21,Thursday,Fog,Dry,Urban Road,Crossroad,Poor,Stop Sign,Urban,Motorcycle,No,No,High
ACC10924,34,16,81.8,57.3,7.2,1,6.4,4,18.76,21.8,1,Wednesday,Rain,Wet,Urban Road,Roundabout,Street Lights,Signal,Urban,Car,No,No,High
ACC10925,24,16,85.7,22.1,12.0,3,8.8,8,0.28,28.6,12,Wednesday,Clear,Dry,Rural Road,Crossroad,Daylight,Stop Sign,Urban,Truck,No,No,Medium
ACC10926,38,23,66.9,47.7,6.76,5,8.8,4,0.05,27.9,20,Wednesday,Clear,Wet,Urban Road,Straight Road,Daylight,Signal,Urban,Motorcycle,Yes,No,High
ACC10927,47,39,42.0,36.3,1.6,1,8.1,2,0.93,29.9,16,Sunday,Clear,Wet,Rural Road,T-Junction,Street Lights,Signal,Suburban,Truck,No,No,Medium
ACC10928,31,25,43.1,34.1,5.8,3,10.5,5,4.45,18.0,21,Thursday,Cloudy,Wet,Highway,Roundabout,Daylight,Signal,Suburban,Truck,No,No,Low
ACC10929,30,21,64.1,94.0,8.41,3,8.3,6,2.42,27.6,21,Tuesday,Cloudy,Wet,Highway,Intersection,Daylight,Uncontrolled,Suburban,Truck,No,No,High
ACC10930,42,28,60.3,100.0,7.15,1,8.9,3,0.23,22.0,18,Saturday,Clear,Damaged,Residential,Straight Road,Street Lights,Stop Sign,Urban,Car,No,No,High
ACC10931,41,21,74.7,34.1,9.28,5,10.2,3,0.51,30.2,8,Saturday,Clear,Dry,Residential,Straight Road,Daylight,Stop Sign,Suburban,Bus,Yes,No,Medium
ACC10932,36,26,55.7,68.6,8.11,2,9.2,5,8.1,33.9,10,Sunday,Rain,Dry,Highway,T-Junction,Daylight,Uncontrolled,Urban,Motorcycle,No,No,Medium
ACC10933,48,29,66.3,,7.29,5,6.0,2,27.73,38.2,2,Tuesday,Storm,Dry,Urban Road,Roundabout,Poor,Uncontrolled,Suburban,Motorcycle,No,No,High
ACC10934,40,18,58.3,73.1,5.58,2,12.6,7,2.5,30.5,3,Sunday,Cloudy,Icy,Rural Road,Straight Road,Poor,Stop Sign,Urban,SUV,No,No,High
ACC10935,55,45,65.7,12.9,10.03,3,6.4,8,0.19,34.0,11,Thursday,Clear,Dry,Highway,Roundabout,Daylight,Traffic Police,Urban,Car,No,No,Low
ACC10936,32,17,64.3,42.4,5.02,5,7.7,5,0.24,17.4,11,Tuesday,Clear,Wet,Urban Road,Roundabout,Daylight,Stop Sign,Urban,Motorcycle,No,No,High
ACC10937,22,9,72.4,54.7,5.95,4,11.7,6,0.17,26.3,12,Sunday,Clear,Wet,Residential,Straight Road,Street Lights,Signal,Suburban,Truck,No,No,Medium
ACC10938,50,44,65.0,11.3,11.69,1,8.3,3,8.44,25.6,23,Thursday,Fog,Dry,Urban Road,Roundabout,Street Lights,Traffic Police,Rural,Car,No,No,Low
ACC10939,18,5,83.7,64.8,7.16,3,6.0,6,1.21,29.8,23,Sunday,Clear,Dry,Urban Road,T-Junction,Daylight,Signal,Suburban,Car,No,No,High
ACC10940,26,13,93.4,20.3,2.31,2,8.2,5,2.48,23.7,0,Wednesday,Cloudy,Dry,Urban Road,Straight Road,Street Lights,Stop Sign,Urban,Bus,No,No,High
ACC10941,24,7,77.7,76.6,9.91,4,9.2,10,0.35,29.1,16,Friday,Clear,Dry,Highway,T-Junction,Poor,Signal,Urban,Car,No,No,High
ACC10942,36,14,56.9,39.6,12.0,2,6.8,4,1.32,23.1,5,Monday,Cloudy,Dry,Rural Road,T-Junction,Daylight,Stop Sign,Rural,Motorcycle,No,No,Medium
ACC10943,34,16,73.5,44.7,,3,10.7,8,25.34,21.0,10,Sunday,Rain,Dry,Urban Road,Roundabout,Poor,Stop Sign,Urban,Truck,Yes,No,High
ACC10944,48,36,72.2,57.1,7.82,4,14.9,7,8.12,14.8,13,Saturday,Rain,Damaged,Urban Road,Roundabout,Poor,Signal,Rural,Truck,No,No,High
ACC10945,36,22,46.8,50.6,12.0,3,9.3,10,0.16,32.8,3,Sunday,Clear,Damaged,Urban Road,Straight Road,Daylight,Stop Sign,Urban,Truck,Yes,No,Medium
ACC10946,29,6,93.3,64.7,11.5,6,11.4,11,0.7,30.2,6,Thursday,Clear,Dry,Rural Road,Intersection,Street Lights,Uncontrolled,Rural,SUV,Yes,No,High
ACC10947,32,14,80.1,100.0,12.0,1,10.5,6,1.61,21.0,22,Wednesday,Clear,Dry,Urban Road,Straight Road,Daylight,Signal,Rural,Car,Yes,No,High
ACC10948,25,12,55.5,85.4,6.6,2,4.5,7,1.24,24.9,16,Friday,Fog,Dry,Residential,T-Junction,Street Lights,Signal,Suburban,Truck,Yes,No,High
ACC10949,42,25,59.3,23.1,7.04,3,6.3,7,9.09,30.4,4,Wednesday,Fog,Wet,Urban Road,Roundabout,Street Lights,Signal,Urban,Truck,Yes,No,High
ACC10950,51,33,37.5,38.7,11.27,3,9.5,7,8.49,27.8,8,Monday,Cloudy,Wet,Residential,T-Junction,Daylight,Uncontrolled,Urban,Car,Yes,No,Low
ACC10951,37,22,58.8,51.0,8.6,2,7.9,9,2.11,26.5,0,Saturday,Cloudy,Dry,Urban Road,Crossroad,Street Lights,Uncontrolled,Rural,SUV,No,No,Low
ACC10952,35,13,67.0,24.3,11.2,3,6.0,8,7.66,18.7,21,Tuesday,Rain,Dry,Rural Road,Crossroad,Street Lights,Uncontrolled,Rural,SUV,Yes,No,Medium
ACC10953,40,19,55.2,61.5,7.3,3,10.0,7,0.09,38.0,2,Tuesday,Clear,Wet,Urban Road,T-Junction,Daylight,Signal,Urban,Car,No,No,Medium
ACC10954,30,15,38.0,92.2,10.27,5,11.2,4,10.18,32.5,7,Wednesday,Fog,Wet,Urban Road,Intersection,Daylight,Signal,Urban,Truck,No,No,High
ACC10955,33,9,69.0,49.7,6.69,1,8.1,4,0.09,28.5,8,Monday,Clear,Dry,Residential,Intersection,Daylight,Signal,Rural,Truck,No,No,Medium
ACC10956,33,9,53.3,64.0,5.45,2,6.0,4,0.11,25.9,13,Wednesday,Clear,Wet,Residential,Straight Road,Street Lights,Signal,Suburban,Motorcycle,No,No,High
ACC10957,43,19,44.1,34.9,8.46,2,6.8,5,4.76,31.6,15,Tuesday,Cloudy,Dry,Highway,Straight Road,Poor,Stop Sign,Rural,SUV,No,No,Medium
ACC10958,31,22,65.1,60.0,6.16,4,5.9,9,0.67,34.9,9,Wednesday,Clear,Dry,Rural Road,Straight Road,Street Lights,Traffic Police,Rural,Truck,No,Yes,High
ACC10959,18,11,38.1,52.8,4.25,4,8.1,9,1.71,25.6,17,Friday,Clear,Wet,Highway,Roundabout,Daylight,Signal,Rural,Truck,No,No,High
ACC10960,23,6,60.0,51.6,3.94,6,9.2,7,15.49,19.9,15,Monday,Rain,Wet,Residential,Intersection,Daylight,Traffic Police,Urban,Car,No,No,High
ACC10961,60,40,80.1,43.2,9.47,5,9.2,7,0.66,30.1,10,Tuesday,Clear,Dry,Urban Road,T-Junction,Daylight,Signal,Urban,Motorcycle,No,No,High
ACC10962,33,22,74.1,82.4,7.85,3,3.4,5,0.12,33.3,4,Saturday,Cloudy,Damaged,Highway,Crossroad,Daylight,Traffic Police,Urban,Motorcycle,No,No,High
ACC10963,41,25,66.9,71.3,5.76,3,3.7,11,0.77,23.0,3,Saturday,Clear,Dry,Highway,Intersection,Daylight,Signal,Rural,Truck,Yes,No,High
ACC10964,34,16,59.2,73.5,,5,7.3,6,1.28,35.8,9,Wednesday,Clear,Wet,Highway,Intersection,,Traffic Police,Urban,Truck,Yes,No,High
ACC10965,34,20,20.7,52.1,9.59,2,13.0,12,2.78,14.5,2,Monday,Clear,Dry,Residential,Intersection,Daylight,Signal,Urban,Car,No,No,Low
ACC10966,23,7,52.5,56.2,9.08,4,7.9,4,0.23,17.4,11,Wednesday,Clear,Damaged,Urban Road,Straight Road,Poor,Traffic Police,Urban,Car,No,No,High
ACC10967,54,47,58.0,40.4,9.25,1,11.4,5,54.26,22.4,7,Tuesday,Rain,Damaged,Urban Road,Roundabout,Street Lights,Signal,Urban,Motorcycle,No,No,Medium
ACC10968,27,2,71.9,44.5,9.21,4,12.6,10,1.17,35.4,1,Monday,Clear,Dry,Highway,T-Junction,Street Lights,Signal,Rural,Truck,No,No,Low
ACC10969,27,14,42.5,47.4,6.59,3,7.2,4,0.79,29.6,0,Tuesday,Cloudy,Damaged,Rural Road,Straight Road,Daylight,Stop Sign,Suburban,Truck,No,No,High
ACC10970,39,30,67.6,42.2,9.59,3,4.6,6,1.41,28.4,16,Friday,Cloudy,Wet,Urban Road,Roundabout,Poor,Signal,Suburban,Motorcycle,No,No,Medium
ACC10971,48,33,69.5,48.7,5.13,5,10.1,5,7.55,29.6,16,Friday,Rain,Wet,Highway,Intersection,Street Lights,Uncontrolled,Urban,Car,No,No,High
ACC10972,32,21,59.3,97.7,8.8,5,9.3,5,7.79,26.1,11,Saturday,Fog,Dry,Residential,Roundabout,Poor,Traffic Police,Rural,Car,Yes,No,High
ACC10973,18,5,74.1,71.2,5.87,3,8.7,10,19.75,40.8,4,Thursday,Rain,Wet,Urban Road,Straight Road,Daylight,Stop Sign,Urban,Car,No,No,High
ACC10974,18,2,35.9,63.0,3.58,3,8.3,3,1.44,25.0,3,Monday,Clear,Damaged,Rural Road,Intersection,Daylight,Uncontrolled,Suburban,Bus,No,No,Medium
ACC10975,52,41,41.7,34.7,3.62,1,9.9,4,0.49,23.3,7,Friday,Clear,Dry,Rural Road,Straight Road,Daylight,Signal,Urban,Car,No,Yes,High
ACC10976,36,18,59.9,33.8,3.2,2,10.3,6,0.88,30.7,9,Thursday,Clear,Damaged,Highway,T-Junction,Daylight,Stop Sign,Urban,Motorcycle,No,Yes,High
ACC10977,50,36,44.9,23.4,9.36,3,13.8,7,3.99,19.0,4,Saturday,Cloudy,Dry,Residential,Intersection,Street Lights,Stop Sign,Urban,Truck,Yes,No,Medium
ACC10978,38,31,56.3,90.2,11.21,3,5.5,5,1.47,20.3,15,Monday,Clear,Dry,Rural Road,Roundabout,Poor,Uncontrolled,Suburban,SUV,Yes,No,High
ACC10979,26,3,78.6,63.4,11.12,5,12.0,4,5.48,23.3,11,Tuesday,Cloudy,Dry,Highway,Straight Road,Daylight,Signal,Suburban,SUV,No,No,Medium
ACC10980,39,24,20.0,47.3,9.65,4,3.0,10,0.16,16.9,2,Wednesday,Cloudy,Dry,Highway,Crossroad,,Uncontrolled,Urban,SUV,No,No,Low
ACC10981,38,15,100.3,60.0,7.56,4,8.2,4,1.73,21.2,4,Wednesday,Clear,Wet,Rural Road,Roundabout,Street Lights,Signal,Urban,Truck,Yes,No,High
ACC10982,40,27,69.7,71.7,4.4,2,13.8,5,9.32,25.1,11,Tuesday,Rain,Dry,Highway,Roundabout,Daylight,Signal,Rural,Truck,Yes,No,Medium
ACC10983,36,20,59.6,27.2,9.11,4,12.8,5,0.64,29.0,2,Friday,Clear,Damaged,Residential,Intersection,Street Lights,Signal,Urban,Bus,No,No,High
ACC10984,30,8,51.3,65.5,9.92,1,10.0,3,0.71,27.2,4,Wednesday,Clear,Dry,Highway,Roundabout,Street Lights,Signal,Urban,SUV,Yes,No,Medium
ACC10985,48,34,65.6,55.6,7.68,5,10.6,5,8.39,24.7,20,Tuesday,,Dry,Urban Road,Straight Road,Daylight,Signal,Urban,SUV,No,No,Medium
ACC10986,34,16,50.8,50.5,10.56,3,6.3,5,2.95,24.1,16,Thursday,Cloudy,Dry,Urban Road,Crossroad,Street Lights,Signal,Rural,Motorcycle,Yes,No,Medium
ACC10987,38,28,60.7,62.3,6.06,2,8.2,3,5.24,29.0,8,Thursday,Rain,Dry,Urban Road,T-Junction,Daylight,Uncontrolled,Urban,Motorcycle,No,No,High
ACC10988,24,14,58.7,82.4,10.2,4,10.2,5,0.22,20.5,3,Tuesday,Clear,Damaged,Urban Road,Crossroad,Poor,Signal,Rural,Motorcycle,No,No,High
ACC10989,23,7,50.0,100.0,6.99,4,8.2,4,0.25,30.5,20,Monday,Clear,Wet,Residential,Straight Road,Street Lights,Uncontrolled,Urban,Truck,No,No,Medium
ACC10990,26,9,62.5,75.1,,4,10.3,5,17.82,28.8,1,Friday,Rain,Wet,Rural Road,Intersection,Poor,Signal,Urban,Bus,No,No,High
ACC10991,23,5,47.6,12.7,11.17,1,9.5,2,4.76,24.5,1,Friday,Rain,Dry,Rural Road,Straight Road,Daylight,Signal,Urban,SUV,No,No,Low
ACC10992,18,0,64.7,66.2,5.68,3,12.3,11,11.92,29.3,14,Tuesday,Rain,Dry,Highway,Roundabout,Daylight,Stop Sign,Suburban,Motorcycle,No,No,Medium
ACC10993,28,5,69.9,56.4,6.87,4,10.3,5,1.48,26.7,15,Wednesday,Clear,Dry,Rural Road,Intersection,Daylight,Stop Sign,Urban,Car,Yes,No,High
ACC10994,52,42,93.1,83.0,6.42,3,10.8,9,2.18,24.0,15,Saturday,Cloudy,Dry,Highway,T-Junction,Daylight,Stop Sign,Suburban,SUV,Yes,No,High
ACC10995,30,13,60.7,65.5,10.83,3,8.3,3,0.76,26.8,11,Friday,Clear,Dry,Residential,T-Junction,Poor,Stop Sign,Urban,Car,No,No,Low
ACC10996,21,7,99.3,62.6,10.76,4,8.8,9,0.17,29.7,0,Friday,Clear,Wet,Highway,Straight Road,Daylight,Signal,Urban,Car,Yes,No,High
ACC10997,43,36,68.2,,7.24,4,8.4,7,2.25,39.3,12,Thursday,Fog,Dry,Residential,Roundabout,Street Lights,Uncontrolled,Rural,Truck,No,Yes,High
ACC10998,34,20,62.1,54.1,9.53,4,11.8,5,0.24,25.8,9,Thursday,Clear,Wet,Rural Road,T-Junction,Daylight,Stop Sign,Suburban,Car,No,No,Medium
ACC10999,31,10,42.5,59.4,6.79,4,7.3,3,8.23,23.8,17,Thursday,Storm,Dry,Urban Road,Crossroad,Daylight,Signal,Urban,Car,No,Yes,High
ACC11000,22,15,54.1,100.0,6.04,2,8.6,5,0.86,33.6,1,Saturday,Clear,Dry,Highway,Intersection,Poor,Uncontrolled,Suburban,Car,No,No,High
ACC11001,35,18,77.3,48.2,9.31,4,3.3,10,0.17,20.6,23,Friday,Clear,Wet,Highway,Crossroad,Daylight,Uncontrolled,Suburban,Car,No,No,Medium
ACC11002,35,22,37.9,39.8,9.52,2,7.9,5,7.87,24.8,23,Friday,Cloudy,Dry,Urban Road,T-Junction,Street Lights,Signal,Urban,Motorcycle,Yes,No,Medium
ACC11003,38,20,44.7,57.4,5.6,6,5.3,4,8.33,35.0,8,Saturday,Fog,,Highway,T-Junction,Daylight,Uncontrolled,Urban,Car,Yes,No,High
ACC11004,36,15,57.6,16.4,7.85,2,8.8,4,30.58,25.8,5,Sunday,Rain,Wet,Urban Road,Straight Road,Poor,Traffic Police,Urban,Motorcycle,No,No,Medium
ACC11005,33,17,56.7,21.2,7.43,4,4.3,5,9.92,26.1,0,Friday,Rain,Dry,Urban Road,Straight Road,,Stop Sign,Urban,Car,No,No,Medium
ACC11006,35,24,78.2,27.2,3.29,4,10.4,7,7.68,26.5,4,Wednesday,Rain,,Residential,Intersection,Street Lights,Signal,Suburban,Bus,No,No,High
ACC11007,34,27,79.9,36.0,6.68,2,7.1,6,17.44,31.0,10,Wednesday,Rain,Dry,Highway,Straight Road,Daylight,Traffic Police,Urban,Car,No,No,High
ACC11008,19,8,36.9,100.0,8.37,4,7.1,12,13.09,28.9,10,Wednesday,Rain,Dry,Residential,Roundabout,Daylight,Signal,Urban,Car,No,No,Medium
ACC11009,57,45,72.6,34.0,6.19,2,9.4,4,0.46,27.2,12,Sunday,Clear,Wet,Rural Road,Intersection,Poor,Signal,Urban,Car,No,Yes,High
ACC11010,42,24,49.2,55.8,5.91,6,5.8,7,3.58,22.6,5,Monday,Cloudy,Dry,Highway,Roundabout,Poor,Signal,Rural,Motorcycle,No,No,Medium
ACC11011,37,24,63.5,41.3,7.98,2,8.0,5,0.52,34.3,12,Friday,Clear,Wet,Highway,Straight Road,Daylight,Uncontrolled,Suburban,Motorcycle,No,No,Medium
ACC11012,32,19,56.4,59.5,8.01,4,10.5,6,61.42,33.1,8,Saturday,Storm,Wet,Rural Road,Intersection,Daylight,Traffic Police,Urban,Motorcycle,No,Yes,High
ACC11013,33,22,72.4,94.3,8.46,5,7.3,1,11.77,19.9,12,Friday,Fog,Icy,Residential,T-Junction,Daylight,Stop Sign,Urban,SUV,No,No,High
ACC11014,38,26,21.5,92.2,8.01,4,9.9,2,0.11,20.9,0,Saturday,Clear,Dry,Urban Road,Crossroad,Daylight,Traffic Police,Urban,SUV,No,No,Low
ACC11015,50,40,51.8,43.2,9.85,4,9.0,5,16.75,27.8,3,Sunday,Rain,Dry,Residential,T-Junction,Street Lights,Signal,Suburban,Truck,No,Yes,High
ACC11016,27,7,85.0,48.3,9.85,3,12.3,3,0.51,22.9,2,Tuesday,Fog,Wet,Residential,Roundabout,Daylight,Signal,Urban,Car,No,No,High
ACC11017,38,13,56.5,73.0,10.1,2,10.8,3,0.05,30.5,5,Tuesday,Clear,Dry,Rural Road,T-Junction,Daylight,Stop Sign,Rural,Truck,Yes,No,Medium
ACC11018,18,0,20.0,74.6,10.8,2,12.6,10,0.71,26.3,1,Monday,Cloudy,Dry,Residential,T-Junction,Street Lights,Traffic Police,Urban,Car,Yes,No,Medium
ACC11019,44,38,45.4,56.1,10.46,5,6.8,7,7.43,25.0,8,Tuesday,Fog,Dry,Highway,Crossroad,Daylight,Stop Sign,Suburban,Truck,No,No,High
ACC11020,39,21,76.8,73.6,6.25,3,9.2,6,0.99,23.7,2,Wednesday,Clear,Dry,Residential,Crossroad,Street Lights,Signal,Suburban,Car,No,No,High
ACC11021,34,15,38.2,30.5,4.93,3,9.8,7,13.21,28.6,11,Monday,Rain,Dry,Rural Road,T-Junction,Poor,Signal,Rural,Bus,Yes,No,Medium
ACC11022,18,0,48.5,32.3,9.65,3,6.2,3,0.13,27.3,12,Monday,Clear,Damaged,Urban Road,Crossroad,Daylight,Signal,Urban,SUV,No,No,Low
ACC11023,29,9,68.7,46.0,11.38,1,7.9,3,14.09,21.2,1,Monday,Fog,Damaged,Residential,T-Junction,Street Lights,Signal,Suburban,Motorcycle,No,No,High
ACC11024,25,10,63.4,32.4,6.32,3,13.7,6,59.31,19.3,11,Thursday,Storm,Dry,Highway,Intersection,Daylight,Signal,Urban,Motorcycle,No,No,High
ACC11025,25,15,34.1,73.1,10.01,3,10.1,7,0.67,32.9,4,Sunday,Fog,Dry,Highway,T-Junction,Daylight,Traffic Police,Urban,Motorcycle,No,No,High
ACC11026,18,11,26.4,9.1,12.0,3,10.8,2,0.44,34.0,8,Tuesday,Cloudy,Dry,Highway,Straight Road,Daylight,Stop Sign,Rural,Car,No,No,Low
ACC11027,31,26,45.8,54.3,7.67,2,8.9,6,3.47,30.0,21,Friday,Fog,Damaged,Urban Road,Crossroad,Daylight,Uncontrolled,Rural,SUV,Yes,Yes,High
ACC11028,55,50,62.3,50.7,4.69,3,7.4,5,32.47,31.2,11,Thursday,Rain,Dry,Highway,Crossroad,Daylight,Signal,Suburban,Motorcycle,No,No,High
ACC11029,43,19,63.2,66.7,11.51,2,7.2,6,1.07,33.3,21,Saturday,Clear,Wet,Rural Road,Roundabout,Daylight,Signal,Urban,Car,No,No,Medium
ACC11030,36,19,80.6,51.8,9.58,2,3.4,7,16.38,30.5,2,Wednesday,Rain,Dry,Urban Road,Roundabout,Poor,Stop Sign,Rural,Bus,Yes,No,High
ACC11031,41,25,23.6,70.1,8.52,2,3.9,11,0.06,27.1,4,Thursday,Clear,Wet,Urban Road,Straight Road,Street Lights,Uncontrolled,Urban,Car,No,No,High
ACC11032,59,46,66.6,44.9,9.88,3,9.1,6,0.77,27.4,16,Wednesday,Cloudy,Dry,Urban Road,Crossroad,Poor,Stop Sign,Urban,Car,Yes,No,High
ACC11033,24,3,48.7,36.2,7.38,1,13.0,7,0.11,19.8,12,Sunday,Clear,Wet,Highway,Crossroad,Street Lights,Uncontrolled,Suburban,Motorcycle,No,No,Low
ACC11034,26,17,55.2,41.6,11.9,4,4.6,4,0.3,27.4,2,Friday,Clear,Dry,Rural Road,Roundabout,Daylight,Uncontrolled,Urban,Truck,Yes,No,Low
ACC11035,30,10,68.6,53.3,7.84,3,8.7,5,0.06,33.5,17,Friday,Clear,Wet,Rural Road,Roundabout,Daylight,Signal,Rural,Motorcycle,Yes,No,High
ACC11036,19,7,83.8,43.4,3.32,6,7.0,5,10.8,14.1,15,Tuesday,Rain,Dry,Residential,T-Junction,Daylight,Signal,Urban,Truck,Yes,No,High
ACC11037,39,20,57.4,40.5,7.02,2,10.5,8,0.36,32.0,1,Saturday,Clear,Wet,Highway,Crossroad,Daylight,Uncontrolled,Urban,Car,No,No,Low
ACC11038,32,13,59.9,9.0,3.23,2,4.4,9,8.15,21.3,10,Thursday,Rain,Damaged,Urban Road,Crossroad,Street Lights,Signal,Suburban,Motorcycle,Yes,No,High
ACC11039,42,31,68.7,84.8,8.16,5,5.6,5,2.31,22.9,23,Friday,Clear,Dry,Residential,T-Junction,Daylight,Signal,Suburban,Car,Yes,Yes,High
ACC11040,44,20,62.2,63.4,12.0,2,8.0,6,0.49,26.8,20,Sunday,Clear,Damaged,Rural Road,Crossroad,Daylight,Signal,Urban,SUV,Yes,Yes,High
ACC11041,50,35,71.2,45.2,5.08,5,12.0,7,0.7,34.9,13,Wednesday,Cloudy,Dry,Highway,Straight Road,Daylight,Signal,Urban,Car,No,No,High
ACC11042,43,33,96.4,89.3,6.73,5,5.3,2,10.09,27.6,9,Friday,Rain,Dry,Rural Road,Roundabout,Daylight,Traffic Police,Suburban,Car,No,No,High
ACC11043,31,13,111.9,26.6,4.34,4,8.1,10,0.84,23.5,9,Tuesday,Clear,Dry,Residential,Roundabout,Daylight,Signal,Urban,SUV,No,No,High
ACC11044,29,9,57.3,42.3,7.73,5,6.8,7,1.23,36.8,6,Wednesday,Cloudy,Dry,Rural Road,Roundabout,Daylight,Signal,Urban,SUV,No,No,Low
ACC11045,24,0,92.1,66.0,8.55,3,5.7,11,0.16,26.3,15,Monday,Fog,Wet,Highway,Intersection,Street Lights,Stop Sign,Suburban,Bus,No,No,High
ACC11046,36,30,51.0,49.8,3.1,5,9.0,6,8.43,21.2,18,Saturday,Cloudy,Wet,Rural Road,Straight Road,Daylight,Uncontrolled,Urban,Car,No,No,High
ACC11047,39,23,44.6,57.9,9.75,7,8.4,12,1.26,26.8,16,Tuesday,Clear,Dry,Urban Road,Straight Road,Street Lights,Stop Sign,Rural,Motorcycle,No,No,Low
ACC11048,19,4,20.0,40.6,7.42,5,3.0,3,0.16,31.1,6,Sunday,Clear,Dry,Highway,T-Junction,Daylight,Traffic Police,Suburban,Motorcycle,Yes,No,Low
ACC11049,48,37,61.5,25.5,7.52,4,6.0,7,7.75,26.2,2,Sunday,Fog,Wet,Highway,Intersection,Daylight,Uncontrolled,Rural,Bus,No,No,Medium
ACC11050,35,15,53.9,37.8,5.35,1,5.3,7,0.87,17.6,1,Sunday,Clear,Damaged,Urban Road,Crossroad,Street Lights,Stop Sign,Urban,Car,No,No,Medium
ACC11051,31,22,59.3,69.4,8.21,4,6.3,8,0.71,15.9,1,Sunday,Fog,Dry,Urban Road,Straight Road,Street Lights,Signal,Rural,Car,No,No,High
ACC11052,24,12,60.2,65.9,12.0,3,6.2,9,3.5,24.8,0,Tuesday,Cloudy,Damaged,Urban Road,Intersection,Daylight,Stop Sign,Urban,Motorcycle,No,No,Medium
ACC11053,50,30,60.1,34.5,10.03,4,12.4,10,2.24,45.0,20,Monday,Fog,Dry,Rural Road,Intersection,Poor,Uncontrolled,Urban,Car,No,No,Medium
ACC11054,41,26,61.7,9.0,10.15,3,7.2,10,56.23,28.8,20,Saturday,Rain,Dry,Rural Road,Straight Road,Daylight,Uncontrolled,Urban,Truck,Yes,No,Low
ACC11055,44,36,20.6,56.9,4.74,6,6.6,7,44.7,35.5,23,Sunday,Storm,Wet,Residential,T-Junction,Daylight,Traffic Police,Urban,Bus,Yes,No,High
ACC11056,34,11,37.4,42.1,12.0,3,12.3,5,0.87,21.7,14,Friday,Clear,Dry,Urban Road,Intersection,Street Lights,Stop Sign,Urban,Truck,No,No,Low
ACC11057,53,33,61.1,54.8,6.78,1,7.1,4,5.49,25.0,22,Tuesday,Rain,Dry,Highway,Roundabout,Street Lights,Stop Sign,Urban,Motorcycle,No,No,High
ACC11058,44,28,31.0,70.5,9.54,1,8.9,5,1.65,20.4,20,Monday,Clear,Dry,Residential,Intersection,Daylight,Signal,Urban,SUV,No,No,Low
ACC11059,50,33,68.1,100.0,8.36,4,7.8,3,4.62,29.9,21,Saturday,Cloudy,Wet,Urban Road,Crossroad,Daylight,Signal,Urban,Car,No,No,High
ACC11060,48,30,49.4,45.1,8.39,4,11.8,3,3.34,33.6,13,Monday,Cloudy,Wet,Rural Road,Straight Road,Poor,Signal,Suburban,Car,No,Yes,High
ACC11061,28,13,52.6,48.1,10.22,2,8.0,8,5.81,13.9,13,Saturday,Fog,Dry,Rural Road,Crossroad,Daylight,Signal,Urban,Motorcycle,No,No,Medium
ACC11062,37,17,62.8,50.1,10.69,4,6.9,7,46.43,17.4,12,Tuesday,Storm,Dry,Urban Road,T-Junction,Daylight,Signal,Suburban,Car,No,No,Medium
ACC11063,50,31,73.3,78.8,4.05,3,7.0,7,53.14,17.8,18,Thursday,Rain,Dry,Residential,Roundabout,Daylight,Signal,Suburban,Car,No,No,High
ACC11064,40,35,68.0,64.9,4.45,3,9.3,5,0.99,30.5,10,Sunday,Clear,Dry,Rural Road,Straight Road,Poor,Stop Sign,Rural,Car,Yes,No,High
ACC11065,24,17,54.4,57.6,7.68,3,9.8,7,0.6,23.9,10,Tuesday,Clear,Dry,Urban Road,Intersection,Daylight,Stop Sign,Urban,SUV,No,Yes,High
ACC11066,36,30,66.2,68.1,9.26,5,10.4,6,23.69,32.6,19,Sunday,Rain,Wet,Urban Road,Roundabout,Street Lights,Stop Sign,Rural,SUV,No,No,High
ACC11067,44,36,46.0,18.8,8.13,5,7.2,5,0.7,23.9,2,Saturday,Clear,Dry,Urban Road,Intersection,Street Lights,Stop Sign,Suburban,Motorcycle,No,No,Low
ACC11068,19,13,30.9,61.6,5.67,2,6.0,7,0.01,27.6,16,Thursday,Clear,Dry,Urban Road,T-Junction,Daylight,Signal,Rural,Car,No,No,Medium
ACC11069,24,15,29.8,87.9,10.04,2,8.0,5,0.71,36.0,10,Friday,Clear,Dry,Highway,Straight Road,Street Lights,Traffic Police,Urban,Car,No,No,Low
ACC11070,19,3,54.3,59.6,11.86,6,9.4,6,0.07,21.0,5,Monday,Clear,Dry,Highway,T-Junction,Poor,Signal,Suburban,Car,No,No,High
ACC11071,40,22,62.5,60.5,7.67,2,11.3,10,0.59,28.3,22,Wednesday,Clear,Damaged,Urban Road,T-Junction,Daylight,Traffic Police,Rural,Car,Yes,No,High
ACC11072,52,29,46.2,58.3,9.27,4,7.9,7,0.03,25.1,0,Tuesday,Clear,Dry,Residential,T-Junction,Daylight,Signal,Urban,Car,No,No,Medium
ACC11073,18,0,41.8,95.1,4.07,2,10.6,6,0.13,29.4,11,Wednesday,Clear,Dry,Highway,T-Junction,Poor,Stop Sign,Suburban,Truck,No,Yes,High
ACC11074,37,31,46.6,100.0,7.1,2,5.7,7,0.4,25.5,16,Friday,Clear,Dry,Urban Road,Intersection,Street Lights,Signal,Rural,Motorcycle,No,No,Medium
ACC11075,28,14,46.9,48.8,9.66,3,8.4,6,46.41,35.2,10,Tuesday,Storm,Dry,Urban Road,Crossroad,Daylight,Signal,Suburban,Car,No,No,Medium
ACC11076,54,35,41.8,55.2,8.29,3,5.3,8,1.18,23.7,4,Wednesday,Clear,Dry,Highway,Intersection,Street Lights,Signal,Urban,Bus,No,No,High
ACC11077,37,26,62.6,38.8,5.99,5,7.9,7,0.66,18.0,5,Friday,Clear,Dry,Highway,Roundabout,Street Lights,Uncontrolled,Suburban,Bus,No,No,Medium
ACC11078,44,32,59.1,80.3,7.2,5,10.9,3,4.46,37.8,7,Thursday,Rain,Dry,Urban Road,T-Junction,Street Lights,Signal,Urban,Motorcycle,No,No,High
ACC11079,50,29,103.2,69.4,10.16,3,10.3,4,1.43,24.1,18,Friday,Clear,Dry,Urban Road,Roundabout,Poor,Stop Sign,Rural,Car,No,No,High
ACC11080,37,31,51.8,7.1,7.25,2,6.5,7,3.85,26.5,21,Tuesday,Fog,Dry,Rural Road,Intersection,Daylight,Signal,Urban,SUV,No,No,Medium
ACC11081,18,2,49.8,65.1,6.63,2,7.2,2,22.91,32.2,18,Saturday,Rain,Dry,Residential,T-Junction,Daylight,Signal,Urban,Truck,Yes,No,Medium
ACC11082,34,13,74.9,46.1,9.01,6,5.7,7,0.02,30.0,12,Saturday,Clear,Damaged,Urban Road,Intersection,Street Lights,Traffic Police,Urban,Car,No,Yes,High
ACC11083,37,16,53.2,59.5,7.84,4,7.7,2,0.05,30.5,2,Sunday,Clear,Dry,Highway,T-Junction,Daylight,Uncontrolled,Suburban,Truck,No,No,Low
ACC11084,22,15,35.0,24.8,10.55,5,10.4,3,0.46,23.9,0,Sunday,Fog,Dry,Highway,Intersection,Street Lights,Stop Sign,Rural,Motorcycle,No,No,Medium
ACC11085,18,0,72.5,43.8,6.67,3,4.7,8,1.17,30.1,19,Saturday,Fog,Dry,Rural Road,Straight Road,Daylight,Signal,Urban,Truck,Yes,No,High
ACC11086,20,13,50.8,37.3,9.02,4,10.4,5,8.52,29.0,4,Tuesday,Cloudy,Dry,Highway,Crossroad,Daylight,Signal,Urban,Motorcycle,No,No,Low
ACC11087,50,27,81.4,55.4,4.88,6,3.0,8,1.39,25.7,19,Tuesday,Cloudy,Wet,Residential,Crossroad,Daylight,Traffic Police,Urban,Motorcycle,No,No,High
ACC11088,22,13,74.8,48.9,8.35,6,4.3,5,1.0,29.1,3,Friday,Clear,Dry,Highway,T-Junction,Street Lights,Signal,Rural,Truck,Yes,No,High
ACC11089,66,55,98.2,62.2,11.53,8,3.6,4,43.15,21.9,8,Tuesday,Storm,Wet,Highway,Straight Road,Street Lights,Uncontrolled,Urban,Truck,No,Yes,High
ACC11090,51,45,47.9,31.8,2.55,2,7.6,10,0.63,34.3,21,Sunday,Clear,Dry,Highway,Roundabout,Daylight,Signal,Urban,Car,Yes,No,High
ACC11091,45,33,57.8,33.6,9.1,3,6.5,7,1.49,38.6,11,Friday,Fog,Dry,Residential,Straight Road,Daylight,Traffic Police,Suburban,Car,No,No,Low
ACC11092,18,6,43.9,59.0,7.11,4,11.3,8,3.71,19.0,18,Saturday,Cloudy,Wet,Rural Road,T-Junction,Daylight,Signal,Urban,Car,No,No,Medium
ACC11093,50,34,50.7,33.0,7.88,3,9.1,5,3.66,26.7,22,Sunday,Cloudy,Dry,Urban Road,Straight Road,Street Lights,Signal,Urban,Motorcycle,No,No,Low
ACC11094,29,9,55.3,40.0,7.12,5,6.2,3,2.62,22.4,23,Monday,Cloudy,Dry,Urban Road,Roundabout,Daylight,Stop Sign,Urban,Car,No,No,Medium
ACC11095,18,3,20.0,60.4,8.08,4,8.5,4,0.15,16.8,13,Monday,Clear,Dry,Highway,T-Junction,Street Lights,Traffic Police,Rural,Truck,No,No,Low
ACC11096,38,13,70.2,94.2,9.26,6,7.1,5,0.62,26.1,3,Sunday,Clear,Wet,Urban Road,Crossroad,Daylight,Traffic Police,Rural,Car,No,No,High
ACC11097,40,31,64.8,33.9,4.62,2,7.9,6,0.78,24.8,22,Sunday,Clear,Dry,Rural Road,Straight Road,Daylight,Uncontrolled,Suburban,Truck,No,No,High
ACC11098,26,17,104.4,15.7,9.39,3,8.3,6,1.0,31.6,12,Monday,Clear,Damaged,Rural Road,Crossroad,Street Lights,Uncontrolled,Urban,Bus,No,No,High
ACC11099,28,9,63.6,48.6,12.0,2,11.0,5,14.57,34.0,4,Wednesday,Rain,Dry,Rural Road,Crossroad,Daylight,Stop Sign,Urban,Car,No,No,Low
ACC11100,33,22,26.5,53.2,7.4,5,12.6,5,0.18,25.6,11,Monday,Clear,Damaged,Residential,Intersection,Daylight,Uncontrolled,Urban,Truck,No,No,Medium
ACC11101,33,25,70.6,95.9,6.56,6,10.6,5,1.9,35.9,18,Monday,Clear,Dry,Urban Road,Roundabout,Daylight,Uncontrolled,Suburban,SUV,Yes,No,High
ACC11102,43,22,54.4,67.8,7.5,4,6.7,10,76.14,25.6,13,Friday,Storm,Wet,Residential,Straight Road,Daylight,Stop Sign,Suburban,Car,No,No,High
ACC11103,32,22,50.4,60.0,8.64,4,8.1,5,2.88,28.4,22,Friday,Fog,Dry,Rural Road,Crossroad,Daylight,Stop Sign,Rural,SUV,No,No,High
ACC11104,53,33,55.9,65.6,6.11,2,7.5,6,2.22,31.2,20,Saturday,Fog,Damaged,Highway,Crossroad,Daylight,Stop Sign,Urban,Truck,No,No,High
ACC11105,38,29,77.0,48.0,9.45,6,4.4,4,80.0,32.7,11,Sunday,Storm,Dry,Rural Road,Roundabout,Street Lights,Stop Sign,Suburban,Motorcycle,No,No,Medium
ACC11106,18,0,64.4,29.2,12.0,5,8.6,3,0.17,32.1,2,Tuesday,Clear,Dry,Urban Road,Crossroad,Street Lights,Uncontrolled,Suburban,Car,No,No,Low
ACC11107,48,37,99.3,88.3,12.0,6,10.1,4,0.67,23.9,23,Tuesday,Clear,Dry,Rural Road,Crossroad,Street Lights,Signal,Urban,Truck,No,No,Medium
ACC11108,26,6,48.9,47.1,10.41,3,4.6,7,13.17,33.3,6,Tuesday,Rain,Dry,Highway,Crossroad,Daylight,Signal,Suburban,Motorcycle,No,No,Low
ACC11109,48,26,65.3,84.1,10.36,3,6.7,18,12.35,33.5,1,Saturday,Rain,Dry,Urban Road,Crossroad,Street Lights,Stop Sign,Rural,Truck,No,No,High
ACC11110,39,32,60.7,51.0,10.93,4,6.4,4,0.64,29.0,13,Friday,Clear,Damaged,Rural Road,Intersection,Street Lights,Signal,Rural,Bus,No,No,Medium
ACC11111,26,20,38.0,78.9,8.06,3,9.1,2,17.87,28.1,19,Friday,Rain,Icy,Highway,Intersection,Daylight,Stop Sign,Suburban,Motorcycle,No,No,High
ACC11112,30,13,43.9,81.2,4.45,3,9.6,4,0.49,28.0,21,Monday,Clear,Dry,Urban Road,T-Junction,Street Lights,Traffic Police,Urban,Car,No,No,Medium
ACC11113,40,23,73.4,45.0,10.47,5,12.7,2,0.3,34.7,1,Thursday,Clear,Damaged,Urban Road,Straight Road,Poor,Stop Sign,Rural,Car,No,No,High
ACC11114,38,21,52.6,54.5,4.28,2,8.6,8,2.12,23.6,7,Friday,Cloudy,Dry,Highway,Roundabout,Daylight,Uncontrolled,Suburban,Car,No,No,Medium
ACC11115,45,31,69.2,65.4,6.61,3,10.4,6,2.6,22.3,14,Saturday,Cloudy,Dry,Highway,T-Junction,Poor,Signal,Urban,SUV,Yes,No,High
ACC11116,40,16,57.0,78.5,9.33,3,8.2,3,2.09,22.4,5,Thursday,Cloudy,Wet,Residential,Intersection,Daylight,Traffic Police,Urban,Car,No,No,Medium
ACC11117,35,16,44.1,27.4,5.87,5,7.6,6,1.02,27.7,16,Friday,Clear,Wet,Residential,Intersection,Daylight,Stop Sign,Urban,Car,No,No,Low
ACC11118,36,30,45.2,100.0,12.0,5,7.6,4,6.32,23.7,18,Saturday,Fog,Icy,Highway,Intersection,Daylight,Signal,Urban,Car,No,No,High
ACC11119,33,12,36.8,43.8,6.95,3,9.6,7,1.11,25.8,10,Friday,Clear,Dry,Rural Road,T-Junction,Street Lights,Stop Sign,Suburban,SUV,No,No,Low
ACC11120,41,30,76.1,41.1,4.88,4,7.7,5,1.4,27.5,8,Wednesday,Clear,Wet,Highway,Intersection,Daylight,Traffic Police,Urban,Motorcycle,No,Yes,High
ACC11121,40,21,52.3,91.8,,5,5.3,7,1.62,36.5,4,Thursday,Fog,Dry,Rural Road,T-Junction,Poor,Signal,Urban,SUV,Yes,Yes,High
ACC11122,38,32,41.1,42.6,6.14,3,8.6,5,18.71,18.0,4,Sunday,Storm,Dry,Urban Road,Intersection,Street Lights,Stop Sign,Urban,Truck,No,No,High
ACC11123,60,40,47.5,73.0,6.96,3,9.1,4,3.34,20.9,22,Sunday,Fog,Dry,Highway,Crossroad,Street Lights,Traffic Police,Urban,SUV,No,No,High
ACC11124,39,23,29.9,35.5,9.33,4,8.2,3,59.83,32.3,14,Wednesday,Rain,Icy,Highway,Crossroad,Daylight,Signal,Urban,Car,No,Yes,Medium
ACC11125,49,30,66.3,71.1,9.96,1,8.3,5,28.33,38.2,3,Monday,Rain,Wet,Urban Road,Straight Road,Poor,Stop Sign,Urban,Car,No,No,High
ACC11126,28,13,65.3,42.0,9.4,4,9.2,8,2.82,31.2,7,Wednesday,Cloudy,Wet,Rural Road,Intersection,Street Lights,Stop Sign,Urban,Car,No,No,Medium
ACC11127,35,14,71.9,54.9,7.76,7,7.5,8,0.88,21.3,7,Wednesday,Clear,Dry,Rural Road,Straight Road,Daylight,Signal,Suburban,Motorcycle,No,No,Medium
ACC11128,18,0,50.1,79.9,4.57,4,9.3,3,0.86,30.7,22,Saturday,Clear,Dry,Highway,T-Junction,Street Lights,Stop Sign,Urban,Truck,Yes,No,High
ACC11129,36,16,46.9,26.1,9.3,3,8.9,9,0.71,30.6,9,Sunday,,Dry,Highway,Straight Road,Street Lights,Signal,Suburban,Car,No,No,Low
ACC11130,28,8,60.3,77.3,,3,9.0,6,0.48,32.2,19,Monday,Clear,Dry,Residential,Intersection,Street Lights,Uncontrolled,Urban,Car,No,No,Medium
ACC11131,27,18,54.7,54.9,8.3,3,10.7,5,40.48,29.9,16,Thursday,Rain,Dry,Rural Road,T-Junction,Daylight,Signal,Urban,Truck,No,No,Low
ACC11132,37,25,36.8,75.8,6.39,1,9.5,3,0.33,31.6,2,Tuesday,Cloudy,Wet,Urban Road,T-Junction,Daylight,Signal,Urban,Car,No,No,Medium
ACC11133,31,23,81.1,16.7,8.58,4,4.3,3,0.27,32.3,16,Friday,Clear,Dry,Urban Road,Crossroad,Daylight,Stop Sign,Urban,Motorcycle,No,No,Medium
ACC11134,18,2,49.7,57.4,6.53,4,10.1,7,0.08,29.9,22,Saturday,Clear,Dry,Rural Road,T-Junction,Daylight,Signal,Urban,Car,No,No,Medium
ACC11135,33,19,84.5,43.8,8.63,5,11.2,7,31.46,32.6,0,Thursday,Rain,Dry,Highway,T-Junction,Street Lights,Signal,Urban,Truck,Yes,No,High
ACC11136,74,55,33.7,42.0,3.56,3,11.2,5,0.34,25.9,23,Monday,Clear,Dry,Urban Road,Straight Road,Poor,Uncontrolled,Urban,Motorcycle,No,No,Medium
ACC11137,40,34,76.0,30.9,11.94,4,11.5,4,4.11,24.4,15,Wednesday,Fog,Dry,Urban Road,T-Junction,Poor,Traffic Police,Suburban,Truck,No,No,Medium
ACC11138,38,14,57.9,56.2,8.52,3,9.3,6,2.88,17.8,20,Tuesday,Cloudy,Damaged,Residential,Roundabout,Street Lights,Uncontrolled,Urban,Car,No,Yes,High
ACC11139,23,6,60.4,21.1,7.0,4,8.8,7,0.57,31.5,4,Wednesday,Cloudy,Wet,Rural Road,Crossroad,Street Lights,Stop Sign,Rural,Car,No,No,Medium
ACC11140,21,10,108.0,23.0,7.12,3,7.4,4,1.9,11.9,15,Friday,Cloudy,Wet,Residential,Crossroad,Daylight,Uncontrolled,Rural,Bus,No,Yes,High
ACC11141,25,13,45.8,12.2,11.23,2,5.4,5,33.27,30.4,0,Monday,Rain,Dry,Rural Road,T-Junction,Street Lights,Traffic Police,Suburban,Truck,No,No,Low
ACC11142,38,25,68.9,18.7,5.49,3,9.4,8,0.13,19.7,0,Tuesday,Clear,Dry,Residential,Straight Road,Daylight,Signal,Urban,Motorcycle,No,No,High
ACC11143,22,1,77.4,38.4,6.56,3,8.4,9,21.63,19.9,1,Thursday,Rain,Dry,Urban Road,Crossroad,Daylight,Signal,Rural,Truck,No,No,High
ACC11144,51,42,73.8,24.8,5.08,3,6.6,7,3.36,22.9,2,Thursday,Cloudy,Damaged,Rural Road,Crossroad,Street Lights,Signal,Urban,Car,No,No,Medium
ACC11145,22,0,56.9,35.8,8.34,7,10.3,3,0.03,32.0,16,Monday,Clear,Wet,Urban Road,Roundabout,Daylight,Stop Sign,Urban,SUV,No,No,Medium
ACC11146,44,33,50.5,32.0,9.42,2,6.9,6,4.3,30.2,16,Monday,Fog,Dry,Rural Road,T-Junction,Daylight,Traffic Police,Urban,Bus,Yes,No,Medium
ACC11147,38,16,61.9,40.1,8.57,3,9.7,2,30.56,28.2,14,Saturday,Rain,,Highway,Crossroad,Street Lights,Stop Sign,Rural,Motorcycle,No,No,Low
ACC11148,52,29,75.1,51.0,9.2,7,8.5,8,9.03,27.6,0,Wednesday,Rain,Dry,Urban Road,Crossroad,Daylight,Uncontrolled,Urban,SUV,No,No,High
ACC11149,23,4,73.1,43.6,10.66,5,11.3,3,5.49,25.7,17,Tuesday,Fog,Wet,Residential,Crossroad,Daylight,Signal,Rural,Car,No,No,High
ACC11150,69,46,48.8,69.5,7.66,4,12.2,10,4.12,18.3,7,Friday,Fog,Damaged,Residential,Crossroad,Daylight,Signal,Urban,Truck,No,No,High
ACC11151,37,17,54.0,33.8,5.8,2,10.1,7,27.99,27.9,16,Monday,Rain,Dry,Urban Road,Straight Road,Daylight,Stop Sign,Rural,SUV,No,No,Medium
ACC11152,48,40,57.9,76.3,5.7,3,6.5,5,4.81,26.7,12,Tuesday,Rain,Dry,Highway,Intersection,Daylight,Traffic Police,Rural,Car,No,No,High
ACC11153,39,15,66.7,9.7,6.03,2,7.9,11,10.79,22.6,7,Saturday,Rain,Dry,Highway,Roundabout,Street Lights,Signal,Rural,Car,No,No,Medium
ACC11154,23,14,66.8,60.6,10.91,4,9.7,6,11.96,35.7,11,Sunday,Rain,Dry,Highway,Straight Road,Daylight,Uncontrolled,Urban,Truck,No,No,Low
ACC11155,27,12,53.7,23.5,9.85,4,7.8,9,4.36,31.1,15,Monday,Cloudy,Dry,Rural Road,Roundabout,Street Lights,Signal,Rural,Car,No,No,Low
ACC11156,35,22,79.9,21.7,1.78,2,11.0,9,5.85,22.8,10,Monday,Rain,Dry,Urban Road,Crossroad,Daylight,Stop Sign,Rural,SUV,Yes,No,High
ACC11157,27,15,48.1,62.0,8.64,2,8.2,8,0.15,34.1,5,Thursday,Clear,Wet,Residential,Roundabout,Daylight,Stop Sign,Urban,Car,No,No,Medium
ACC11158,37,16,79.8,53.3,9.24,5,9.6,7,6.33,35.4,4,Sunday,Fog,Wet,Urban Road,T-Junction,Street Lights,Uncontrolled,Urban,Truck,Yes,Yes,High
ACC11159,45,34,64.4,93.0,6.21,3,9.9,5,6.72,25.0,15,Tuesday,Fog,Dry,Rural Road,T-Junction,Street Lights,Signal,Suburban,Car,No,No,High
ACC11160,49,33,76.9,38.6,6.98,4,9.8,2,0.35,30.2,0,Thursday,Clear,Wet,Rural Road,Intersection,Street Lights,Signal,Urban,Car,No,No,High
ACC11161,53,41,81.5,38.1,5.55,6,6.7,5,10.66,28.2,0,Saturday,,Dry,Urban Road,Intersection,Poor,Signal,Suburban,SUV,No,No,High
ACC11162,35,12,44.4,26.1,4.91,2,11.8,3,0.52,17.1,9,Thursday,Clear,Dry,Urban Road,Roundabout,Daylight,Traffic Police,Urban,Truck,No,No,Low
ACC11163,30,22,39.9,53.5,6.71,4,8.9,8,0.91,25.7,19,Sunday,Clear,Dry,Rural Road,Straight Road,Daylight,Signal,Urban,Car,No,No,Medium
ACC11164,18,9,88.2,81.0,12.0,3,7.9,6,10.19,31.9,12,Saturday,Rain,,Rural Road,Straight Road,Poor,Signal,Urban,Car,No,Yes,High
ACC11165,18,11,87.9,25.4,6.3,4,5.2,9,1.57,27.8,13,Sunday,Clear,Dry,Urban Road,Crossroad,Daylight,Stop Sign,Urban,Truck,No,No,High
ACC11166,34,14,64.4,32.3,7.4,4,5.3,4,22.46,32.5,13,Tuesday,Rain,Dry,Highway,Straight Road,Daylight,Stop Sign,Urban,Bus,Yes,No,High
ACC11167,49,41,58.4,53.6,5.75,4,7.2,3,28.98,28.6,3,Saturday,Rain,Dry,Urban Road,Intersection,Daylight,Uncontrolled,Rural,Truck,Yes,No,Medium
ACC11168,36,20,31.5,80.2,3.13,2,7.1,11,7.96,25.0,8,Saturday,Cloudy,Icy,Urban Road,Straight Road,Street Lights,Traffic Police,Urban,Truck,No,No,High
ACC11169,40,20,52.8,49.1,7.55,4,5.7,4,0.46,35.6,8,Thursday,Clear,Dry,Highway,Crossroad,Daylight,Stop Sign,Rural,Car,Yes,No,Medium
ACC11170,24,17,49.5,74.9,10.34,2,7.3,9,0.85,24.6,1,Sunday,Clear,Dry,Urban Road,T-Junction,Daylight,Traffic Police,Suburban,SUV,No,No,Low
ACC11171,30,6,72.0,58.1,9.01,2,10.7,4,2.41,26.4,2,Wednesday,Cloudy,Dry,Rural Road,Straight Road,Daylight,Uncontrolled,Urban,Truck,No,No,Medium
ACC11172,48,37,65.6,68.1,6.69,2,9.3,4,24.92,35.3,0,Sunday,Storm,Wet,Rural Road,Straight Road,Street Lights,Signal,Urban,Motorcycle,No,No,High
ACC11173,40,19,89.3,51.5,9.31,2,5.9,3,3.39,41.5,21,Friday,Cloudy,Dry,Residential,Intersection,Daylight,Traffic Police,Urban,Motorcycle,No,No,High
ACC11174,30,9,21.7,29.4,6.99,3,10.8,9,0.15,32.1,21,Friday,Clear,Wet,Rural Road,Roundabout,Daylight,Uncontrolled,Urban,Motorcycle,No,No,Low
ACC11175,42,30,69.0,75.1,4.67,4,10.7,10,4.14,26.3,7,Wednesday,Cloudy,Dry,Residential,T-Junction,Street Lights,Signal,Urban,Bus,Yes,No,High
ACC11176,36,20,46.9,66.0,2.61,2,5.1,9,0.09,24.6,16,Monday,Cloudy,Dry,Highway,Roundabout,Poor,Uncontrolled,Urban,Truck,No,No,High
ACC11177,47,29,57.3,61.9,7.44,5,11.6,7,11.44,20.7,8,Thursday,Rain,Dry,Highway,Crossroad,Street Lights,Signal,Rural,SUV,No,No,Medium
ACC11178,40,27,76.1,32.9,12.0,1,9.9,3,0.35,35.1,12,Friday,Clear,Dry,Residential,Crossroad,Street Lights,Signal,Urban,Motorcycle,Yes,No,Low
ACC11179,31,19,54.2,9.6,5.03,3,10.7,7,11.3,33.5,21,Tuesday,Rain,Dry,Highway,Roundabout,Daylight,Uncontrolled,Suburban,Truck,No,No,Medium
ACC11180,33,11,116.1,67.2,6.12,4,6.4,4,3.25,24.0,8,Saturday,Cloudy,Dry,Urban Road,Intersection,Daylight,Uncontrolled,Rural,SUV,No,No,High
ACC11181,20,11,51.5,18.1,10.27,2,7.8,7,29.45,24.5,18,Saturday,Storm,Dry,Rural Road,Intersection,Daylight,Uncontrolled,Rural,Car,No,No,Medium
ACC11182,18,0,50.5,39.3,5.39,2,7.4,4,2.18,21.2,19,Monday,Clear,Dry,Residential,Intersection,Street Lights,Signal,Rural,Motorcycle,No,No,Medium
ACC11183,30,21,26.2,65.6,8.38,1,6.9,4,1.87,21.8,9,Friday,Cloudy,Dry,Rural Road,T-Junction,,Traffic Police,Rural,Truck,No,No,Medium
ACC11184,50,31,65.0,12.7,5.62,1,7.0,5,4.11,24.9,13,Sunday,Fog,Icy,Highway,Crossroad,Street Lights,Signal,Urban,SUV,No,No,Medium
ACC11185,40,29,59.3,57.3,4.2,4,6.5,2,1.27,27.4,13,Thursday,Clear,Dry,Rural Road,Crossroad,Poor,Signal,Rural,Car,No,No,High
ACC11186,32,8,31.9,40.9,4.88,3,9.8,6,0.74,36.9,3,Friday,Fog,Wet,Residential,Crossroad,Daylight,Signal,Rural,Car,No,No,Medium
ACC11187,42,25,50.4,48.3,8.07,2,8.9,8,18.86,23.4,4,Thursday,Rain,Wet,Urban Road,T-Junction,Daylight,Signal,Urban,Car,Yes,No,Medium
ACC11188,47,31,70.1,10.4,12.0,8,10.9,8,0.21,36.6,16,Monday,Clear,Dry,Rural Road,Crossroad,Daylight,Signal,Urban,Car,No,No,Low
ACC11189,28,17,36.5,49.7,7.58,3,3.2,5,0.92,28.7,2,Sunday,Clear,Dry,Urban Road,Roundabout,,Stop Sign,Urban,Car,No,No,Low
ACC11190,28,13,44.2,81.3,10.26,6,9.4,7,23.3,15.9,9,Sunday,Rain,Dry,Highway,Straight Road,Daylight,Uncontrolled,Urban,Motorcycle,No,No,High
ACC11191,70,55,61.7,50.1,5.89,2,7.2,7,0.45,33.2,17,Sunday,Clear,Wet,Highway,T-Junction,Poor,Traffic Police,Urban,SUV,No,No,High
ACC11192,25,17,68.4,100.0,7.96,3,7.5,11,2.13,18.5,5,Saturday,Cloudy,Wet,Urban Road,Straight Road,Daylight,Uncontrolled,Suburban,Truck,Yes,No,High
ACC11193,29,18,81.8,26.7,4.66,2,7.9,2,0.13,39.2,14,Wednesday,Clear,Wet,Urban Road,Roundabout,Daylight,Stop Sign,Suburban,Car,No,No,High
ACC11194,31,7,116.6,100.0,7.39,4,13.7,3,2.86,30.8,4,Saturday,Cloudy,Damaged,Highway,Intersection,Daylight,Uncontrolled,Urban,SUV,No,No,High
ACC11195,24,10,54.3,76.6,6.71,4,6.9,6,1.19,35.8,23,Thursday,Clear,Wet,Urban Road,Intersection,Poor,Uncontrolled,Urban,Truck,Yes,No,High
ACC11196,18,5,24.7,96.1,10.95,5,9.8,8,5.82,22.1,22,Thursday,Fog,Dry,Urban Road,Intersection,Street Lights,Stop Sign,Suburban,Car,No,No,High
ACC11197,36,16,27.4,98.7,7.32,4,12.4,8,20.17,24.3,10,Monday,Storm,Dry,Rural Road,T-Junction,Poor,Uncontrolled,Urban,Car,No,No,High
ACC11198,28,9,114.0,69.1,,4,5.9,5,25.6,27.5,0,Monday,Storm,Wet,Urban Road,Intersection,Poor,Stop Sign,Urban,Bus,No,No,High
ACC11199,40,22,54.9,22.4,10.98,4,8.4,4,19.65,26.4,19,Tuesday,Rain,Dry,Highway,T-Junction,Daylight,Signal,Suburban,Truck,No,No,Low
ACC11200,26,9,88.0,62.1,9.67,4,5.6,4,1.42,25.3,7,Saturday,Clear,Dry,Residential,T-Junction,Daylight,Stop Sign,Urban,Motorcycle,No,No,Medium
ACC11201,49,41,72.2,9.9,9.77,5,6.8,9,19.61,15.5,0,Saturday,Rain,Wet,Urban Road,Straight Road,Daylight,Uncontrolled,Urban,Car,No,No,Medium
ACC11202,34,21,33.5,81.9,4.41,2,9.5,5,0.14,31.1,1,Monday,Clear,Dry,Highway,Intersection,Daylight,Uncontrolled,Urban,Bus,Yes,No,High
ACC11203,26,3,44.6,100.0,11.2,6,8.4,2,0.46,29.1,18,Friday,Clear,Damaged,Highway,Crossroad,Street Lights,Signal,Suburban,Car,No,No,Medium
ACC11204,27,3,99.1,67.9,11.63,3,4.8,2,1.1,36.4,11,Thursday,Clear,Wet,Rural Road,Intersection,Daylight,Stop Sign,Suburban,Bus,Yes,No,High
ACC11205,32,18,46.1,43.6,10.48,2,9.7,1,4.93,21.8,18,Sunday,Cloudy,Dry,Residential,Intersection,Daylight,Traffic Police,Urban,Truck,Yes,No,Low
ACC11206,50,45,65.0,80.1,9.72,3,12.4,5,14.41,25.7,8,Wednesday,Rain,Damaged,Residential,Intersection,Street Lights,Traffic Police,Urban,Car,No,No,High
ACC11207,29,14,58.3,77.8,9.09,4,9.7,5,20.14,29.0,15,Monday,Rain,Dry,Rural Road,Crossroad,Street Lights,Signal,Suburban,Car,Yes,No,High
ACC11208,18,8,20.0,64.7,11.79,3,7.4,7,0.26,26.1,0,Sunday,Clear,Dry,Urban Road,Crossroad,Street Lights,Signal,Rural,Car,Yes,No,Low
ACC11209,54,45,96.7,69.1,8.05,2,6.3,11,0.55,23.6,2,Thursday,Clear,Dry,Urban Road,T-Junction,Daylight,Uncontrolled,Suburban,Car,No,No,High
ACC11210,18,7,33.3,37.7,10.48,5,8.6,6,34.01,25.6,7,Wednesday,Storm,Dry,Highway,Crossroad,Street Lights,Signal,Rural,Car,No,No,Low
ACC11211,61,54,58.2,64.0,9.89,3,6.2,15,1.45,32.1,5,Tuesday,Clear,Dry,Urban Road,T-Junction,Daylight,Signal,Urban,Truck,No,No,Medium
ACC11212,18,12,40.8,72.6,9.04,5,11.2,5,2.43,30.9,12,Friday,Cloudy,Dry,Rural Road,Straight Road,Daylight,Signal,Suburban,Motorcycle,Yes,No,Medium
ACC11213,31,17,76.2,51.6,10.65,3,8.0,5,0.55,33.3,16,Tuesday,Clear,Dry,Rural Road,T-Junction,Street Lights,Uncontrolled,Rural,Motorcycle,No,No,Medium
ACC11214,30,20,60.6,46.0,8.28,4,5.0,7,12.19,22.2,6,Monday,Rain,Dry,Urban Road,Intersection,,Uncontrolled,Suburban,Truck,No,No,Medium
ACC11215,45,35,84.5,57.5,10.33,2,7.5,6,10.35,28.9,15,Friday,Rain,Wet,Rural Road,Roundabout,,Stop Sign,Rural,Bus,No,No,Medium
ACC11216,43,34,97.8,61.9,10.07,1,7.2,5,0.71,22.1,6,Tuesday,Clear,Wet,Urban Road,Roundabout,Daylight,Stop Sign,Urban,SUV,No,No,High
ACC11217,56,41,77.8,58.8,7.47,5,10.3,4,0.3,33.4,9,Thursday,Clear,Dry,Highway,Intersection,Daylight,Stop Sign,Rural,Car,No,No,Medium
ACC11218,18,0,67.4,64.3,9.35,3,9.5,5,19.01,37.7,8,Monday,Rain,Dry,Rural Road,T-Junction,Daylight,Signal,Suburban,Motorcycle,No,Yes,High
ACC11219,18,0,46.8,57.1,4.12,4,8.8,7,9.73,27.3,12,Saturday,Rain,Dry,Highway,Intersection,Poor,Stop Sign,Rural,Car,No,No,High
ACC11220,47,22,49.9,66.9,9.62,1,7.1,2,1.22,19.8,7,Tuesday,Clear,Dry,Highway,Crossroad,Daylight,Signal,Urban,Car,No,No,Low
ACC11221,60,37,73.6,73.7,1.62,2,4.7,7,11.23,22.5,10,Friday,Storm,Wet,Urban Road,T-Junction,Street Lights,Stop Sign,Suburban,Truck,No,No,High
ACC11222,48,35,58.4,53.7,11.3,6,11.5,6,0.09,18.9,6,Friday,Clear,Wet,Highway,Intersection,Street Lights,Signal,Rural,Motorcycle,Yes,Yes,Medium
ACC11223,43,22,86.2,54.8,4.4,2,8.5,11,0.84,24.7,23,Saturday,Clear,Dry,Rural Road,Crossroad,Street Lights,Uncontrolled,Urban,Bus,No,Yes,High
ACC11224,48,39,86.5,49.7,7.47,3,11.8,5,9.38,30.3,17,Sunday,Fog,Dry,Residential,Crossroad,Daylight,Stop Sign,Suburban,Motorcycle,No,Yes,High
ACC11225,20,11,64.4,37.7,11.06,4,9.3,8,0.02,24.6,11,Wednesday,Clear,Dry,Highway,T-Junction,Daylight,Signal,Rural,Car,No,No,Low
ACC11226,32,13,43.5,55.2,9.3,4,6.3,9,6.15,17.6,12,Friday,Cloudy,Wet,Highway,Straight Road,Daylight,Signal,Urban,SUV,No,No,Medium
ACC11227,35,26,54.9,5.0,6.5,5,9.6,8,0.55,31.1,19,Friday,Clear,Dry,Rural Road,Straight Road,Daylight,Signal,Urban,Car,No,No,Medium
ACC11228,34,20,75.2,65.7,7.08,3,5.6,8,0.41,18.9,16,Sunday,Clear,Icy,Residential,Crossroad,Daylight,Stop Sign,Suburban,Car,No,No,High
ACC11229,41,30,37.1,100.0,10.13,5,4.5,8,33.66,36.2,19,Monday,Storm,Wet,Urban Road,Straight Road,Street Lights,Signal,Urban,Car,No,No,High
ACC11230,35,25,76.5,43.1,5.96,2,10.1,3,0.27,26.7,6,Friday,Clear,,Highway,Crossroad,Daylight,Signal,Urban,SUV,No,No,Medium
ACC11231,30,22,43.6,87.8,8.41,3,7.1,6,0.2,27.8,12,Wednesday,Fog,Dry,Rural Road,Straight Road,Street Lights,Stop Sign,Urban,Motorcycle,No,No,High
ACC11232,22,5,47.4,60.0,6.47,4,11.4,7,1.28,34.6,0,Friday,Clear,Damaged,Highway,Crossroad,Daylight,Uncontrolled,Urban,Motorcycle,No,Yes,High
ACC11233,33,27,44.7,30.2,9.23,3,6.1,11,0.24,37.5,9,Wednesday,Clear,Dry,Urban Road,Crossroad,Street Lights,Signal,Urban,Bus,No,No,Low
ACC11234,21,2,36.2,30.9,9.3,3,12.1,8,2.19,18.3,22,Sunday,Clear,Dry,Highway,Crossroad,Poor,Stop Sign,Urban,Truck,No,No,Low
ACC11235,34,11,84.0,65.5,7.07,5,10.8,7,23.95,13.2,14,Thursday,Rain,Dry,Urban Road,Crossroad,Daylight,Traffic Police,Suburban,Bus,No,No,High
ACC11236,39,27,64.2,43.0,5.77,2,10.0,7,0.41,28.8,13,Wednesday,Clear,Wet,Highway,Roundabout,Poor,Traffic Police,Suburban,Motorcycle,No,Yes,High
ACC11237,28,15,43.1,100.0,6.61,4,8.1,5,0.99,34.0,20,Monday,Fog,Wet,Highway,Straight Road,Street Lights,Signal,Suburban,SUV,Yes,Yes,High
ACC11238,43,26,48.5,51.3,4.82,2,8.9,5,1.7,25.6,1,Tuesday,Cloudy,Wet,Residential,Crossroad,Street Lights,Uncontrolled,Urban,Bus,No,No,Medium
ACC11239,46,28,83.9,24.1,4.52,6,10.7,4,14.58,35.1,16,Saturday,Storm,Damaged,Highway,Intersection,Street Lights,Stop Sign,Urban,Motorcycle,No,No,High
ACC11240,29,13,53.5,50.1,10.27,2,9.2,7,0.09,35.2,23,Tuesday,Clear,Damaged,Urban Road,T-Junction,Daylight,Traffic Police,Urban,Car,Yes,No,Medium
ACC11241,31,12,71.7,15.6,8.98,3,10.4,9,2.82,41.5,23,Thursday,Fog,Damaged,Urban Road,Intersection,Daylight,Stop Sign,Rural,SUV,No,No,High
ACC11242,43,22,54.3,5.0,6.3,1,9.2,6,6.63,29.2,18,Monday,Rain,Dry,Residential,Intersection,Daylight,Uncontrolled,Suburban,Truck,No,No,Low
ACC11243,24,0,72.7,55.5,11.37,3,7.4,9,28.72,14.3,13,Thursday,Rain,Dry,Urban Road,Roundabout,Daylight,Uncontrolled,Rural,Truck,No,No,Medium
ACC11244,23,10,43.6,53.8,9.51,2,12.3,7,7.29,24.7,0,Thursday,Rain,Wet,Highway,Straight Road,Poor,Stop Sign,Urban,Bus,Yes,No,High
ACC11245,31,14,40.5,69.8,9.18,6,12.6,3,3.92,33.8,15,Friday,Rain,Wet,Urban Road,Roundabout,Street Lights,Uncontrolled,Suburban,Motorcycle,No,No,Medium
ACC11246,35,22,56.6,50.8,10.68,4,11.2,2,1.73,33.6,21,Friday,Cloudy,Wet,Rural Road,Straight Road,Daylight,Signal,Urban,Car,No,No,Medium
ACC11247,29,19,70.8,100.0,10.41,3,9.0,5,0.74,22.5,14,Monday,Clear,Dry,Highway,Crossroad,Street Lights,Signal,Rural,Car,No,No,Low
ACC11248,41,16,50.2,61.7,9.68,2,8.4,7,0.53,27.9,9,Tuesday,Clear,Wet,Highway,Roundabout,Street Lights,Signal,Urban,Motorcycle,Yes,Yes,Medium
ACC11249,20,15,54.3,87.2,7.82,2,10.8,10,3.93,25.5,5,Wednesday,,Wet,Highway,T-Junction,Daylight,Traffic Police,Urban,Car,No,No,High
ACC11250,40,34,61.0,63.5,7.98,6,8.3,7,10.1,21.8,0,Friday,Cloudy,Dry,Residential,Straight Road,Daylight,Stop Sign,Urban,Motorcycle,No,No,High
ACC11251,29,12,48.1,73.5,3.64,2,5.8,8,12.12,30.9,13,Monday,Rain,Dry,Highway,Roundabout,Daylight,Stop Sign,Suburban,Bus,No,No,Medium
ACC11252,52,33,45.7,75.7,8.8,3,8.1,5,4.59,23.5,5,Monday,Cloudy,Dry,Rural Road,T-Junction,Poor,Stop Sign,Urban,Car,No,No,High
ACC11253,45,25,61.4,78.0,9.47,6,10.4,5,1.03,25.5,3,Sunday,Clear,Dry,Residential,Intersection,Street Lights,Signal,Urban,Car,No,No,Medium
ACC11254,36,17,81.6,49.8,7.86,2,9.0,6,0.31,20.2,6,Tuesday,Clear,Dry,Residential,Crossroad,Daylight,Signal,Urban,Bus,No,No,High
ACC11255,35,14,45.2,86.6,2.83,5,8.5,10,19.45,37.3,10,Monday,Rain,Dry,Urban Road,Crossroad,Daylight,Uncontrolled,Rural,Truck,No,No,High
ACC11256,29,9,53.0,25.1,2.68,2,6.8,4,0.57,30.1,0,Saturday,Clear,Dry,Residential,Intersection,Street Lights,Traffic Police,Urban,Car,No,No,Medium
ACC11257,18,2,66.1,100.0,2.45,3,5.5,6,0.16,28.5,6,Monday,Clear,Wet,Urban Road,Roundabout,Poor,Signal,Rural,Bus,Yes,No,High
ACC11258,36,22,61.9,35.0,4.27,2,7.5,7,0.98,25.4,3,Tuesday,Cloudy,Wet,Highway,Intersection,Street Lights,Signal,Rural,Truck,No,No,High
ACC11259,47,28,83.3,41.3,8.41,1,9.3,6,0.14,25.2,4,Friday,Clear,Wet,Residential,T-Junction,Street Lights,Signal,Rural,Car,No,No,Medium
ACC11260,25,5,57.6,23.9,8.03,3,7.2,6,1.03,35.0,9,Tuesday,Cloudy,Dry,Urban Road,Straight Road,Daylight,Signal,Rural,Car,No,No,Medium
ACC11261,26,14,33.5,53.9,8.0,4,8.7,9,0.88,14.5,23,Thursday,Clear,Dry,Urban Road,Roundabout,Daylight,Signal,Rural,Car,No,No,Low
ACC11262,36,31,36.8,66.5,7.14,4,9.8,10,6.49,32.7,17,Friday,Rain,Damaged,Urban Road,Straight Road,Daylight,Stop Sign,Urban,Bus,No,Yes,High
ACC11263,21,10,81.0,75.1,5.96,1,10.2,5,0.92,24.1,4,Thursday,Clear,Dry,Highway,Intersection,Street Lights,Signal,Urban,Motorcycle,No,No,High
ACC11264,27,11,36.1,62.9,6.65,5,9.0,7,0.62,27.1,7,Monday,Cloudy,Icy,Highway,Crossroad,Daylight,Signal,Suburban,Motorcycle,Yes,No,High
ACC11265,30,14,55.3,100.0,7.53,5,5.5,3,3.19,36.6,7,Thursday,Clear,Wet,Rural Road,Straight Road,Street Lights,Uncontrolled,Urban,SUV,No,No,High
ACC11266,36,23,38.5,53.5,9.72,5,9.3,4,0.3,39.1,22,Tuesday,Clear,Dry,Residential,Straight Road,Daylight,Traffic Police,Urban,Car,No,No,Medium
ACC11267,58,34,58.6,65.0,9.89,5,8.1,8,0.28,34.2,7,Tuesday,Clear,,Rural Road,Crossroad,Street Lights,Signal,Suburban,Car,Yes,No,High
ACC11268,34,19,63.0,97.1,8.2,3,3.6,2,2.81,24.0,13,Sunday,Cloudy,Dry,Urban Road,Straight Road,Daylight,Uncontrolled,Suburban,Car,No,No,High
ACC11269,39,31,63.8,86.7,3.4,2,7.8,5,3.11,22.8,21,Wednesday,Cloudy,Dry,Residential,Straight Road,Daylight,Signal,Rural,Car,No,No,High
ACC11270,34,25,56.0,46.7,7.55,4,12.6,4,0.69,40.8,10,Sunday,Clear,Wet,Urban Road,Crossroad,Street Lights,Traffic Police,Suburban,Truck,No,No,Medium
ACC11271,38,31,33.4,34.0,8.51,4,8.8,6,13.33,18.8,1,Sunday,Rain,Dry,Urban Road,Crossroad,Daylight,Uncontrolled,Suburban,Truck,No,Yes,Medium
ACC11272,37,27,47.9,61.4,5.9,3,9.8,4,1.35,21.9,4,Saturday,Fog,Damaged,Urban Road,Intersection,Poor,Uncontrolled,Urban,Car,No,No,High
ACC11273,46,35,47.0,48.8,12.0,5,11.8,4,10.36,29.2,1,Sunday,Rain,Dry,Highway,Intersection,Street Lights,Signal,Urban,Car,No,No,Medium
ACC11274,54,42,75.9,74.9,6.39,2,9.0,10,0.52,34.9,18,Monday,Clear,Dry,Urban Road,Straight Road,Daylight,Stop Sign,Rural,Car,No,No,High
ACC11275,33,11,47.4,22.2,7.07,1,8.6,4,1.38,24.1,22,Tuesday,Cloudy,Dry,Urban Road,Roundabout,Street Lights,Stop Sign,Urban,SUV,No,No,Low
ACC11276,31,11,23.8,57.2,7.26,2,5.3,8,0.31,23.8,17,Friday,Clear,Wet,Urban Road,Intersection,Poor,Signal,Urban,Truck,Yes,No,High
ACC11277,61,46,73.4,31.8,4.77,5,8.4,13,1.56,21.5,9,Sunday,Clear,Dry,Urban Road,Intersection,Daylight,Signal,Suburban,Motorcycle,No,No,Medium
ACC11278,54,40,66.7,57.5,3.6,5,7.8,4,18.75,28.6,11,Sunday,Storm,Dry,Highway,Roundabout,Poor,Stop Sign,Urban,Car,No,Yes,High
ACC11279,39,26,46.7,79.9,6.59,2,9.4,3,0.58,24.9,22,Sunday,Clear,Wet,Rural Road,Roundabout,Daylight,Uncontrolled,Urban,Motorcycle,No,No,Medium
ACC11280,49,44,35.5,100.0,0.5,2,7.5,5,7.92,19.8,12,Tuesday,Cloudy,Dry,Rural Road,Crossroad,Daylight,Signal,Urban,Car,No,No,High
ACC11281,53,30,49.7,63.8,8.42,3,7.2,7,1.17,35.2,5,Friday,Cloudy,Wet,Urban Road,Intersection,Street Lights,Stop Sign,Urban,SUV,No,No,High
ACC11282,33,22,57.9,89.1,6.85,1,3.5,8,23.96,35.0,10,Monday,Rain,Dry,Urban Road,T-Junction,Daylight,Signal,Urban,Bus,No,No,High
ACC11283,46,24,68.7,,6.39,5,10.4,3,1.29,33.9,4,Saturday,Cloudy,Wet,Residential,T-Junction,Daylight,Signal,Rural,Truck,No,No,High
ACC11284,37,17,90.0,5.0,9.04,2,6.2,5,1.66,21.6,9,Wednesday,Clear,Wet,Urban Road,Straight Road,Daylight,Stop Sign,Urban,Motorcycle,No,No,High
ACC11285,37,30,63.6,84.8,6.13,7,9.9,4,0.29,35.4,14,Wednesday,Clear,Dry,Residential,Intersection,Daylight,Signal,Urban,Motorcycle,No,No,High
ACC11286,44,33,70.1,66.3,5.68,3,11.1,11,10.41,24.9,23,Thursday,Cloudy,Dry,Urban Road,T-Junction,Street Lights,Signal,Urban,Car,Yes,No,High
ACC11287,54,39,29.4,52.2,3.57,3,6.8,10,1.49,27.0,4,Tuesday,Clear,Damaged,Residential,Intersection,Street Lights,Signal,Urban,Car,No,No,High
ACC11288,41,31,38.2,42.5,4.23,4,12.0,3,1.28,28.1,9,Monday,Clear,Dry,Urban Road,Intersection,Poor,Stop Sign,Rural,Motorcycle,No,No,Medium
ACC11289,45,32,77.9,67.6,10.4,5,8.7,6,0.46,31.7,4,Thursday,Clear,Damaged,Highway,T-Junction,Street Lights,Stop Sign,Urban,Car,No,No,High
ACC11290,45,34,34.4,8.6,6.2,1,9.4,9,0.02,27.5,14,Monday,Clear,Dry,Rural Road,Intersection,Daylight,Traffic Police,Rural,Car,No,No,Low
ACC11291,50,32,44.3,29.1,7.59,5,7.6,10,2.38,28.1,11,Monday,Clear,Dry,Highway,Roundabout,Daylight,Signal,Urban,Motorcycle,No,No,Low
ACC11292,42,30,64.9,43.1,6.65,3,7.3,4,1.08,22.9,11,Thursday,Clear,Dry,Urban Road,Straight Road,Daylight,Uncontrolled,Rural,SUV,No,No,Medium
ACC11293,38,26,64.8,68.0,9.54,3,4.6,5,2.74,27.3,21,Monday,Cloudy,Damaged,Highway,Crossroad,Street Lights,Signal,Urban,SUV,No,No,High
ACC11294,32,22,41.5,,5.78,3,12.8,5,6.64,22.8,9,Thursday,Rain,Dry,Rural Road,T-Junction,Daylight,Stop Sign,Urban,Car,No,No,Medium
ACC11295,43,22,86.0,74.3,5.49,3,3.7,0,17.68,25.4,4,Sunday,Rain,Damaged,Urban Road,Crossroad,Daylight,Stop Sign,Urban,Car,No,No,High
ACC11296,31,13,37.6,55.0,3.88,3,5.1,4,0.83,36.9,0,Sunday,Clear,Damaged,Urban Road,Straight Road,Poor,Signal,Suburban,Motorcycle,No,No,High
ACC11297,37,18,63.4,75.3,8.49,2,8.1,5,1.43,28.5,2,Saturday,Clear,Dry,Highway,Roundabout,Street Lights,Stop Sign,Urban,Bus,No,No,Medium
ACC11298,24,11,89.6,27.1,9.85,6,8.2,8,1.29,31.0,6,Tuesday,Clear,Dry,Urban Road,Roundabout,Daylight,Signal,Urban,SUV,No,No,Medium
ACC11299,59,37,64.2,46.4,9.34,1,4.9,4,1.96,28.4,13,Thursday,Cloudy,Wet,Rural Road,Roundabout,Daylight,Signal,Rural,SUV,Yes,No,High
ACC11300,23,10,28.6,34.5,10.35,4,7.5,6,6.77,36.5,11,Tuesday,Rain,Dry,Urban Road,Roundabout,Poor,Signal,Urban,Truck,No,No,Low
ACC11301,42,33,74.9,69.6,8.21,3,7.1,2,1.25,13.5,22,Sunday,Clear,Wet,Highway,T-Junction,Poor,Uncontrolled,Urban,Car,No,No,Medium
ACC11302,27,12,54.6,45.5,9.32,2,7.8,7,5.01,27.6,9,Wednesday,Fog,Dry,Urban Road,T-Junction,Daylight,Uncontrolled,Rural,Car,No,No,Low
ACC11303,20,6,70.6,71.8,10.07,2,10.6,6,0.01,29.2,18,Thursday,Clear,Dry,Highway,Intersection,Daylight,Signal,Urban,Car,Yes,No,Medium
ACC11304,41,34,83.5,67.2,5.33,6,11.6,4,3.72,29.8,2,Sunday,Cloudy,Wet,Urban Road,Intersection,Street Lights,Signal,Rural,Truck,No,No,High
ACC11305,52,34,29.1,,10.88,2,12.2,8,4.97,24.4,19,Saturday,Rain,Dry,Urban Road,Straight Road,Street Lights,Signal,Urban,Car,No,No,Low
ACC11306,27,6,65.9,39.3,9.06,5,9.7,8,2.38,24.3,18,Wednesday,Fog,Dry,Urban Road,Intersection,Street Lights,Signal,Urban,Truck,No,No,Medium
ACC11307,42,30,80.2,64.7,10.4,6,5.2,7,3.98,30.9,18,Thursday,Rain,Dry,Residential,Straight Road,Daylight,Uncontrolled,Urban,Truck,No,No,High
ACC11308,55,35,64.4,55.0,9.84,3,9.6,8,1.83,45.0,11,Monday,Rain,Dry,Urban Road,Straight Road,Poor,Stop Sign,Rural,Car,No,No,Medium
ACC11309,61,44,85.2,77.6,4.02,2,9.5,6,0.35,23.9,7,Wednesday,Clear,Dry,Rural Road,Straight Road,Daylight,Signal,Rural,SUV,No,No,High
ACC11310,33,23,61.8,15.5,9.86,3,9.4,5,3.32,33.8,16,Friday,Rain,Wet,Urban Road,Roundabout,Daylight,Signal,Rural,Motorcycle,No,No,Low
ACC11311,35,23,88.5,59.6,8.61,5,10.3,5,0.33,20.6,0,Friday,Clear,Dry,Urban Road,Crossroad,Street Lights,Uncontrolled,Urban,SUV,No,No,Medium
ACC11312,37,13,28.6,47.4,6.85,5,6.9,1,4.34,11.2,1,Friday,Fog,,Highway,Crossroad,Daylight,Signal,Rural,SUV,No,No,Medium
ACC11313,44,35,74.3,42.8,9.26,1,5.7,2,3.16,21.6,22,Wednesday,Cloudy,Wet,Highway,T-Junction,Poor,Signal,Urban,Car,No,No,High
ACC11314,34,26,20.0,93.5,9.54,1,5.9,2,7.32,28.8,10,Tuesday,Rain,Dry,Residential,Straight Road,Daylight,Uncontrolled,Urban,Car,No,No,Medium
ACC11315,43,36,64.2,44.7,11.53,7,7.0,10,0.72,31.3,11,Thursday,Cloudy,Dry,Residential,Roundabout,Street Lights,Stop Sign,Rural,Car,Yes,No,Medium
ACC11316,35,12,37.1,5.2,12.0,2,7.8,8,4.01,20.8,21,Monday,Cloudy,Damaged,Rural Road,Intersection,Daylight,Stop Sign,Urban,Bus,No,No,Low
ACC11317,27,9,72.7,71.0,9.3,5,9.2,3,1.76,27.2,6,Monday,Cloudy,Wet,Highway,Intersection,Street Lights,Uncontrolled,Urban,Motorcycle,No,No,High
ACC11318,41,34,50.7,83.3,9.17,3,7.1,8,33.01,22.9,1,Sunday,Rain,Dry,Highway,T-Junction,Daylight,Signal,Urban,SUV,No,Yes,High
ACC11319,29,9,59.8,69.0,9.77,4,11.5,6,0.36,19.1,9,Wednesday,Clear,Wet,Highway,T-Junction,Street Lights,Uncontrolled,Suburban,Car,No,No,Medium
ACC11320,25,7,46.8,10.7,6.65,2,8.6,3,0.17,18.9,21,Friday,Clear,Dry,Residential,Straight Road,Street Lights,Signal,Urban,Truck,No,No,Low
ACC11321,36,11,90.8,57.0,10.42,4,7.1,7,0.16,31.7,4,Saturday,Clear,Wet,Highway,Straight Road,Daylight,Stop Sign,Urban,SUV,No,No,High
ACC11322,27,12,54.3,36.2,6.55,8,11.0,5,1.42,18.1,0,Sunday,Clear,Dry,Highway,Intersection,Daylight,Uncontrolled,Rural,Truck,No,No,Medium
ACC11323,32,17,42.5,94.4,7.5,4,7.6,9,6.33,32.2,9,Monday,Fog,Dry,Urban Road,Intersection,Daylight,Stop Sign,Urban,Car,Yes,No,High
ACC11324,46,36,31.2,48.0,6.61,5,7.0,5,0.04,34.5,10,Saturday,Clear,Dry,Urban Road,Intersection,Street Lights,Uncontrolled,Urban,Motorcycle,Yes,No,Medium
ACC11325,29,20,41.8,65.9,6.11,4,11.6,7,19.11,16.4,1,Sunday,Storm,Dry,Residential,Intersection,Daylight,Uncontrolled,Suburban,Car,No,No,High
ACC11326,22,2,39.6,64.4,10.42,2,9.0,7,0.05,32.4,23,Saturday,Clear,Dry,Urban Road,Crossroad,Daylight,Signal,Rural,Car,No,No,Medium
ACC11327,42,30,58.1,78.7,8.25,5,13.2,8,0.09,24.1,23,Monday,Clear,Damaged,Highway,Straight Road,Daylight,Uncontrolled,Urban,Car,No,Yes,High
ACC11328,48,29,53.1,93.5,9.16,2,5.8,5,14.88,23.1,22,Tuesday,Rain,Dry,Urban Road,Straight Road,Poor,Traffic Police,Suburban,Car,No,No,High
ACC11329,31,11,20.0,55.5,9.22,3,5.3,3,21.8,25.9,2,Monday,Rain,Dry,Rural Road,Intersection,Daylight,Stop Sign,Urban,Bus,No,No,Medium
ACC11330,51,28,50.7,29.9,5.34,4,9.1,10,1.36,26.0,16,Sunday,Cloudy,Dry,Urban Road,Roundabout,Daylight,Signal,Urban,Car,No,No,Medium
ACC11331,42,28,20.0,96.9,4.75,3,12.7,3,3.25,26.7,15,Monday,Cloudy,Dry,Rural Road,Intersection,Street Lights,Signal,Urban,Truck,No,No,Medium
ACC11332,52,45,73.2,46.5,12.0,3,6.9,10,8.54,19.7,1,Thursday,Rain,Wet,Urban Road,T-Junction,Street Lights,Signal,Urban,Car,No,No,Medium
ACC11333,25,20,54.4,73.4,6.11,1,8.8,5,0.29,31.0,7,Monday,Clear,Dry,Residential,Roundabout,Daylight,Signal,Urban,Car,Yes,Yes,High
ACC11334,18,7,34.2,,8.81,3,7.3,6,14.88,35.0,8,Thursday,Storm,Dry,Rural Road,T-Junction,Poor,Stop Sign,Rural,Car,No,No,High
ACC11335,41,17,53.6,55.9,7.57,6,7.6,2,19.9,26.9,13,Sunday,Storm,Dry,Urban Road,Roundabout,Street Lights,Signal,Suburban,Car,No,No,High
ACC11336,36,16,75.7,21.6,7.83,7,9.6,2,21.49,28.2,21,Friday,Rain,Wet,Highway,T-Junction,Daylight,Signal,Rural,Car,Yes,No,High
ACC11337,38,22,53.3,54.1,9.63,3,6.4,7,0.09,25.8,3,Tuesday,Clear,Dry,Urban Road,Intersection,Daylight,Signal,Suburban,Truck,Yes,No,Low
ACC11338,40,30,59.3,69.1,5.67,4,4.9,9,3.92,25.9,13,Sunday,Rain,Dry,Urban Road,Intersection,Poor,Stop Sign,Urban,SUV,No,No,High
ACC11339,53,34,73.3,,7.07,4,9.3,9,0.05,27.4,19,Saturday,Clear,Dry,Residential,Roundabout,Daylight,Stop Sign,Urban,Car,Yes,No,Medium
ACC11340,28,8,47.5,87.6,11.13,4,7.9,2,1.16,25.3,14,Sunday,Clear,Dry,Highway,T-Junction,Daylight,Uncontrolled,Rural,Car,No,No,Medium
ACC11341,54,44,41.8,94.9,7.92,2,10.5,12,1.2,39.6,5,Monday,Clear,Dry,Highway,Crossroad,Daylight,Signal,Suburban,Car,No,No,Medium
ACC11342,30,11,42.3,59.9,11.37,3,10.7,4,2.34,29.0,14,Tuesday,Cloudy,Wet,Urban Road,Roundabout,Street Lights,Signal,Rural,SUV,No,No,Low
ACC11343,41,34,72.9,67.5,9.6,3,6.2,2,2.41,29.4,16,Sunday,Fog,Wet,Highway,Roundabout,Street Lights,Signal,Urban,Truck,No,No,Medium
ACC11344,40,33,61.8,66.7,9.85,3,8.0,6,20.45,22.4,5,Saturday,Rain,Wet,Residential,Straight Road,Street Lights,Signal,Urban,Bus,Yes,No,High
ACC11345,27,21,67.6,47.2,8.85,3,9.7,5,5.98,34.9,1,Sunday,Rain,Dry,Highway,Roundabout,Daylight,Signal,Urban,Car,No,No,Medium
ACC11346,40,19,35.1,41.2,12.0,2,10.3,12,1.23,25.9,10,Sunday,Clear,Dry,Residential,Crossroad,Street Lights,Uncontrolled,Urban,Car,No,No,Low
ACC11347,25,15,88.1,39.0,6.25,1,11.7,10,0.35,20.0,11,Tuesday,Clear,Dry,Residential,Intersection,Street Lights,Signal,Urban,Car,No,No,High
ACC11348,18,1,76.9,29.2,3.9,4,9.9,6,0.33,23.7,20,Saturday,Clear,Icy,Urban Road,T-Junction,Daylight,Traffic Police,Urban,SUV,No,No,High
ACC11349,46,38,38.9,43.8,5.87,2,10.3,6,28.14,37.1,16,Saturday,Storm,Dry,Urban Road,Straight Road,Street Lights,Stop Sign,Suburban,Car,No,No,Medium
ACC11350,47,33,67.3,82.3,7.42,3,10.4,11,1.42,29.2,3,Tuesday,Clear,Wet,Residential,T-Junction,Daylight,Signal,Urban,Truck,No,No,High
ACC11351,20,14,41.2,46.4,12.0,3,12.4,7,3.75,24.2,14,Wednesday,Fog,Dry,Highway,Intersection,Street Lights,Uncontrolled,Urban,Motorcycle,Yes,No,Low
ACC11352,32,10,29.6,70.8,9.92,2,3.3,6,5.75,20.1,21,Thursday,Cloudy,Dry,Urban Road,Roundabout,Daylight,Uncontrolled,Suburban,Motorcycle,No,No,Medium
ACC11353,23,7,65.2,69.5,10.79,6,12.8,1,0.92,41.1,9,Saturday,Clear,Dry,Urban Road,Crossroad,,Stop Sign,Urban,Car,No,No,Medium
ACC11354,42,19,62.1,60.5,2.58,3,8.9,6,15.4,25.5,10,Saturday,Rain,Dry,Highway,Straight Road,Poor,Traffic Police,Suburban,Truck,No,No,High
ACC11355,47,33,68.4,64.9,6.89,1,3.0,12,0.22,26.1,15,Saturday,Cloudy,Damaged,Rural Road,Crossroad,Poor,Signal,Urban,Car,Yes,No,High
ACC11356,25,14,74.7,29.6,9.63,4,9.0,5,1.81,15.3,7,Saturday,Fog,Damaged,Urban Road,Crossroad,Daylight,Uncontrolled,Rural,SUV,No,No,Medium
ACC11357,18,5,72.5,60.3,8.47,2,7.4,3,1.7,29.0,3,Tuesday,Fog,Dry,Urban Road,Crossroad,Daylight,Signal,Suburban,Car,No,No,High
ACC11358,41,31,59.7,43.7,4.07,1,9.4,11,0.04,21.0,9,Saturday,Clear,Dry,Residential,Crossroad,Daylight,Uncontrolled,Rural,Car,No,No,Medium
ACC11359,42,19,56.7,87.1,8.97,4,13.2,5,0.74,26.2,9,Friday,Clear,Damaged,Rural Road,Intersection,Poor,Signal,Urban,Car,No,No,High
ACC11360,26,15,81.8,68.9,6.16,3,5.6,5,0.52,30.0,21,Monday,Cloudy,Wet,Highway,Crossroad,Street Lights,Signal,Urban,Bus,No,No,High
ACC11361,30,19,51.8,77.1,8.85,3,9.9,6,1.32,35.7,20,Sunday,Fog,Dry,Rural Road,Crossroad,Daylight,Uncontrolled,Urban,Car,Yes,No,High
ACC11362,27,9,77.5,54.1,4.71,7,9.3,9,0.6,29.1,22,Saturday,Clear,Dry,Highway,Intersection,Daylight,Signal,Urban,Motorcycle,No,No,High
ACC11363,35,28,22.5,40.0,7.9,2,7.9,2,2.87,26.5,3,Tuesday,Cloudy,Dry,Rural Road,T-Junction,Poor,Signal,Urban,Car,No,No,Low
ACC11364,44,35,47.8,52.3,11.25,2,5.9,10,4.59,34.4,9,Sunday,Cloudy,Dry,Highway,Intersection,Daylight,Signal,Suburban,Car,No,No,Low
ACC11365,40,26,57.1,20.9,7.04,2,9.1,8,31.78,28.4,6,Saturday,Rain,Dry,Urban Road,Roundabout,Daylight,Uncontrolled,Urban,Truck,Yes,No,High
ACC11366,41,32,69.4,36.3,11.51,3,5.2,5,0.29,30.7,17,Tuesday,Clear,Dry,Rural Road,Intersection,Daylight,Uncontrolled,Suburban,Car,No,No,Low
ACC11367,21,11,72.6,24.8,,4,7.1,5,9.13,35.6,5,Saturday,Rain,Dry,Highway,T-Junction,Daylight,Uncontrolled,Suburban,Truck,Yes,No,High
ACC11368,29,10,77.0,52.1,6.96,4,6.9,8,10.83,21.2,18,Monday,Fog,Dry,Residential,Roundabout,Street Lights,Uncontrolled,Suburban,Bus,No,Yes,Medium
ACC11369,48,37,62.0,78.6,9.15,4,8.9,7,1.07,29.5,22,Saturday,Clear,Dry,Urban Road,Roundabout,Poor,Stop Sign,Urban,SUV,No,No,High
ACC11370,22,4,55.5,51.1,6.36,3,6.3,8,0.8,32.1,10,Friday,Clear,Wet,Residential,Straight Road,Poor,Signal,Rural,Car,No,No,High
ACC11371,26,11,78.6,31.2,7.18,6,7.8,8,26.49,23.0,7,Saturday,Storm,Wet,Residential,Crossroad,Daylight,Signal,Urban,Motorcycle,No,No,High
ACC11372,42,22,60.6,71.5,5.05,3,9.0,8,0.48,37.2,16,Saturday,Clear,Dry,Urban Road,Roundabout,Street Lights,Stop Sign,Urban,SUV,No,No,High
ACC11373,18,0,80.8,15.8,3.79,6,14.4,9,6.39,29.5,16,Sunday,,Damaged,Rural Road,Roundabout,Daylight,Signal,Rural,Bus,No,No,High
ACC11374,24,15,67.4,29.2,8.8,4,4.8,6,1.47,33.7,5,Sunday,Cloudy,Damaged,Highway,T-Junction,Daylight,Signal,Urban,Car,No,No,High
ACC11375,44,20,58.3,,7.16,4,10.2,5,0.25,22.2,9,Tuesday,,Dry,Residential,Roundabout,Poor,Stop Sign,Suburban,Motorcycle,No,No,Medium
ACC11376,18,0,74.4,84.8,10.92,1,10.3,8,6.8,16.8,20,Tuesday,Fog,Dry,Highway,T-Junction,Daylight,Uncontrolled,Urban,SUV,No,No,Medium
ACC11377,27,11,62.9,53.2,5.15,4,8.9,6,0.28,22.1,18,Saturday,Clear,Wet,Rural Road,Crossroad,Daylight,Signal,Urban,Motorcycle,Yes,No,High
ACC11378,42,26,62.6,13.7,6.91,2,6.4,9,1.49,39.0,10,Friday,Cloudy,Wet,Highway,Straight Road,Poor,Uncontrolled,Urban,Bus,No,No,Medium
ACC11379,23,1,43.2,60.6,6.21,2,11.4,3,0.59,19.8,22,Tuesday,Clear,Damaged,Urban Road,Straight Road,Daylight,Uncontrolled,Urban,Motorcycle,No,No,High
ACC11380,44,29,54.6,100.0,5.6,2,8.5,7,0.87,24.7,20,Sunday,Cloudy,Damaged,Urban Road,Crossroad,Street Lights,Uncontrolled,Urban,Car,Yes,No,High
ACC11381,38,23,49.2,82.1,11.32,3,9.3,10,1.57,27.9,1,Friday,Clear,Wet,Highway,Crossroad,Poor,Traffic Police,Urban,Car,Yes,Yes,High
ACC11382,32,14,62.7,44.8,5.52,5,6.5,8,1.59,29.7,16,Tuesday,Clear,Dry,Rural Road,Intersection,Daylight,Signal,Suburban,Car,No,No,Medium
ACC11383,18,11,61.4,50.4,8.01,3,8.8,8,11.05,26.3,6,Monday,Storm,Dry,Highway,Roundabout,Daylight,Stop Sign,Suburban,Car,No,No,High
ACC11384,35,18,54.9,71.5,8.43,6,10.6,7,0.32,31.2,19,Friday,Clear,Dry,Rural Road,Roundabout,Daylight,Uncontrolled,Rural,SUV,No,No,Medium
ACC11385,18,9,55.6,70.5,5.47,3,9.7,7,2.53,26.9,17,Monday,Rain,Dry,Urban Road,Roundabout,Daylight,Stop Sign,Rural,Truck,Yes,No,High
ACC11386,18,11,66.0,17.4,10.03,4,7.7,5,0.77,31.4,22,Monday,Clear,Wet,Highway,T-Junction,Daylight,Uncontrolled,Urban,Truck,No,No,Medium
ACC11387,39,18,26.4,60.0,5.15,4,10.3,9,3.43,23.1,20,Tuesday,Rain,Dry,Urban Road,Intersection,Street Lights,Signal,Rural,Truck,No,No,Medium
ACC11388,38,25,31.8,90.3,10.82,3,9.4,6,1.05,35.0,17,Sunday,Clear,Wet,Rural Road,Roundabout,Daylight,Stop Sign,Urban,Car,Yes,No,Medium
ACC11389,18,3,54.9,54.5,6.32,2,6.9,11,25.47,27.4,20,Friday,Storm,Dry,Residential,T-Junction,Daylight,Signal,Urban,Car,No,No,High
ACC11390,32,21,80.3,50.5,9.04,2,5.4,4,1.79,32.7,17,Wednesday,Cloudy,Dry,Highway,T-Junction,Street Lights,Traffic Police,Suburban,SUV,No,No,Medium
ACC11391,40,34,83.8,99.5,12.0,1,11.7,4,0.17,25.3,23,Monday,Clear,Dry,Urban Road,Straight Road,Street Lights,Uncontrolled,Urban,Motorcycle,No,No,High
ACC11392,38,24,31.6,58.5,10.51,4,9.8,2,0.83,18.9,11,Sunday,Clear,Dry,Urban Road,T-Junction,Poor,Uncontrolled,Suburban,Motorcycle,No,No,Low
ACC11393,37,17,114.6,75.6,4.79,7,13.3,9,0.82,32.2,23,Monday,Clear,Wet,Rural Road,Crossroad,Daylight,Uncontrolled,Urban,SUV,Yes,No,High
ACC11394,32,12,42.0,77.1,1.57,3,12.6,9,2.37,21.6,4,Monday,Cloudy,Wet,Highway,T-Junction,Street Lights,Signal,Urban,Car,No,No,Medium
ACC11395,47,24,40.2,63.5,11.48,1,8.1,4,0.59,29.1,5,Tuesday,Clear,Icy,Rural Road,Crossroad,Street Lights,Signal,Urban,SUV,Yes,No,Medium
ACC11396,37,15,20.0,38.9,8.53,4,9.2,7,18.62,25.9,14,Tuesday,Rain,Dry,Urban Road,Crossroad,Daylight,Uncontrolled,Urban,SUV,No,Yes,Low
ACC11397,47,22,46.3,15.4,11.85,4,8.4,8,0.73,22.8,9,Monday,Clear,Dry,Rural Road,Straight Road,,Signal,Rural,Car,No,No,Low
ACC11398,35,19,51.9,41.0,10.09,4,5.8,5,0.2,17.3,14,Sunday,Clear,Dry,Rural Road,Straight Road,Daylight,Signal,Rural,Car,No,No,Low
ACC11399,22,16,85.7,46.9,7.94,5,12.1,8,3.16,25.5,4,Saturday,Cloudy,Dry,Urban Road,T-Junction,Street Lights,Stop Sign,Urban,SUV,No,No,High
ACC11400,37,15,72.7,83.6,11.09,4,9.7,14,34.99,28.4,2,Tuesday,Rain,Damaged,Highway,Straight Road,Daylight,Signal,Urban,Motorcycle,No,No,High
ACC11401,20,0,77.9,71.6,7.09,3,10.6,7,0.35,25.2,20,Tuesday,Clear,Wet,Urban Road,Straight Road,Poor,Uncontrolled,Urban,Car,No,No,High
ACC11402,40,26,92.0,35.9,12.0,4,5.9,7,1.7,26.0,10,Tuesday,Clear,Damaged,Highway,Roundabout,Street Lights,Stop Sign,Rural,Motorcycle,No,No,High
ACC11403,56,49,98.2,48.0,6.84,2,8.4,4,1.6,35.5,13,Thursday,Clear,Dry,Residential,T-Junction,Poor,Uncontrolled,Urban,Truck,No,No,High
ACC11404,36,31,93.4,40.4,6.97,3,4.9,16,21.05,34.0,10,Friday,Rain,Damaged,Highway,T-Junction,Daylight,Uncontrolled,Rural,Bus,No,No,High
ACC11405,34,17,64.6,31.1,9.46,2,8.2,5,14.32,27.0,16,Sunday,Rain,Dry,Rural Road,T-Junction,Daylight,Signal,Suburban,SUV,No,No,Low
ACC11406,45,27,50.7,53.8,7.22,2,7.8,8,3.62,28.7,3,Tuesday,Cloudy,Damaged,Highway,Straight Road,Daylight,Signal,Rural,SUV,No,No,High
ACC11407,38,33,76.4,79.8,9.92,2,6.4,5,13.77,25.5,14,Thursday,Rain,Dry,Urban Road,Straight Road,Daylight,Signal,Suburban,SUV,No,No,Medium
ACC11408,61,37,44.6,25.3,7.41,6,7.4,7,10.65,20.4,14,Thursday,Rain,Dry,Highway,Crossroad,Poor,Traffic Police,Suburban,Car,No,No,Medium
ACC11409,35,19,69.0,86.4,9.14,4,11.5,6,3.37,20.3,7,Tuesday,Cloudy,Dry,Highway,Intersection,Daylight,Signal,Suburban,Truck,No,No,Medium
ACC11410,39,22,54.2,62.7,11.18,3,10.1,6,2.34,36.6,14,Sunday,Fog,Damaged,Highway,Intersection,Daylight,Signal,Rural,Car,No,No,Medium
ACC11411,46,30,48.0,61.5,8.32,5,8.6,4,0.28,19.0,18,Saturday,Clear,Dry,Urban Road,Intersection,Daylight,Uncontrolled,Rural,Car,No,No,Low
ACC11412,19,8,28.0,51.9,7.46,1,6.3,3,0.06,31.9,3,Thursday,Clear,Dry,Highway,Roundabout,Daylight,Signal,Suburban,Bus,No,No,Medium
ACC11413,43,20,66.3,60.2,7.43,3,9.4,3,0.52,25.1,5,Wednesday,Clear,Damaged,Urban Road,Straight Road,Street Lights,Traffic Police,Suburban,Motorcycle,No,No,High
ACC11414,30,25,41.0,56.4,9.98,2,4.9,7,0.49,24.0,4,Thursday,Clear,Dry,Urban Road,Crossroad,Street Lights,Uncontrolled,Rural,SUV,Yes,No,Low
ACC11415,32,12,69.2,60.2,10.86,2,5.5,5,3.32,23.5,5,Friday,Cloudy,Dry,Highway,Crossroad,Street Lights,Stop Sign,Rural,Car,No,No,Medium
ACC11416,43,31,55.5,45.3,3.49,3,11.8,6,6.51,24.5,21,Thursday,Fog,Dry,Urban Road,Intersection,Daylight,Stop Sign,Suburban,Bus,No,No,Medium
ACC11417,27,18,57.4,73.4,9.63,6,12.0,5,0.28,34.4,12,Tuesday,Clear,Dry,Residential,Roundabout,Poor,Signal,Urban,Car,No,No,Medium
ACC11418,32,18,55.3,7.1,5.39,2,3.7,8,0.98,21.2,14,Sunday,Clear,Damaged,Highway,Roundabout,Street Lights,Uncontrolled,Urban,Car,No,No,Low
ACC11419,33,24,32.7,76.7,6.82,3,9.0,8,1.64,34.1,9,Saturday,,Wet,Rural Road,Intersection,Daylight,Uncontrolled,Rural,Motorcycle,No,No,Medium
ACC11420,34,12,45.5,71.6,8.08,2,13.0,8,5.74,24.2,1,Monday,Fog,Dry,Highway,Intersection,Daylight,Signal,Urban,Car,No,No,High
ACC11421,27,6,42.5,70.3,7.96,2,7.4,2,0.11,30.6,12,Sunday,Clear,Icy,Rural Road,Straight Road,Poor,Signal,Urban,Motorcycle,Yes,No,High
ACC11422,41,19,42.2,68.0,7.67,2,9.1,2,1.24,30.9,16,Sunday,Cloudy,Dry,Urban Road,Roundabout,Street Lights,Traffic Police,Urban,SUV,No,No,Low
ACC11423,22,0,41.6,,8.77,4,7.2,0,0.18,34.1,9,Wednesday,Clear,Dry,Residential,Crossroad,Street Lights,Signal,Suburban,Truck,No,No,Low
ACC11424,18,0,40.4,76.1,6.59,5,9.8,2,0.15,36.3,15,Thursday,Clear,Dry,Highway,Intersection,Daylight,Uncontrolled,Suburban,Car,No,No,Medium
ACC11425,32,15,43.7,67.1,9.36,3,6.2,6,39.2,24.5,13,Saturday,Storm,Dry,Rural Road,Straight Road,Daylight,Signal,Urban,Car,No,No,Medium
ACC11426,41,18,44.8,49.1,7.53,3,9.3,11,11.79,23.5,19,Wednesday,Storm,Dry,Highway,Crossroad,Street Lights,Signal,Urban,Motorcycle,No,No,High
ACC11427,41,35,67.7,42.6,8.87,5,13.0,5,1.38,15.6,2,Sunday,Clear,Damaged,Urban Road,Roundabout,Street Lights,Uncontrolled,Suburban,Motorcycle,Yes,No,Medium
ACC11428,38,27,61.3,56.7,6.85,5,8.9,10,28.1,16.4,12,Sunday,Storm,Wet,Rural Road,Intersection,,Signal,Rural,Truck,No,No,High
ACC11429,31,22,40.8,91.9,5.84,4,7.6,9,3.34,18.7,0,Friday,Cloudy,Dry,Urban Road,Intersection,,Stop Sign,Urban,Car,No,No,Medium
ACC11430,39,32,50.6,76.8,5.41,2,5.9,6,1.28,30.4,5,Sunday,Fog,Dry,Highway,Straight Road,Daylight,Signal,Urban,Bus,No,No,High
ACC11431,33,28,24.7,69.8,7.08,5,8.9,11,1.25,23.5,18,Thursday,Cloudy,,Urban Road,Straight Road,Street Lights,Signal,Suburban,Car,Yes,No,High
ACC11432,34,21,60.8,5.0,5.46,2,6.5,5,0.53,24.7,22,Thursday,Cloudy,Damaged,Highway,Roundabout,Poor,Traffic Police,Rural,Motorcycle,No,Yes,High
ACC11433,18,0,53.3,19.1,10.36,4,5.7,3,2.16,32.5,8,Wednesday,Cloudy,Damaged,Residential,Intersection,Poor,Stop Sign,Suburban,Truck,No,No,Medium
ACC11434,30,12,41.2,65.9,9.16,2,5.6,4,30.45,32.0,17,Thursday,Rain,Dry,Highway,Straight Road,Daylight,Traffic Police,Suburban,Car,No,No,Medium
ACC11435,18,0,95.8,86.4,5.1,2,4.9,9,0.86,28.4,6,Sunday,,Wet,Rural Road,Intersection,Daylight,Traffic Police,Rural,Bus,No,No,High
ACC11436,58,35,53.3,46.3,3.66,2,7.9,8,1.29,14.1,3,Thursday,Clear,Dry,Highway,Roundabout,Street Lights,Traffic Police,Urban,Truck,No,No,High
ACC11437,44,20,66.1,59.3,10.07,3,11.9,3,0.13,25.2,13,Monday,Clear,Dry,Highway,Intersection,Street Lights,Uncontrolled,Urban,Truck,No,No,Medium
ACC11438,48,29,51.9,46.9,9.52,3,10.8,5,14.03,28.2,9,Wednesday,Rain,Dry,Residential,Crossroad,Daylight,Signal,Suburban,Motorcycle,No,No,High
ACC11439,29,22,37.4,30.2,4.73,2,10.3,5,0.6,27.6,3,Tuesday,Clear,Dry,Residential,Intersection,Poor,Traffic Police,Rural,SUV,No,No,Low
ACC11440,34,15,61.3,46.7,6.55,1,6.8,8,23.69,27.6,6,Sunday,Rain,Dry,Rural Road,T-Junction,Daylight,Signal,Suburban,Truck,No,No,Medium
ACC11441,21,5,48.8,61.2,,6,8.8,6,24.22,29.2,3,Tuesday,Storm,Dry,Urban Road,T-Junction,Daylight,Signal,Rural,Car,No,No,Medium
ACC11442,22,16,70.5,99.3,1.84,3,7.8,4,0.33,16.7,9,Friday,Clear,Dry,Highway,Roundabout,Daylight,Signal,Suburban,Car,No,No,High
ACC11443,32,22,52.5,54.5,5.42,3,12.9,8,8.63,29.1,4,Monday,Rain,Wet,Urban Road,Roundabout,Daylight,Signal,Suburban,Car,No,No,Medium
ACC11444,29,19,53.3,58.0,6.5,4,6.1,4,0.06,40.1,3,Wednesday,Clear,Dry,Highway,Roundabout,Daylight,Stop Sign,Urban,Car,No,No,Medium
ACC11445,40,20,76.4,93.0,9.94,5,4.9,9,3.57,22.6,5,Wednesday,Fog,Dry,Highway,Crossroad,Poor,Signal,Urban,SUV,Yes,No,High
ACC11446,39,27,60.5,72.7,7.26,5,5.5,6,0.24,26.6,19,Monday,Clear,Dry,Rural Road,Crossroad,Daylight,Signal,Suburban,Motorcycle,No,No,High
ACC11447,31,16,61.1,72.2,9.96,2,9.5,7,23.32,18.5,7,Monday,Rain,Damaged,Residential,Intersection,Daylight,Stop Sign,Urban,SUV,No,No,Medium
ACC11448,44,23,62.3,73.3,6.16,5,6.9,3,28.49,32.8,2,Friday,Rain,Dry,Highway,Straight Road,Street Lights,Signal,Urban,Car,No,No,High
ACC11449,22,0,74.4,47.0,9.02,3,7.2,8,7.38,23.9,16,Tuesday,,Dry,Urban Road,T-Junction,Street Lights,Uncontrolled,Rural,Motorcycle,No,No,High
ACC11450,21,5,102.7,59.7,8.42,1,4.6,7,20.15,30.1,17,Saturday,Rain,Dry,Residential,T-Junction,Street Lights,Signal,Rural,SUV,No,No,High
ACC11451,41,25,49.8,68.5,5.92,3,6.8,7,0.85,31.8,16,Wednesday,Cloudy,Wet,Urban Road,T-Junction,Daylight,Signal,Urban,Car,Yes,No,High
ACC11452,41,34,55.7,47.7,6.84,6,10.1,4,3.99,24.6,8,Saturday,Cloudy,Icy,Highway,Intersection,Street Lights,Signal,Suburban,Motorcycle,Yes,No,High
ACC11453,44,29,45.5,54.4,8.88,1,4.3,2,6.96,33.8,12,Monday,Fog,Dry,Urban Road,Intersection,Daylight,Signal,Urban,SUV,Yes,No,Medium
ACC11454,19,0,52.8,52.9,7.99,4,7.4,10,7.24,23.0,19,Wednesday,Cloudy,Dry,Highway,Roundabout,Daylight,Stop Sign,Urban,SUV,No,No,Medium
ACC11455,26,17,64.3,28.6,9.07,3,8.5,7,0.49,26.1,20,Tuesday,Clear,Damaged,Residential,Straight Road,Daylight,Stop Sign,Suburban,Bus,No,No,Medium
ACC11456,38,31,66.9,91.5,10.06,2,9.9,6,5.15,21.8,14,Wednesday,Fog,Dry,Urban Road,Roundabout,Daylight,Signal,Suburban,SUV,No,No,Medium
ACC11457,39,17,78.3,48.2,7.42,2,7.3,2,16.55,41.3,21,Saturday,Rain,Wet,Highway,Intersection,Daylight,Signal,Urban,Truck,No,No,High
ACC11458,56,49,51.3,42.9,1.15,4,7.8,3,5.17,27.3,4,Wednesday,Rain,Dry,Urban Road,Crossroad,Street Lights,Signal,Urban,Car,No,No,High
ACC11459,24,1,64.9,66.5,5.07,3,11.0,2,0.46,22.3,4,Monday,Clear,Dry,Residential,Roundabout,Daylight,Traffic Police,Urban,Truck,Yes,No,High
ACC11460,59,49,41.6,95.9,4.17,3,7.7,4,17.03,29.4,8,Monday,,Dry,Residential,Intersection,Street Lights,Signal,Rural,SUV,No,No,High
ACC11461,41,29,43.7,43.1,4.31,3,10.9,3,0.92,23.7,15,Monday,Clear,Dry,Urban Road,Intersection,Daylight,Uncontrolled,Suburban,Motorcycle,No,No,Medium
ACC11462,48,32,74.0,57.2,7.6,4,14.8,6,13.6,25.8,21,Tuesday,Rain,Wet,Urban Road,Crossroad,Daylight,Uncontrolled,Urban,Car,No,No,High
ACC11463,42,33,52.6,5.0,9.05,6,9.0,6,0.52,26.8,14,Sunday,Clear,Damaged,Highway,Crossroad,Daylight,Signal,Urban,Motorcycle,Yes,No,Medium
ACC11464,27,8,45.6,100.0,4.83,6,6.0,3,27.35,31.2,17,Sunday,Rain,Dry,Urban Road,Crossroad,Poor,Traffic Police,Suburban,Truck,No,Yes,High
ACC11465,29,14,30.4,43.0,9.83,1,9.7,3,21.31,32.3,8,Sunday,Storm,Wet,Rural Road,Straight Road,Poor,Uncontrolled,Suburban,Car,Yes,No,High
ACC11466,35,11,75.7,,9.99,1,11.0,7,0.15,24.3,20,Thursday,Clear,Dry,Urban Road,Intersection,Poor,Uncontrolled,Rural,Truck,Yes,No,Medium
ACC11467,18,0,26.9,82.9,12.0,3,6.9,6,29.35,22.2,8,Tuesday,Storm,,Urban Road,Crossroad,Street Lights,Signal,Urban,Motorcycle,No,No,High
ACC11468,18,0,30.0,26.3,10.32,4,9.9,8,0.41,39.4,15,Monday,Clear,Dry,Rural Road,Straight Road,Street Lights,Stop Sign,Rural,Truck,No,No,Low
ACC11469,28,19,68.4,24.6,10.58,5,4.1,1,1.15,33.2,12,Friday,Fog,Damaged,Urban Road,T-Junction,Street Lights,Signal,Urban,Car,No,No,Medium
ACC11470,43,34,54.0,30.6,8.44,3,10.6,5,15.84,28.6,5,Wednesday,Rain,Wet,Residential,T-Junction,Street Lights,Signal,Urban,Car,No,No,High
ACC11471,28,18,64.7,44.0,5.65,2,6.7,6,3.01,32.1,16,Wednesday,Cloudy,Wet,Urban Road,T-Junction,Daylight,Uncontrolled,Urban,Truck,No,No,Medium
ACC11472,34,12,52.7,96.8,7.3,7,4.5,3,41.19,29.8,12,Saturday,Rain,Wet,Urban Road,Intersection,Daylight,Uncontrolled,Urban,Motorcycle,No,No,High
ACC11473,33,15,73.8,22.8,10.63,3,7.3,6,5.32,35.3,23,Wednesday,Fog,Wet,Residential,Straight Road,Daylight,Signal,Rural,Car,No,Yes,High
ACC11474,46,37,79.7,76.0,7.54,5,11.3,3,0.84,18.6,12,Sunday,Clear,Damaged,Highway,Straight Road,Daylight,Uncontrolled,Suburban,Car,No,No,High
ACC11475,40,26,81.6,38.3,8.48,1,8.4,5,0.75,30.5,16,Saturday,Clear,Wet,Rural Road,T-Junction,Daylight,Uncontrolled,Suburban,Car,Yes,No,Medium
ACC11476,44,20,53.9,42.7,10.17,4,8.0,9,12.65,26.2,6,Wednesday,Rain,Damaged,Urban Road,Roundabout,Daylight,Signal,Urban,Motorcycle,No,No,Medium
ACC11477,48,28,37.8,48.8,8.31,4,10.4,4,14.17,24.1,4,Friday,Rain,Dry,Highway,T-Junction,Daylight,Signal,Urban,SUV,No,No,Medium
ACC11478,24,0,57.6,53.8,7.4,3,9.4,6,7.97,32.3,10,Saturday,Rain,Dry,Rural Road,Intersection,Daylight,Signal,Urban,Bus,Yes,Yes,High
ACC11479,18,0,42.9,65.4,6.4,5,7.2,4,25.44,26.8,18,Monday,Rain,Dry,Urban Road,T-Junction,Poor,Uncontrolled,Suburban,SUV,No,No,High
ACC11480,31,11,47.6,15.6,12.0,4,8.4,6,0.33,26.6,12,Thursday,Clear,Dry,Rural Road,T-Junction,Daylight,Uncontrolled,Suburban,Motorcycle,Yes,Yes,Low
ACC11481,47,25,92.1,100.0,8.89,5,12.8,8,10.58,29.3,17,Sunday,Rain,Dry,Highway,Straight Road,Daylight,Signal,Urban,Motorcycle,No,No,High
ACC11482,43,24,73.3,56.5,5.19,1,8.6,1,0.6,29.0,15,Wednesday,Clear,Dry,Highway,T-Junction,,Stop Sign,Urban,Car,No,No,High
ACC11483,31,15,52.9,27.2,6.21,7,8.9,7,0.69,20.9,10,Saturday,Cloudy,Wet,Highway,Crossroad,Daylight,Uncontrolled,Urban,Truck,Yes,No,High
ACC11484,56,36,56.2,92.2,7.93,2,13.2,7,1.02,24.9,13,Thursday,Clear,Dry,Highway,Crossroad,Daylight,Uncontrolled,Rural,Motorcycle,Yes,No,Medium
ACC11485,44,34,49.0,53.1,9.57,1,5.1,8,0.36,26.6,13,Saturday,Clear,Dry,Urban Road,Roundabout,Daylight,Signal,Urban,Truck,Yes,Yes,High
ACC11486,28,13,61.3,52.5,7.63,1,10.1,6,0.12,27.8,6,Tuesday,Clear,Dry,Highway,Intersection,Daylight,Stop Sign,Urban,Motorcycle,No,Yes,High
ACC11487,48,24,50.2,78.5,4.2,3,9.2,2,0.29,28.9,10,Tuesday,Clear,Damaged,Urban Road,Intersection,Daylight,Uncontrolled,Urban,Car,Yes,No,High
ACC11488,18,0,77.4,10.0,3.24,3,8.0,7,11.77,23.7,17,Sunday,,Dry,Highway,Straight Road,Daylight,Signal,Urban,Car,No,No,High
ACC11489,39,15,57.8,73.5,3.53,4,10.7,6,0.56,27.9,20,Wednesday,Clear,Dry,Rural Road,Intersection,Daylight,Signal,Urban,Bus,Yes,No,High
ACC11490,29,5,42.0,,9.27,1,6.1,4,0.07,33.9,0,Monday,Clear,Wet,Highway,Roundabout,Street Lights,Uncontrolled,Suburban,Car,No,No,Medium
ACC11491,34,17,84.0,42.2,8.42,2,7.9,4,0.53,36.0,8,Friday,Clear,Wet,Residential,Crossroad,Street Lights,Signal,Rural,Car,No,No,Low
ACC11492,42,33,66.5,50.1,6.23,1,5.7,8,0.1,24.6,21,Saturday,Clear,Dry,Urban Road,Straight Road,Street Lights,Uncontrolled,Urban,SUV,No,No,High
ACC11493,45,25,65.0,40.2,12.0,2,7.5,4,0.58,26.0,10,Wednesday,Clear,Dry,Highway,Crossroad,Daylight,Signal,Urban,Truck,No,No,Low
ACC11494,36,31,24.9,59.6,7.87,3,6.8,8,0.84,23.1,17,Tuesday,Clear,Dry,Rural Road,Roundabout,Daylight,Signal,Suburban,Car,No,Yes,Medium
ACC11495,33,26,57.1,62.8,3.9,4,10.5,7,3.64,15.8,13,Tuesday,Cloudy,Damaged,Highway,Straight Road,Street Lights,Signal,Suburban,Car,No,No,High
ACC11496,18,7,45.0,28.4,7.62,3,9.2,5,3.13,29.2,4,Saturday,Rain,Dry,Highway,T-Junction,Daylight,Signal,Urban,Car,No,No,High
ACC11497,18,13,20.0,37.7,9.06,3,6.3,6,2.08,29.4,13,Saturday,Cloudy,Dry,Urban Road,Intersection,Poor,Signal,Rural,Motorcycle,No,No,Low
ACC11498,18,0,56.4,9.2,6.72,4,8.7,7,1.32,25.0,21,Saturday,Cloudy,Dry,Highway,Roundabout,Daylight,Uncontrolled,Rural,Bus,No,No,Low
ACC11499,37,16,55.5,28.9,7.53,5,3.0,9,1.68,26.3,14,Sunday,Clear,Dry,Urban Road,Straight Road,Street Lights,Signal,Urban,Car,No,No,Medium
ACC11500,45,25,80.5,36.6,9.51,3,9.4,9,0.49,34.5,16,Thursday,Fog,Wet,Residential,Crossroad,Daylight,Traffic Police,Suburban,SUV,No,No,High
ACC11501,18,10,47.7,5.0,8.5,2,4.0,4,1.15,33.3,23,Friday,Cloudy,Dry,Urban Road,Straight Road,Daylight,Stop Sign,Suburban,Car,Yes,No,Low
ACC11502,47,26,43.3,66.8,9.57,6,10.0,3,2.04,18.8,14,Saturday,Cloudy,Dry,Residential,T-Junction,Street Lights,Stop Sign,Suburban,Car,No,No,Low
ACC11503,50,28,45.7,74.3,9.77,5,7.6,8,0.7,24.5,17,Sunday,Clear,Dry,Rural Road,Roundabout,Street Lights,Signal,Urban,SUV,Yes,No,Medium
ACC11504,37,30,62.5,100.0,4.11,3,12.9,10,0.55,24.4,2,Saturday,Clear,Dry,Urban Road,Straight Road,Daylight,Uncontrolled,Urban,Car,No,No,High
ACC11505,52,37,78.7,66.8,9.42,2,4.6,7,0.22,22.8,12,Wednesday,Clear,Dry,Highway,Roundabout,Poor,Stop Sign,Urban,SUV,No,No,High
ACC11506,35,16,58.0,36.5,9.53,4,9.9,8,0.15,30.2,16,Monday,Clear,Wet,Rural Road,Roundabout,Daylight,Signal,Suburban,Truck,Yes,Yes,Medium
ACC11507,21,8,47.6,57.0,8.6,6,12.3,8,2.72,26.8,6,Thursday,Cloudy,Wet,Residential,Crossroad,Daylight,Uncontrolled,Urban,Car,No,No,Low
ACC11508,31,8,54.7,,8.8,5,7.4,13,2.75,32.2,19,Friday,Cloudy,Damaged,Urban Road,Intersection,Street Lights,Signal,Urban,Motorcycle,Yes,No,High
ACC11509,53,37,69.8,66.0,5.73,5,8.8,5,10.18,34.9,14,Thursday,Cloudy,Damaged,Urban Road,T-Junction,Street Lights,Signal,Suburban,Motorcycle,No,No,High
ACC11510,28,21,78.9,32.6,11.81,2,8.1,5,7.73,27.1,22,Sunday,Rain,Wet,Urban Road,Straight Road,Poor,Stop Sign,Urban,SUV,No,No,High
ACC11511,40,24,79.3,90.3,9.44,4,9.3,8,5.86,24.2,8,Saturday,Rain,Dry,Urban Road,Intersection,Daylight,Stop Sign,Suburban,Motorcycle,No,No,High
ACC11512,41,24,56.0,73.9,9.68,2,8.4,7,13.58,27.3,2,Monday,Rain,Wet,Highway,Crossroad,Daylight,Signal,Urban,Motorcycle,No,No,High
ACC11513,48,24,66.3,82.3,11.46,3,7.0,3,34.3,37.2,2,Saturday,Storm,Wet,Residential,Intersection,Street Lights,Uncontrolled,Urban,Car,Yes,No,High
ACC11514,18,5,72.5,85.1,10.12,3,8.6,9,0.41,22.0,15,Tuesday,Clear,Wet,Highway,Roundabout,Daylight,Uncontrolled,Urban,Truck,No,No,High
ACC11515,50,27,56.7,77.5,10.19,2,15.3,3,0.77,33.4,9,Sunday,Clear,Dry,Rural Road,Roundabout,Daylight,Uncontrolled,Rural,Car,No,No,Low
ACC11516,25,14,70.3,71.7,1.9,5,11.1,6,0.83,30.5,21,Saturday,Clear,Dry,Highway,T-Junction,Daylight,Signal,Suburban,Car,No,No,High
ACC11517,52,38,71.8,68.9,0.87,4,6.4,6,1.56,19.8,7,Wednesday,Cloudy,Wet,Highway,Straight Road,Daylight,Traffic Police,Urban,SUV,No,No,High
ACC11518,31,12,67.6,62.1,7.62,1,9.6,6,2.74,23.3,12,Wednesday,Fog,Wet,Urban Road,Straight Road,Daylight,Signal,Rural,Car,No,No,High
ACC11519,31,8,72.6,52.7,8.63,5,3.3,9,0.32,27.6,12,Sunday,Clear,Icy,Rural Road,Crossroad,Daylight,Stop Sign,Suburban,Car,Yes,No,High
ACC11520,43,23,95.2,61.3,8.84,1,7.4,9,2.09,30.1,23,Monday,Fog,Dry,Residential,T-Junction,Street Lights,Signal,Urban,Truck,No,No,High
ACC11521,49,41,43.2,36.6,8.7,3,8.0,5,0.38,25.7,12,Saturday,Clear,Dry,Rural Road,Straight Road,Street Lights,Uncontrolled,Urban,Bus,No,No,Low
ACC11522,30,21,81.7,78.4,8.71,4,9.6,9,2.24,21.4,14,Wednesday,,Dry,Urban Road,Roundabout,Daylight,Signal,Urban,Car,No,No,High
ACC11523,32,26,61.5,45.6,8.33,3,8.5,10,0.32,14.5,20,Wednesday,Clear,Wet,Urban Road,T-Junction,Daylight,Signal,Suburban,Car,Yes,No,Low
ACC11524,28,11,57.0,44.8,6.11,3,7.7,6,0.19,19.3,21,Saturday,Clear,Dry,Urban Road,Intersection,Daylight,Uncontrolled,Suburban,Car,No,No,Low
ACC11525,29,15,48.0,,4.47,5,8.7,4,3.99,28.4,19,Thursday,Cloudy,Dry,Highway,T-Junction,Daylight,Signal,Urban,Car,No,No,High
ACC11526,40,17,63.0,60.7,7.66,2,9.3,5,0.2,34.9,16,Monday,Clear,Icy,Rural Road,T-Junction,Street Lights,Signal,Urban,Truck,Yes,No,High
ACC11527,34,9,48.6,60.4,6.39,2,11.0,7,0.11,34.9,19,Sunday,Clear,Dry,Urban Road,Straight Road,Poor,Stop Sign,Urban,Motorcycle,Yes,No,High
ACC11528,49,26,55.1,76.7,6.93,2,9.3,4,0.21,29.8,1,Thursday,Clear,Wet,Rural Road,Crossroad,Street Lights,Uncontrolled,Urban,Truck,No,No,High
ACC11529,27,21,31.9,88.6,3.8,4,7.6,2,7.2,25.9,4,Wednesday,Rain,Dry,Highway,Crossroad,Street Lights,Signal,Urban,Motorcycle,No,No,High
ACC11530,43,19,59.9,38.6,7.54,2,6.3,5,1.87,18.2,5,Sunday,Cloudy,Wet,Rural Road,Straight Road,Daylight,Signal,Urban,Bus,No,No,Medium
ACC11531,43,36,41.8,51.5,8.61,10,7.4,7,0.94,28.9,9,Sunday,Clear,Dry,Residential,Straight Road,Daylight,Traffic Police,Urban,Motorcycle,No,Yes,Medium
ACC11532,32,18,55.0,52.5,4.38,2,5.7,4,2.82,12.8,5,Saturday,Cloudy,Damaged,Urban Road,Straight Road,Poor,Stop Sign,Rural,SUV,No,No,High
ACC11533,32,21,58.2,57.7,9.06,1,8.2,5,25.31,17.9,20,Sunday,Rain,Damaged,Residential,Crossroad,Poor,Signal,Urban,Motorcycle,No,No,High
ACC11534,40,32,41.4,62.1,4.6,4,7.1,8,0.5,25.6,9,Friday,Clear,Dry,Urban Road,Straight Road,Daylight,Uncontrolled,Urban,Bus,No,No,Medium
ACC11535,27,19,41.1,34.6,9.2,2,9.3,5,0.33,27.6,9,Saturday,Clear,Dry,Highway,Intersection,Daylight,Stop Sign,Urban,Motorcycle,Yes,No,Low
ACC11536,31,19,50.0,73.7,5.99,4,6.2,3,0.09,33.1,19,Friday,Clear,Dry,Residential,Intersection,Street Lights,Signal,Urban,Motorcycle,No,No,High
ACC11537,21,15,45.9,63.9,10.59,4,13.1,9,0.6,23.0,9,Thursday,Clear,Wet,Residential,Roundabout,Daylight,Signal,Suburban,Bus,No,No,Low
ACC11538,25,19,60.2,42.3,6.06,5,8.0,5,13.52,32.4,8,Tuesday,Rain,Damaged,Highway,Intersection,Street Lights,Signal,Suburban,Car,No,No,Medium
ACC11539,24,5,55.5,69.1,5.35,2,13.0,7,0.55,20.6,16,Saturday,Clear,Dry,Highway,T-Junction,Street Lights,Uncontrolled,Urban,Motorcycle,No,No,Medium
ACC11540,25,7,74.7,47.5,7.87,5,6.4,2,3.84,34.3,10,Tuesday,Cloudy,Wet,Rural Road,Roundabout,Daylight,Signal,Urban,Truck,No,No,High
ACC11541,18,11,59.5,59.0,8.84,2,8.9,8,30.19,29.1,9,Monday,Rain,Dry,Rural Road,Intersection,Poor,Signal,Urban,Bus,No,No,High
ACC11542,18,4,63.9,39.9,10.34,3,7.3,8,0.39,17.9,9,Friday,Clear,Wet,Urban Road,T-Junction,Poor,Uncontrolled,Urban,Motorcycle,Yes,No,High
ACC11543,45,28,56.2,76.1,9.44,2,10.7,4,0.47,22.4,5,Sunday,Cloudy,Damaged,Rural Road,Intersection,Poor,Signal,Suburban,Motorcycle,No,Yes,High
ACC11544,33,26,30.0,54.7,5.52,2,9.0,3,0.12,17.3,10,Friday,Clear,Dry,Highway,T-Junction,Daylight,Stop Sign,Urban,Car,Yes,No,Medium
ACC11545,49,25,56.0,65.1,8.6,3,5.4,9,42.68,36.0,5,Thursday,Storm,Dry,Highway,Straight Road,Daylight,Signal,Suburban,SUV,No,No,Medium
ACC11546,47,25,22.0,70.8,4.94,1,9.4,14,5.58,32.2,5,Sunday,Cloudy,Dry,Highway,T-Junction,Street Lights,Stop Sign,Suburban,Car,No,No,Low
ACC11547,30,20,49.5,77.6,10.44,5,10.0,7,15.48,30.6,10,Saturday,Rain,Dry,Highway,Straight Road,,Signal,Urban,Bus,Yes,Yes,High
ACC11548,25,10,68.3,82.2,11.3,1,6.6,9,4.27,22.7,5,Wednesday,Cloudy,Dry,Residential,T-Junction,Daylight,Signal,Urban,Car,Yes,Yes,High
ACC11549,37,22,37.4,77.2,8.27,5,8.4,7,0.3,31.6,21,Monday,Clear,Dry,Highway,T-Junction,Daylight,Stop Sign,Rural,Car,No,No,Medium
ACC11550,30,18,20.0,63.4,7.21,4,11.3,3,4.39,19.3,14,Thursday,Cloudy,Dry,Residential,Intersection,Street Lights,Uncontrolled,Urban,Car,No,No,Low
ACC11551,42,22,44.4,63.1,11.91,5,7.6,4,25.81,21.9,14,Tuesday,Storm,Dry,Urban Road,T-Junction,Daylight,Uncontrolled,Urban,Truck,No,No,Medium
ACC11552,18,0,60.8,39.2,11.33,3,9.3,13,4.04,17.8,18,Saturday,Cloudy,Dry,Rural Road,Intersection,Daylight,Stop Sign,Urban,Car,No,No,Medium
ACC11553,39,17,49.8,76.1,2.99,4,4.5,5,4.66,32.8,1,Wednesday,,Dry,Rural Road,T-Junction,Daylight,Stop Sign,Suburban,Car,No,No,High
ACC11554,52,47,34.5,20.7,9.13,2,14.3,5,2.86,41.3,17,Sunday,Fog,Dry,Rural Road,Crossroad,Street Lights,Stop Sign,Urban,Car,No,No,Medium
ACC11555,31,14,48.9,75.6,7.36,6,8.9,5,0.05,32.0,9,Monday,Clear,Wet,Highway,Roundabout,Street Lights,Stop Sign,Rural,Car,No,No,Medium
ACC11556,42,17,67.0,39.6,4.12,2,6.4,8,0.66,35.8,0,Saturday,Clear,Wet,Highway,Intersection,Daylight,Uncontrolled,Suburban,Car,No,Yes,High
ACC11557,21,0,51.9,92.8,11.86,2,7.0,6,3.47,16.1,12,Wednesday,Cloudy,Dry,Residential,Intersection,Poor,Uncontrolled,Rural,Car,No,No,Medium
ACC11558,28,16,72.4,68.9,5.63,3,3.0,5,0.64,33.1,19,Tuesday,Clear,Dry,Rural Road,Straight Road,Daylight,Stop Sign,Urban,Bus,No,No,High
ACC11559,25,17,48.0,63.9,,4,9.6,8,11.46,23.6,12,Thursday,Rain,Wet,Urban Road,Crossroad,Street Lights,Signal,Rural,Motorcycle,No,No,High
ACC11560,52,38,30.9,59.0,6.31,4,10.6,6,4.93,20.1,0,Thursday,Fog,Damaged,Rural Road,Straight Road,Street Lights,Signal,Urban,Motorcycle,No,No,Medium
ACC11561,57,44,88.1,87.8,4.77,4,14.8,7,0.04,33.6,22,Friday,Clear,Dry,Highway,Crossroad,Street Lights,Signal,Urban,SUV,No,No,High
ACC11562,30,13,64.9,38.2,8.12,3,9.3,5,0.66,23.1,0,Saturday,Clear,Dry,Urban Road,Crossroad,Daylight,Traffic Police,Rural,Motorcycle,Yes,No,Low
ACC11563,49,43,82.1,72.3,3.78,5,8.9,7,25.51,25.1,2,Sunday,Rain,Dry,Residential,T-Junction,Poor,Uncontrolled,Urban,SUV,Yes,No,High
ACC11564,41,28,56.3,73.4,12.0,6,9.0,5,0.66,32.9,4,Thursday,Clear,Dry,Highway,Straight Road,Poor,Stop Sign,Rural,Car,No,No,Medium
ACC11565,31,9,53.0,59.2,9.51,2,6.8,4,3.68,31.8,13,Friday,Rain,Dry,Rural Road,Roundabout,Street Lights,Signal,Urban,Motorcycle,No,No,Medium
ACC11566,52,34,83.5,56.2,6.39,1,7.8,5,0.31,24.2,17,Thursday,Clear,Dry,Urban Road,Crossroad,Daylight,Signal,Rural,Car,No,No,High
ACC11567,29,15,85.7,92.9,7.55,3,7.5,3,11.57,23.4,22,Monday,Rain,Wet,Urban Road,Crossroad,Daylight,Uncontrolled,Urban,Motorcycle,No,No,High
ACC11568,28,17,34.1,34.7,5.53,3,6.5,9,0.09,28.3,7,Saturday,Clear,Dry,Highway,Intersection,Street Lights,Uncontrolled,Suburban,Motorcycle,No,No,Low
ACC11569,24,13,46.9,19.2,8.62,2,8.8,6,4.21,22.9,5,Sunday,Cloudy,Dry,Urban Road,T-Junction,Daylight,Signal,Urban,Car,No,No,Low
ACC11570,45,25,41.8,55.7,4.4,3,10.5,4,2.09,29.0,17,Tuesday,Cloudy,Dry,Rural Road,Roundabout,Street Lights,Uncontrolled,Urban,Bus,Yes,No,Medium
ACC11571,25,11,69.6,54.1,3.99,3,4.8,9,0.93,30.1,23,Saturday,Cloudy,Dry,Urban Road,Crossroad,Daylight,Signal,Suburban,Motorcycle,No,No,High
ACC11572,33,23,44.3,58.9,8.47,2,8.5,4,0.12,33.3,15,Saturday,,Dry,Highway,Intersection,Street Lights,Signal,Suburban,Car,No,Yes,Medium
ACC11573,31,10,67.1,44.3,11.84,6,10.2,9,21.79,33.5,4,Wednesday,Rain,Dry,Urban Road,Straight Road,Daylight,Uncontrolled,Urban,Motorcycle,No,No,Medium
ACC11574,29,19,72.7,58.2,5.63,1,9.3,6,1.92,27.3,11,Tuesday,Fog,Damaged,Urban Road,Crossroad,Daylight,Stop Sign,Urban,Bus,Yes,Yes,High
ACC11575,32,26,91.6,23.4,6.06,5,9.5,5,0.79,32.8,23,Tuesday,Clear,Dry,Rural Road,Intersection,Daylight,Uncontrolled,Urban,Car,No,No,Medium
ACC11576,30,14,38.2,100.0,6.81,3,9.9,10,0.16,21.0,11,Friday,Clear,Wet,Urban Road,Straight Road,Daylight,Signal,Urban,Car,No,No,High
ACC11577,52,41,79.0,32.1,6.44,2,9.5,3,0.17,28.3,14,Friday,Clear,Damaged,Highway,T-Junction,Daylight,Signal,Urban,Bus,No,No,Medium
ACC11578,40,35,53.8,70.4,7.09,3,5.2,4,1.61,30.0,4,Monday,Cloudy,Dry,Residential,Straight Road,Street Lights,Signal,Rural,SUV,No,No,Medium
ACC11579,36,21,92.5,55.8,8.89,2,10.0,4,0.91,32.1,5,Wednesday,Cloudy,Dry,Rural Road,Crossroad,Street Lights,Signal,Urban,Car,No,No,Medium
ACC11580,30,7,76.9,58.1,7.16,4,7.2,8,0.75,26.2,14,Thursday,Cloudy,Dry,Rural Road,Roundabout,Street Lights,Stop Sign,Urban,SUV,No,No,High
ACC11581,21,3,75.1,43.3,3.6,2,8.0,3,0.52,14.0,20,Thursday,Clear,Damaged,Urban Road,Straight Road,Street Lights,Signal,Rural,Car,No,No,High
ACC11582,28,23,44.6,77.3,6.93,4,9.4,8,0.19,40.0,15,Tuesday,Clear,Damaged,Urban Road,Roundabout,Daylight,Signal,Urban,SUV,No,No,Medium
ACC11583,35,22,54.5,49.8,8.78,1,8.4,7,0.89,23.2,6,Saturday,Cloudy,Wet,Residential,Roundabout,Daylight,Signal,Suburban,Truck,No,No,Medium
ACC11584,34,24,65.4,53.0,5.84,5,6.2,6,2.62,32.5,14,Monday,Cloudy,Dry,Rural Road,Straight Road,Daylight,Uncontrolled,Suburban,SUV,Yes,No,High
ACC11585,37,19,47.9,33.2,9.11,1,10.6,8,29.15,33.3,20,Saturday,Storm,Wet,Highway,T-Junction,Street Lights,Stop Sign,Suburban,Bus,No,No,Medium
ACC11586,51,37,70.2,92.4,10.27,4,6.5,3,0.65,30.6,20,Wednesday,Clear,Dry,Rural Road,Straight Road,Daylight,Uncontrolled,Suburban,Car,Yes,No,Medium
ACC11587,30,22,90.4,51.6,8.6,2,7.7,6,13.32,34.8,9,Thursday,Rain,,Highway,Intersection,Daylight,Signal,Suburban,Car,No,No,High
ACC11588,51,37,46.7,43.3,5.79,4,10.5,3,0.36,15.7,19,Tuesday,Clear,Dry,Urban Road,Roundabout,Street Lights,Signal,Urban,Motorcycle,No,No,Medium
ACC11589,33,9,45.2,58.3,11.5,4,6.5,4,0.37,34.3,11,Monday,Clear,Dry,Rural Road,Crossroad,Poor,Signal,Urban,Car,Yes,Yes,High
ACC11590,37,24,47.5,100.0,10.57,3,12.1,2,61.11,16.4,13,Wednesday,Rain,Wet,Rural Road,Roundabout,Street Lights,Signal,Suburban,Motorcycle,No,No,Medium
ACC11591,34,12,84.7,18.4,8.48,2,6.7,6,32.31,26.5,8,Saturday,Rain,Dry,Highway,Crossroad,Street Lights,Signal,Urban,SUV,No,No,Medium
ACC11592,50,35,54.5,93.7,6.95,7,7.3,4,41.89,36.9,0,Tuesday,Storm,Dry,Residential,Intersection,Street Lights,Signal,Urban,Car,Yes,No,High
ACC11593,26,6,87.2,96.7,10.49,7,9.0,4,0.32,26.3,6,Tuesday,Clear,Dry,Urban Road,Intersection,Daylight,Stop Sign,Rural,Motorcycle,No,No,High
ACC11594,44,23,71.9,55.2,8.71,4,5.1,5,1.01,29.1,1,Sunday,Clear,Damaged,Urban Road,Intersection,Street Lights,Traffic Police,Suburban,Car,No,No,High
ACC11595,54,34,66.0,5.0,10.4,1,5.3,7,5.39,14.1,9,Saturday,Rain,Wet,Residential,Straight Road,Street Lights,Signal,Urban,Truck,No,No,Medium
ACC11596,34,16,92.1,50.4,7.22,2,12.9,11,2.92,33.7,17,Monday,Cloudy,Dry,Rural Road,Roundabout,Daylight,Uncontrolled,Rural,Car,No,No,High
ACC11597,18,0,44.5,48.9,6.88,1,8.8,6,0.13,27.5,22,Monday,Clear,Dry,Highway,Crossroad,Daylight,Signal,Suburban,Car,Yes,No,Low
ACC11598,23,0,26.3,16.7,3.73,6,10.5,5,0.01,42.9,19,Monday,Clear,Dry,Urban Road,Intersection,Daylight,Uncontrolled,Rural,SUV,No,No,Low
ACC11599,30,19,45.3,12.5,11.91,5,10.2,9,0.05,17.4,5,Monday,Clear,Damaged,Urban Road,Intersection,Daylight,Stop Sign,Rural,Bus,No,No,Low
ACC11600,39,20,54.4,85.5,11.21,4,8.8,2,3.58,22.7,10,Wednesday,Fog,Dry,Rural Road,Crossroad,Poor,Traffic Police,Urban,Bus,Yes,No,High
ACC11601,49,31,62.9,71.6,6.4,8,8.3,4,0.41,20.7,7,Monday,Clear,Dry,Highway,Roundabout,Daylight,Signal,Suburban,Bus,Yes,No,High
ACC11602,34,25,71.9,30.1,8.34,3,6.5,8,0.09,35.6,13,Monday,Clear,Dry,Rural Road,Roundabout,Daylight,Signal,Suburban,Motorcycle,No,No,Medium
ACC11603,30,20,65.0,62.8,9.66,4,11.5,7,0.13,27.3,21,Monday,Clear,Dry,Residential,Crossroad,Poor,Signal,Rural,Truck,No,Yes,High
ACC11604,42,31,67.1,23.7,9.57,3,7.5,9,0.29,40.3,12,Sunday,Clear,Wet,Rural Road,T-Junction,Daylight,Signal,Suburban,Car,Yes,No,Medium
ACC11605,33,21,57.0,23.9,8.72,1,7.3,3,0.79,25.7,15,Wednesday,Clear,Dry,Highway,Roundabout,Daylight,Traffic Police,Urban,Car,Yes,No,Low
ACC11606,35,13,69.4,43.7,6.81,2,3.0,4,0.7,23.5,20,Thursday,Cloudy,Dry,Rural Road,Crossroad,Poor,Uncontrolled,Urban,Car,Yes,Yes,High
ACC11607,30,10,63.6,38.1,7.2,3,11.7,4,0.83,30.4,2,Tuesday,Clear,Dry,Highway,Crossroad,Daylight,Uncontrolled,Urban,Car,No,No,Medium
ACC11608,53,32,81.3,49.7,8.01,4,8.2,11,31.87,31.1,13,Friday,Rain,Dry,Urban Road,Intersection,Street Lights,Stop Sign,Rural,Car,Yes,No,High
ACC11609,37,14,68.0,55.7,7.05,3,6.8,7,1.17,26.8,17,Saturday,Clear,Damaged,Urban Road,Crossroad,Daylight,Uncontrolled,Rural,Car,No,Yes,High
ACC11610,48,33,71.8,38.6,12.0,5,12.5,6,0.29,36.5,10,Sunday,Cloudy,Dry,Highway,Straight Road,Daylight,Signal,Urban,Motorcycle,Yes,Yes,Medium
ACC11611,39,17,105.5,71.5,7.65,8,4.1,8,13.99,15.6,16,Tuesday,Fog,Damaged,Residential,Intersection,Daylight,Signal,Suburban,Car,No,No,High
ACC11612,47,28,52.7,81.3,7.6,2,5.7,7,45.89,19.6,14,Wednesday,Rain,Wet,Urban Road,Intersection,Daylight,Uncontrolled,Rural,Truck,Yes,No,High
ACC11613,44,30,76.1,21.7,7.17,4,5.5,4,1.53,36.1,13,Saturday,Cloudy,Dry,Urban Road,Roundabout,Poor,Signal,Urban,Motorcycle,No,No,Medium
ACC11614,44,35,59.9,100.0,5.13,3,9.5,7,0.49,26.5,9,Monday,Clear,Dry,Residential,T-Junction,Poor,Signal,Urban,SUV,No,No,High
ACC11615,40,26,53.5,48.2,10.07,3,8.6,10,0.19,30.9,5,Wednesday,Clear,Dry,Urban Road,Roundabout,Poor,Signal,Urban,Car,No,No,Medium
ACC11616,18,9,55.8,57.4,3.69,3,8.9,7,12.86,21.2,18,Sunday,Rain,Wet,Rural Road,Straight Road,Daylight,Stop Sign,Rural,Truck,Yes,No,High
ACC11617,18,7,72.4,54.1,8.85,4,10.7,8,26.77,27.4,22,Sunday,Storm,,Urban Road,Intersection,Poor,Stop Sign,Suburban,Truck,No,No,High
ACC11618,24,13,55.5,67.1,4.71,3,8.8,7,53.52,28.9,8,Thursday,Rain,Dry,Urban Road,Intersection,Street Lights,Signal,Urban,SUV,No,No,High
ACC11619,48,28,27.4,63.8,,4,8.8,5,0.93,33.9,15,Friday,Cloudy,Dry,Residential,Crossroad,Daylight,Uncontrolled,Urban,Car,Yes,No,Medium
ACC11620,42,27,49.7,69.0,10.64,3,4.0,6,2.56,23.6,15,Thursday,Rain,Wet,Urban Road,T-Junction,Street Lights,Uncontrolled,Suburban,Car,Yes,Yes,High
ACC11621,31,10,83.6,15.2,9.54,1,9.2,4,0.28,33.4,5,Monday,Cloudy,Dry,Highway,T-Junction,Daylight,Traffic Police,Rural,Car,No,No,Low
ACC11622,51,28,70.8,100.0,6.11,2,6.2,6,0.72,17.1,0,Wednesday,Clear,Dry,Urban Road,Crossroad,Daylight,Stop Sign,Suburban,Car,Yes,No,High
ACC11623,46,29,20.0,84.4,5.51,2,9.1,3,0.76,23.9,22,Wednesday,Cloudy,Dry,Urban Road,Straight Road,Street Lights,Uncontrolled,Urban,Motorcycle,No,No,High
ACC11624,41,28,45.5,24.2,7.74,5,9.5,3,12.77,31.4,13,Monday,Storm,Dry,Urban Road,T-Junction,Street Lights,Uncontrolled,Urban,Bus,Yes,No,Medium
ACC11625,43,21,38.5,48.5,5.14,2,10.1,1,0.13,25.5,8,Monday,Clear,Wet,Urban Road,Intersection,Daylight,Signal,Rural,Car,No,No,Medium
ACC11626,42,26,24.5,5.0,6.09,4,14.3,8,9.74,31.2,10,Friday,Rain,,Urban Road,Straight Road,Daylight,Signal,Urban,Car,No,Yes,Medium
ACC11627,21,0,56.9,17.5,6.88,5,12.1,6,0.06,32.8,19,Thursday,Clear,Wet,Rural Road,Roundabout,Poor,Stop Sign,Urban,Car,No,No,High
ACC11628,36,26,80.1,52.7,9.41,4,11.4,3,1.33,21.4,12,Monday,Cloudy,Wet,Highway,Roundabout,Street Lights,Signal,Rural,Car,No,No,Low
ACC11629,41,25,40.8,69.2,12.0,1,7.0,4,0.4,21.0,20,Monday,Clear,Dry,Urban Road,Straight Road,Daylight,Signal,Rural,SUV,No,No,Low
ACC11630,35,26,47.9,78.1,8.42,4,13.6,4,0.28,39.2,18,Thursday,Cloudy,Wet,Highway,Intersection,Daylight,Stop Sign,Suburban,SUV,No,No,Medium
ACC11631,27,8,52.5,25.5,6.44,3,9.3,7,14.93,28.6,18,Monday,Rain,Dry,Residential,Roundabout,Daylight,Signal,Suburban,Car,No,No,High
ACC11632,18,1,25.9,100.0,10.86,3,13.6,8,1.2,39.4,13,Saturday,Clear,Dry,Residential,Intersection,Poor,Signal,Urban,Car,No,No,Medium
ACC11633,26,10,96.8,74.4,10.55,2,10.1,6,13.1,20.8,22,Friday,Rain,Wet,Rural Road,Crossroad,Daylight,Stop Sign,Urban,SUV,Yes,Yes,High
ACC11634,45,27,73.3,27.4,9.99,3,3.0,5,8.72,25.7,14,Friday,Rain,Dry,Residential,T-Junction,Daylight,Uncontrolled,Urban,Car,No,No,High
ACC11635,41,28,61.2,,10.62,3,10.6,7,4.75,22.4,8,Sunday,Fog,Wet,Urban Road,Straight Road,Daylight,Uncontrolled,Suburban,Truck,No,No,Low
ACC11636,18,9,45.9,48.0,12.0,5,9.3,6,1.3,25.7,16,Thursday,Clear,Dry,Highway,T-Junction,Poor,Stop Sign,Urban,SUV,No,No,Low
ACC11637,43,22,34.9,28.2,1.8,3,7.5,8,1.18,32.8,11,Sunday,Clear,Damaged,Highway,Crossroad,Street Lights,Stop Sign,Rural,Motorcycle,No,No,Medium
ACC11638,21,8,43.9,45.6,7.71,3,9.6,5,0.02,28.7,11,Tuesday,Clear,Dry,Highway,Roundabout,Street Lights,Signal,Urban,Car,Yes,No,Low
ACC11639,33,8,77.9,57.2,5.15,2,8.4,6,69.65,29.3,13,Friday,Storm,Dry,Highway,Intersection,Daylight,Signal,Urban,Car,No,No,High
ACC11640,44,29,46.2,19.4,9.32,7,9.5,8,1.79,22.1,7,Wednesday,Fog,Dry,Highway,Intersection,Daylight,Signal,Urban,SUV,No,No,Low
ACC11641,31,16,56.7,51.8,8.92,1,7.7,5,7.49,23.4,19,Wednesday,Cloudy,Wet,Residential,Crossroad,Poor,Uncontrolled,Suburban,Car,Yes,No,High
ACC11642,20,1,59.0,68.9,8.96,2,8.4,2,24.51,23.7,9,Tuesday,Rain,Wet,Rural Road,Straight Road,Poor,Stop Sign,Urban,Car,No,No,High
ACC11643,18,0,117.4,82.7,6.8,2,7.4,4,6.01,28.6,5,Friday,Cloudy,Dry,Highway,T-Junction,Poor,Uncontrolled,Rural,Bus,No,No,High
ACC11644,25,16,47.3,69.8,,2,7.3,12,3.43,35.5,15,Sunday,Cloudy,Damaged,Rural Road,Roundabout,Poor,Uncontrolled,Urban,Bus,No,No,High
ACC11645,30,20,37.7,46.7,9.21,5,8.8,5,0.47,20.5,6,Monday,Clear,Dry,Urban Road,Straight Road,Street Lights,Signal,Suburban,Motorcycle,No,Yes,Medium
ACC11646,39,29,25.0,57.7,6.95,4,9.9,4,11.53,37.2,16,Saturday,Rain,Dry,Urban Road,Crossroad,Street Lights,Stop Sign,Suburban,Car,No,No,Low
ACC11647,28,22,46.1,65.4,5.29,2,5.9,6,0.56,22.1,4,Tuesday,Clear,Damaged,Highway,Crossroad,Street Lights,Signal,Urban,Motorcycle,No,No,High
ACC11648,29,24,100.1,63.8,11.73,3,7.8,4,13.7,24.0,17,Monday,Rain,Damaged,Highway,Intersection,Street Lights,Signal,Suburban,Car,No,No,Medium
ACC11649,29,11,68.3,56.4,10.05,5,8.1,1,12.64,10.5,23,Saturday,Rain,Wet,Urban Road,Roundabout,Daylight,Stop Sign,Suburban,Car,No,No,Medium
ACC11650,27,12,84.7,55.7,0.5,6,10.9,4,26.4,17.1,20,Wednesday,Rain,Damaged,Rural Road,Straight Road,Daylight,Traffic Police,Rural,Bus,Yes,No,High
ACC11651,55,32,66.3,45.4,5.13,1,9.1,6,0.02,32.6,15,Saturday,Clear,Dry,Highway,Intersection,Poor,Uncontrolled,Rural,Car,No,No,Medium
ACC11652,38,27,51.9,57.9,6.91,2,5.9,4,0.11,24.4,16,Tuesday,Clear,Damaged,Highway,Roundabout,Daylight,Traffic Police,Urban,Car,No,No,High
ACC11653,25,4,70.6,50.1,9.74,2,9.1,4,0.1,30.9,7,Friday,Clear,Dry,Urban Road,T-Junction,Poor,Signal,Urban,Car,No,No,Medium
ACC11654,18,11,41.2,29.7,3.03,3,9.5,6,0.23,26.0,11,Wednesday,Clear,Dry,Urban Road,T-Junction,Daylight,Signal,Urban,Motorcycle,No,No,High
ACC11655,36,15,69.8,75.6,4.8,2,10.2,3,0.66,22.9,10,Friday,Clear,Dry,Residential,Intersection,Daylight,Signal,Rural,Truck,No,No,Medium
ACC11656,51,28,76.2,63.7,7.4,4,7.2,6,1.23,37.0,11,Monday,Fog,Dry,Highway,Straight Road,Daylight,Signal,Urban,Bus,Yes,No,High
ACC11657,41,23,75.9,,8.4,4,9.2,4,2.42,12.9,22,Friday,Cloudy,Dry,Residential,Roundabout,Daylight,Signal,Suburban,Truck,No,No,Medium
ACC11658,63,43,54.3,53.1,6.29,5,8.8,11,0.31,30.1,17,Saturday,Clear,Dry,Residential,T-Junction,Daylight,Stop Sign,Suburban,Truck,No,No,Medium
ACC11659,29,4,79.8,59.8,8.76,1,8.9,5,0.72,23.2,4,Tuesday,Clear,Dry,Highway,T-Junction,Daylight,Stop Sign,Suburban,Truck,No,No,High
ACC11660,41,28,37.9,75.3,6.63,4,8.6,8,0.21,26.5,4,Monday,Clear,Dry,Urban Road,Straight Road,Street Lights,Traffic Police,Urban,Car,Yes,Yes,High
ACC11661,18,12,71.2,49.6,4.18,1,13.3,5,2.73,25.7,4,Tuesday,Cloudy,Dry,Residential,Intersection,Daylight,Traffic Police,Urban,Car,No,Yes,High
ACC11662,18,0,63.0,58.3,8.76,5,13.7,4,3.54,27.2,18,Saturday,Cloudy,Dry,Residential,Crossroad,Daylight,Signal,Urban,Truck,Yes,No,Medium
ACC11663,33,28,45.4,92.0,9.64,3,10.8,5,3.6,11.5,17,Monday,Fog,Dry,Highway,Roundabout,Daylight,Uncontrolled,Urban,Car,No,No,Medium
ACC11664,48,32,38.2,5.0,10.41,6,8.1,8,9.89,34.9,1,Sunday,Cloudy,Wet,Rural Road,T-Junction,Street Lights,Stop Sign,Urban,Car,No,No,Low
ACC11665,54,37,56.6,35.4,4.87,3,10.0,2,31.23,24.2,22,Sunday,Storm,Damaged,Rural Road,Crossroad,Street Lights,Stop Sign,Urban,Motorcycle,No,No,High
ACC11666,36,19,59.3,67.6,9.38,7,8.1,3,0.97,11.2,13,Tuesday,Fog,Wet,Highway,Straight Road,Street Lights,Uncontrolled,Suburban,Motorcycle,No,No,High
ACC11667,25,17,46.7,79.8,8.9,6,8.3,5,0.06,21.5,1,Wednesday,Clear,Dry,Highway,Intersection,Daylight,Signal,Urban,Motorcycle,No,No,Medium
ACC11668,18,11,34.6,31.9,12.0,6,7.6,6,11.34,28.6,20,Sunday,,,Rural Road,Roundabout,Daylight,Uncontrolled,Urban,Truck,No,No,Medium
ACC11669,28,5,73.2,35.8,5.42,3,5.0,5,0.22,22.1,3,Tuesday,Clear,Dry,Rural Road,Straight Road,Street Lights,Uncontrolled,Urban,Motorcycle,Yes,Yes,High
ACC11670,34,18,75.4,58.9,8.23,2,3.1,4,9.73,35.1,13,Wednesday,Rain,Dry,Urban Road,Intersection,Street Lights,Uncontrolled,Urban,SUV,No,Yes,High
ACC11671,29,18,95.8,18.1,7.89,4,7.4,4,0.1,31.0,9,Saturday,Clear,Dry,Urban Road,Straight Road,Daylight,Traffic Police,Urban,Car,Yes,No,High
ACC11672,18,0,46.0,53.6,3.89,7,6.9,7,0.84,27.1,22,Thursday,Fog,Wet,Urban Road,T-Junction,Daylight,Stop Sign,Urban,Motorcycle,No,No,High
ACC11673,35,12,59.2,54.2,11.42,2,6.9,10,11.62,17.0,1,Friday,Fog,Dry,Urban Road,T-Junction,Daylight,Signal,Suburban,Car,No,No,Medium
ACC11674,31,18,75.3,52.9,5.74,2,11.3,5,8.19,22.2,17,Sunday,Rain,Dry,Residential,Crossroad,Daylight,Signal,Urban,Car,Yes,No,Medium
ACC11675,40,33,77.0,34.9,5.92,2,6.7,3,17.17,31.2,11,Monday,Rain,Dry,Urban Road,Straight Road,Street Lights,Signal,Rural,SUV,No,Yes,High
ACC11676,26,7,64.8,44.0,7.53,4,5.8,5,0.19,23.1,10,Friday,Clear,Damaged,Urban Road,T-Junction,Daylight,Signal,Urban,Car,No,No,Medium
ACC11677,31,8,71.0,15.9,5.94,5,10.9,3,0.39,24.7,10,Saturday,Clear,Wet,Urban Road,Intersection,Daylight,Uncontrolled,Rural,Car,No,No,Low
ACC11678,35,10,46.0,27.6,9.46,6,8.1,5,0.02,23.1,7,Wednesday,Clear,Dry,Highway,Crossroad,Daylight,Signal,Rural,Motorcycle,No,Yes,Low
ACC11679,39,18,60.0,49.2,8.02,4,7.0,5,0.15,28.0,1,Sunday,Clear,Dry,Highway,Roundabout,Poor,Traffic Police,Suburban,Car,No,No,Medium
ACC11680,29,19,42.3,72.6,3.01,2,8.0,3,4.68,20.3,13,Wednesday,Rain,Dry,Urban Road,Straight Road,Street Lights,Uncontrolled,Rural,Motorcycle,Yes,No,High
ACC11681,26,14,70.1,63.4,3.52,2,10.5,9,0.56,26.1,6,Wednesday,Clear,Wet,Urban Road,T-Junction,Poor,Signal,Urban,Car,No,No,High
ACC11682,23,15,77.5,74.5,9.18,2,8.3,1,19.11,24.8,12,Tuesday,Storm,Dry,Urban Road,Intersection,Daylight,Stop Sign,Urban,Car,No,No,Medium
ACC11683,36,17,120.5,65.8,6.14,4,8.4,3,0.53,25.8,0,Friday,Cloudy,Damaged,Highway,Straight Road,Street Lights,Stop Sign,Urban,Bus,No,No,High
ACC11684,30,22,84.6,91.2,7.83,4,8.4,5,35.09,31.7,4,Sunday,Rain,Dry,Urban Road,Intersection,Daylight,Stop Sign,Urban,Truck,No,No,High
ACC11685,53,39,27.1,39.6,8.82,4,9.0,2,0.85,34.7,18,Wednesday,Clear,Wet,Residential,Crossroad,Daylight,Stop Sign,Urban,Motorcycle,No,Yes,Medium
ACC11686,33,17,39.5,69.0,5.18,2,7.1,8,2.59,19.0,13,Thursday,Fog,Dry,Highway,T-Junction,Daylight,Signal,Suburban,Motorcycle,No,No,High
ACC11687,36,23,84.8,64.1,4.75,1,4.8,4,7.89,27.4,5,Saturday,Fog,Dry,Urban Road,T-Junction,Street Lights,Uncontrolled,Urban,Bus,No,No,High
ACC11688,45,37,68.1,59.0,9.56,1,8.9,6,1.49,14.6,22,Wednesday,Cloudy,Dry,Rural Road,Crossroad,Daylight,Stop Sign,Urban,Truck,No,Yes,High
ACC11689,46,35,59.9,44.4,6.99,1,6.7,4,1.5,23.8,12,Sunday,Cloudy,Dry,Urban Road,Intersection,Street Lights,Uncontrolled,Urban,Car,No,No,Low
ACC11690,30,12,57.0,40.2,10.99,6,9.1,7,30.55,26.5,22,Friday,Rain,Dry,Rural Road,Straight Road,Daylight,Uncontrolled,Suburban,Car,Yes,No,Low
ACC11691,55,35,40.7,48.1,9.55,3,5.8,7,0.9,19.2,11,Wednesday,Clear,Wet,Urban Road,Intersection,Daylight,Signal,Rural,Car,No,No,Low
ACC11692,58,41,22.5,25.4,8.86,7,10.3,7,1.08,19.8,21,Wednesday,Cloudy,Dry,Highway,Straight Road,Daylight,Signal,Urban,Car,No,Yes,Low
ACC11693,31,7,41.3,28.2,12.0,1,6.8,9,0.82,26.2,18,Monday,Clear,Wet,Rural Road,Crossroad,Daylight,Uncontrolled,Urban,Car,No,No,Low
ACC11694,35,18,54.2,57.0,6.58,2,7.8,3,1.5,34.7,10,Wednesday,Clear,Wet,Residential,Roundabout,Daylight,Traffic Police,Urban,Car,No,No,Medium
ACC11695,38,28,61.9,57.0,6.82,5,6.4,6,1.2,26.2,3,Friday,Clear,Dry,Urban Road,Straight Road,Daylight,Signal,Suburban,Bus,No,No,Medium
ACC11696,26,11,52.9,55.1,9.6,1,10.7,7,0.09,19.3,9,Saturday,Clear,Wet,Urban Road,T-Junction,Daylight,Signal,Urban,Motorcycle,No,Yes,Medium
ACC11697,34,12,34.9,22.5,7.88,5,9.4,9,0.11,19.4,20,Monday,Clear,Wet,Highway,T-Junction,Daylight,Signal,Rural,Car,Yes,No,Medium
ACC11698,24,12,48.3,22.3,6.22,4,6.1,7,0.18,29.0,14,Monday,Clear,Dry,Residential,T-Junction,Daylight,Signal,Urban,Truck,No,No,Low
ACC11699,34,14,60.3,43.3,6.36,2,13.5,5,66.15,28.5,3,Wednesday,Storm,Wet,Residential,Intersection,Daylight,Signal,Urban,Truck,No,No,High
ACC11700,33,12,62.4,100.0,4.7,4,6.5,7,8.47,25.6,9,Wednesday,Cloudy,Dry,Urban Road,Intersection,Daylight,Signal,Rural,Car,No,No,High
ACC11701,39,15,50.6,34.5,8.25,4,6.5,5,9.05,22.8,16,Thursday,Storm,Dry,Urban Road,Intersection,Daylight,Uncontrolled,Rural,Motorcycle,Yes,No,High
ACC11702,40,27,51.4,74.4,9.73,4,9.4,2,0.68,23.9,16,Sunday,Clear,Wet,Highway,T-Junction,Daylight,Signal,Suburban,Car,Yes,No,High
ACC11703,34,24,72.4,46.4,7.82,3,11.3,7,0.3,26.4,11,Sunday,Clear,Dry,Urban Road,Straight Road,Street Lights,Signal,Urban,Motorcycle,No,No,Medium
ACC11704,49,34,62.4,28.7,9.95,3,8.7,5,3.06,24.8,1,Friday,Cloudy,Dry,Urban Road,T-Junction,Daylight,Signal,Suburban,Car,No,No,Low
ACC11705,24,0,51.1,57.3,7.86,5,9.2,7,0.15,37.9,8,Saturday,Clear,Dry,Urban Road,Straight Road,Daylight,Uncontrolled,Urban,Motorcycle,No,No,Low
ACC11706,30,7,64.2,39.6,7.27,2,8.9,5,0.02,24.3,20,Sunday,Clear,Wet,Highway,Intersection,Poor,Stop Sign,Urban,Motorcycle,No,No,Medium
ACC11707,27,16,21.8,61.5,8.79,1,7.4,6,3.48,28.3,1,Friday,Cloudy,Damaged,Residential,Roundabout,Street Lights,Traffic Police,Urban,Truck,Yes,No,Medium
ACC11708,51,42,52.7,60.5,7.41,4,8.9,10,0.03,27.0,5,Tuesday,Clear,Dry,Residential,Intersection,Poor,Stop Sign,Urban,Motorcycle,No,No,High
ACC11709,33,18,55.2,11.0,7.85,1,11.0,7,5.0,25.8,7,Saturday,Cloudy,Wet,Highway,Crossroad,Street Lights,Signal,Suburban,Motorcycle,No,No,Low
ACC11710,33,25,57.6,70.2,7.77,2,12.0,4,6.59,27.1,19,Tuesday,Rain,Damaged,Highway,Straight Road,Daylight,Signal,Urban,Car,No,No,High
ACC11711,49,29,42.3,34.7,4.72,3,9.9,7,1.14,22.2,15,Friday,Clear,Dry,Residential,Roundabout,Daylight,Uncontrolled,Rural,Truck,No,No,Low
ACC11712,18,12,69.6,62.5,8.7,4,10.9,8,0.09,32.0,11,Wednesday,Clear,Dry,Urban Road,Intersection,Street Lights,Stop Sign,Urban,SUV,No,No,Medium
ACC11713,23,14,35.4,59.9,5.16,9,9.9,9,3.35,24.9,8,Monday,Rain,Wet,Rural Road,Roundabout,Poor,Stop Sign,Urban,Bus,No,No,High
ACC11714,33,28,27.5,88.2,7.05,2,7.7,6,0.51,31.0,23,Thursday,Cloudy,Wet,Highway,T-Junction,Street Lights,Uncontrolled,Suburban,SUV,Yes,No,High
ACC11715,29,19,54.7,56.8,12.0,5,10.5,6,1.05,31.7,14,Wednesday,Clear,Damaged,Urban Road,Straight Road,Poor,Uncontrolled,Rural,Car,No,No,Medium
ACC11716,45,39,47.3,63.8,10.72,4,5.7,10,58.79,30.3,6,Saturday,Storm,Dry,Highway,Crossroad,Daylight,Signal,Rural,Car,No,No,Medium
ACC11717,19,1,34.3,26.8,6.21,3,8.1,5,0.04,22.8,15,Saturday,Clear,Dry,Urban Road,T-Junction,Daylight,Uncontrolled,Suburban,Motorcycle,No,No,Low
ACC11718,41,25,65.6,88.0,5.59,2,12.6,8,34.98,31.6,12,Monday,Rain,Dry,Rural Road,Roundabout,Poor,Stop Sign,Urban,Car,No,No,High
ACC11719,24,15,57.3,68.5,7.06,4,7.8,4,35.73,17.6,4,Saturday,Storm,Dry,Urban Road,Intersection,Street Lights,Signal,Rural,Car,No,Yes,High
ACC11720,38,29,75.1,43.5,8.54,3,8.7,5,0.34,18.1,20,Friday,Clear,Dry,Urban Road,Straight Road,Poor,Stop Sign,Rural,Motorcycle,Yes,No,High
ACC11721,45,34,63.7,84.4,3.52,6,6.9,5,0.14,26.2,21,Sunday,Clear,Wet,Urban Road,Crossroad,Street Lights,Stop Sign,Urban,Car,No,No,High
ACC11722,56,35,55.8,74.3,6.99,3,6.2,6,0.2,31.5,22,Saturday,Clear,Dry,Residential,Intersection,Daylight,Signal,Suburban,Car,No,No,Medium
ACC11723,18,10,37.3,50.8,10.93,1,9.1,5,0.04,34.3,12,Wednesday,Clear,Wet,Highway,Crossroad,Daylight,Signal,Suburban,SUV,Yes,No,Low
ACC11724,36,29,37.0,,7.24,4,8.9,4,0.65,32.1,18,Saturday,Clear,Dry,Highway,Straight Road,Poor,Signal,Urban,Car,No,No,Low
ACC11725,45,30,51.7,60.7,5.57,4,11.5,8,14.55,28.1,22,Thursday,Rain,Dry,Highway,Roundabout,Street Lights,Signal,Rural,Car,No,No,High
ACC11726,36,14,49.7,51.4,4.96,1,5.2,8,0.05,27.9,23,Sunday,Clear,Dry,Highway,Crossroad,Daylight,Signal,Urban,Car,Yes,No,High
ACC11727,39,30,72.1,100.0,4.92,3,9.7,3,11.1,37.1,13,Saturday,Cloudy,Dry,Urban Road,Straight Road,Daylight,Signal,Suburban,Bus,No,No,High
ACC11728,27,20,72.1,67.7,11.19,6,9.5,2,20.58,14.0,4,Sunday,Storm,Dry,Rural Road,Crossroad,Daylight,Signal,Urban,Truck,No,Yes,High
ACC11729,31,16,29.6,30.3,8.56,2,7.4,4,44.59,22.3,22,Tuesday,Rain,Damaged,Urban Road,Intersection,Daylight,Signal,Urban,Car,No,Yes,Medium
ACC11730,26,6,36.6,79.9,7.83,7,10.2,6,1.38,19.2,5,Monday,Cloudy,Wet,Urban Road,Crossroad,Street Lights,Uncontrolled,Suburban,Car,Yes,No,Medium
ACC11731,42,25,27.4,35.0,10.12,4,5.2,7,0.46,27.7,7,Wednesday,Clear,Dry,Rural Road,Intersection,Daylight,Signal,Urban,Truck,Yes,No,Medium
ACC11732,55,42,45.5,55.7,10.02,3,5.5,6,0.99,32.9,3,Thursday,Cloudy,Dry,Urban Road,Intersection,Daylight,Signal,Urban,Car,No,No,Low
ACC11733,37,31,78.2,56.0,7.8,4,4.4,8,2.01,31.5,4,Wednesday,Cloudy,Damaged,Urban Road,Straight Road,Street Lights,Signal,Rural,SUV,No,No,High
ACC11734,36,25,64.5,37.7,9.32,3,7.5,10,0.27,29.0,21,Friday,Clear,Dry,Highway,T-Junction,Daylight,Uncontrolled,Suburban,Motorcycle,Yes,No,Medium
ACC11735,18,0,61.1,12.8,4.86,6,9.1,7,2.64,21.5,5,Monday,Clear,Dry,Highway,Crossroad,Street Lights,Signal,Suburban,Car,No,No,Medium
ACC11736,34,25,56.0,71.9,7.76,6,9.1,5,1.51,39.0,20,Friday,Fog,Dry,Rural Road,Roundabout,Daylight,Signal,Urban,SUV,No,No,Medium
ACC11737,41,24,45.5,62.3,7.69,4,7.2,2,0.84,34.9,9,Saturday,Clear,Damaged,Highway,Intersection,Poor,Signal,Urban,Car,No,No,Medium
ACC11738,18,0,73.5,46.3,4.5,2,12.2,5,0.43,34.2,10,Friday,Clear,Dry,Highway,T-Junction,Daylight,Traffic Police,Suburban,Car,No,No,Medium
ACC11739,37,22,67.7,29.8,7.01,1,8.8,5,0.83,30.6,7,Saturday,Clear,Dry,Rural Road,Intersection,Daylight,Stop Sign,Rural,Car,No,No,Medium
ACC11740,35,21,75.4,85.9,12.0,3,4.3,6,0.54,26.9,20,Tuesday,Clear,Damaged,Urban Road,T-Junction,Poor,Signal,Urban,Bus,No,No,High
ACC11741,18,10,41.0,38.1,9.1,2,12.9,4,16.83,31.4,15,Friday,Rain,Dry,Urban Road,T-Junction,Street Lights,Signal,Suburban,Car,Yes,Yes,Low
ACC11742,40,15,52.6,36.7,7.75,2,12.3,6,14.82,25.2,21,Thursday,Rain,Dry,Highway,Roundabout,Daylight,Signal,Urban,Car,No,No,Medium
ACC11743,30,21,34.9,41.0,5.27,6,10.5,5,50.42,27.6,23,Monday,Rain,Dry,Urban Road,T-Junction,Poor,Signal,Urban,Car,No,Yes,High
ACC11744,36,21,42.8,62.7,12.0,6,9.3,8,0.2,25.5,3,Tuesday,Clear,Damaged,Residential,Roundabout,Daylight,Uncontrolled,Urban,Bus,Yes,No,High
ACC11745,39,31,44.4,52.5,10.52,3,8.8,11,0.49,24.4,14,Sunday,Clear,Dry,Rural Road,Straight Road,Poor,Stop Sign,Urban,Car,No,No,Medium
ACC11746,27,15,66.9,100.0,9.64,2,6.1,8,1.05,28.7,22,Wednesday,Cloudy,Icy,Urban Road,Intersection,Daylight,Stop Sign,Urban,Car,Yes,No,High
ACC11747,39,16,65.4,85.3,6.94,3,8.8,3,0.22,28.8,19,Friday,Clear,Wet,Urban Road,Roundabout,Daylight,Signal,Suburban,Motorcycle,No,No,High
ACC11748,29,11,79.2,18.4,2.38,4,8.6,4,0.08,30.5,15,Wednesday,Clear,Dry,Urban Road,Intersection,Daylight,Stop Sign,Urban,Truck,Yes,No,High
ACC11749,37,32,20.0,61.0,11.35,7,9.1,5,9.79,30.1,8,Tuesday,Rain,Icy,Urban Road,Crossroad,Daylight,Signal,Suburban,Bus,No,No,Medium
ACC11750,28,4,53.0,83.4,11.46,2,7.4,3,0.75,22.4,10,Wednesday,Clear,Dry,Urban Road,Straight Road,Daylight,Signal,Suburban,Car,No,No,Low
ACC11751,47,26,114.0,62.8,7.97,1,4.5,10,3.39,22.8,2,Thursday,Cloudy,Dry,Highway,Crossroad,Daylight,Uncontrolled,Suburban,Bus,No,No,High
ACC11752,43,18,68.5,29.6,4.71,3,10.6,4,0.0,32.5,2,Tuesday,Clear,Dry,Residential,Crossroad,Daylight,Signal,Urban,Motorcycle,No,No,Medium
ACC11753,31,11,54.2,74.6,,4,8.2,4,0.19,31.0,3,Monday,Clear,Dry,Rural Road,T-Junction,Daylight,Stop Sign,Urban,Car,No,No,High
ACC11754,43,23,72.1,56.3,7.47,4,7.7,1,0.05,36.1,15,Monday,Clear,Dry,Urban Road,T-Junction,Daylight,Uncontrolled,Suburban,Bus,No,No,Medium
ACC11755,30,11,42.8,47.1,11.96,5,9.5,4,26.42,32.9,1,Sunday,Storm,Dry,Highway,Crossroad,Poor,Signal,Urban,Motorcycle,No,No,Medium
ACC11756,37,24,38.6,60.2,7.95,1,10.9,4,8.71,31.0,3,Monday,Rain,Dry,Highway,T-Junction,Street Lights,Uncontrolled,Rural,Truck,No,No,Medium
ACC11757,26,15,57.0,60.1,7.69,2,6.8,7,10.03,25.7,16,Monday,Storm,Wet,Rural Road,Intersection,Street Lights,Signal,Urban,SUV,No,No,High
ACC11758,46,30,63.3,33.0,6.82,3,9.8,8,6.5,30.4,0,Tuesday,Cloudy,Dry,Rural Road,T-Junction,Poor,Signal,Urban,Motorcycle,No,No,High
ACC11759,34,25,70.9,20.0,7.13,3,9.8,9,0.78,29.1,7,Tuesday,Clear,Icy,Residential,Crossroad,Street Lights,Stop Sign,Suburban,Car,No,No,Medium
ACC11760,28,9,71.6,100.0,5.24,4,9.6,1,2.75,22.2,4,Saturday,Cloudy,Dry,Highway,T-Junction,Poor,Stop Sign,Rural,SUV,Yes,No,High
ACC11761,38,13,42.9,41.7,10.58,2,9.3,4,0.77,31.2,0,Tuesday,Cloudy,Dry,Rural Road,T-Junction,Daylight,Signal,Urban,Car,Yes,No,Low
ACC11762,18,1,64.0,52.6,4.81,4,9.8,6,17.05,32.1,20,Friday,Rain,Dry,Urban Road,Roundabout,Daylight,Uncontrolled,Urban,Motorcycle,No,No,High
ACC11763,24,2,76.0,65.7,7.69,3,8.5,10,0.18,27.1,17,Saturday,Clear,Dry,Highway,Roundabout,Daylight,Traffic Police,Rural,Car,No,No,High
ACC11764,32,24,73.0,69.1,8.83,5,10.2,4,1.86,34.4,19,Tuesday,Cloudy,Dry,Urban Road,Crossroad,Daylight,Signal,Urban,Car,No,No,Medium
ACC11765,36,14,70.0,50.0,3.97,1,8.6,7,1.86,28.6,14,Tuesday,Clear,Wet,Highway,Intersection,Poor,Uncontrolled,Urban,Truck,No,No,High
ACC11766,36,13,67.6,59.2,6.58,4,12.0,11,0.46,32.1,14,Sunday,Clear,Damaged,Highway,Straight Road,Street Lights,Stop Sign,Urban,Motorcycle,No,No,High
ACC11767,29,7,66.0,70.2,8.43,3,11.5,9,12.34,20.0,19,Tuesday,Rain,Icy,Urban Road,Straight Road,Daylight,Traffic Police,Urban,Truck,Yes,No,High
ACC11768,41,23,57.5,44.4,7.84,1,11.4,7,3.14,24.4,2,Monday,Cloudy,Dry,Urban Road,Crossroad,Street Lights,Signal,Suburban,Bus,Yes,No,Low
ACC11769,21,0,89.8,36.5,7.94,2,3.9,8,0.37,40.5,4,Thursday,Clear,Damaged,Urban Road,Intersection,Daylight,Uncontrolled,Urban,Car,No,No,High
ACC11770,32,8,73.2,42.9,4.52,2,7.0,4,0.11,28.9,21,Monday,Clear,Dry,Urban Road,Intersection,Daylight,Signal,Rural,Motorcycle,Yes,No,Medium
ACC11771,47,26,52.6,100.0,4.89,3,12.8,4,0.69,33.8,0,Saturday,Cloudy,Dry,Urban Road,Intersection,Street Lights,Uncontrolled,Suburban,Bus,No,No,Medium
ACC11772,41,25,27.6,71.4,9.56,4,5.1,7,2.9,25.4,1,Sunday,Rain,Damaged,Urban Road,Roundabout,Poor,Uncontrolled,Rural,Truck,No,No,High
ACC11773,49,27,97.0,38.1,10.44,3,13.3,2,6.62,30.5,5,Thursday,Fog,Wet,Urban Road,Crossroad,Street Lights,Signal,Urban,Motorcycle,No,No,High
ACC11774,60,48,43.5,63.5,10.88,3,9.4,8,36.29,24.7,6,Sunday,Storm,Dry,Urban Road,Straight Road,Street Lights,Signal,Urban,Car,Yes,No,High
ACC11775,28,16,32.1,57.3,7.87,6,8.4,3,8.22,28.4,4,Thursday,Rain,Dry,Residential,Intersection,Daylight,Uncontrolled,Rural,Motorcycle,Yes,No,Medium
ACC11776,39,27,75.7,77.2,9.5,4,7.2,5,0.08,39.4,10,Sunday,Clear,Dry,Urban Road,Crossroad,Daylight,Stop Sign,Urban,Motorcycle,Yes,No,Medium
ACC11777,26,17,58.0,100.0,4.12,2,8.6,5,26.62,27.2,6,Thursday,Rain,Wet,Urban Road,Straight Road,Daylight,Signal,Suburban,Car,No,No,High
ACC11778,23,6,68.0,46.3,4.78,2,8.4,6,0.2,23.5,1,Sunday,Clear,Dry,Highway,Roundabout,Street Lights,Signal,Urban,Truck,No,No,Medium
ACC11779,40,22,35.4,46.2,7.08,3,6.6,5,0.61,24.0,18,Saturday,Clear,Icy,Residential,T-Junction,Daylight,Uncontrolled,Suburban,Car,No,No,Medium
ACC11780,35,13,72.8,58.5,7.73,4,5.7,6,12.03,25.3,16,Saturday,Rain,Dry,Rural Road,Straight Road,Daylight,Signal,Rural,SUV,No,No,High
ACC11781,31,12,84.9,47.5,6.85,2,5.7,3,1.18,28.3,19,Monday,Clear,Dry,Urban Road,Straight Road,Poor,Signal,Urban,Bus,Yes,No,High
ACC11782,41,20,57.6,40.5,7.2,2,11.3,12,5.95,21.0,6,Friday,Fog,Dry,Highway,Straight Road,Street Lights,Traffic Police,Urban,Car,Yes,No,Medium
ACC11783,31,12,47.4,85.2,4.9,1,10.0,10,3.61,32.1,7,Sunday,Cloudy,Dry,Rural Road,T-Junction,Street Lights,Signal,Urban,Car,No,No,Medium
ACC11784,18,0,42.4,31.9,6.51,2,9.4,5,2.6,31.2,21,Wednesday,Cloudy,Dry,Rural Road,Intersection,Daylight,Signal,Urban,Truck,No,No,Low
ACC11785,42,30,72.0,48.7,4.59,4,6.3,10,14.14,15.1,9,Friday,Rain,Wet,Rural Road,T-Junction,Daylight,Signal,Urban,Truck,No,No,High
ACC11786,27,3,78.4,99.7,10.86,1,9.4,5,2.6,37.3,18,Monday,Fog,Damaged,Residential,Straight Road,Daylight,Uncontrolled,Suburban,SUV,No,No,High
ACC11787,43,25,51.4,30.6,5.33,3,12.2,4,1.03,23.3,0,Thursday,Cloudy,Damaged,Residential,Roundabout,Street Lights,Signal,Urban,Car,No,No,Medium
ACC11788,39,22,48.4,47.7,9.69,4,7.7,3,2.08,13.1,20,Wednesday,Cloudy,Wet,Highway,Straight Road,Daylight,Stop Sign,Urban,Car,Yes,No,Medium
ACC11789,18,0,58.8,60.3,7.85,3,8.1,5,1.58,30.1,1,Friday,Clear,Damaged,Highway,Roundabout,Street Lights,Uncontrolled,Urban,SUV,No,No,Medium
ACC11790,32,19,53.3,45.7,9.3,3,9.5,6,1.35,35.3,2,Sunday,Cloudy,Dry,Highway,Crossroad,Poor,Signal,Urban,Car,No,No,Low
ACC11791,25,18,32.9,50.1,8.13,4,5.2,5,1.37,32.0,0,Saturday,Clear,Wet,Rural Road,Roundabout,Daylight,Uncontrolled,Urban,Truck,No,No,Medium
ACC11792,45,35,24.3,6.5,6.78,5,11.9,2,3.37,21.5,5,Sunday,Rain,Dry,Urban Road,Straight Road,Daylight,Signal,Suburban,Car,No,No,Low
ACC11793,29,8,52.9,64.9,6.93,1,10.4,2,2.27,36.7,16,Saturday,Cloudy,Dry,Residential,T-Junction,Street Lights,Uncontrolled,Rural,Bus,No,Yes,Medium
ACC11794,44,24,44.2,74.6,10.4,2,10.0,4,21.11,35.1,2,Tuesday,Rain,Dry,Urban Road,Straight Road,Poor,Signal,Urban,Car,No,No,High
ACC11795,36,29,69.7,43.4,6.1,3,8.7,9,0.49,19.0,19,Saturday,Clear,Dry,Highway,Straight Road,Poor,Uncontrolled,Urban,Truck,No,No,High
ACC11796,29,23,41.1,,7.27,3,5.7,6,0.52,34.8,23,Friday,Clear,Dry,Residential,Crossroad,Daylight,Signal,Suburban,Motorcycle,Yes,No,Medium
ACC11797,41,24,20.0,50.4,12.0,2,9.8,7,27.07,28.9,8,Monday,Rain,Damaged,Urban Road,Intersection,Daylight,Signal,Urban,SUV,Yes,No,Medium
ACC11798,45,21,52.5,94.4,7.25,2,8.0,7,0.76,22.5,8,Wednesday,Clear,Dry,Highway,Straight Road,Street Lights,Traffic Police,Urban,Car,No,No,Medium
ACC11799,22,14,70.3,5.0,8.04,3,10.7,5,0.02,36.6,15,Tuesday,Clear,Dry,Urban Road,Crossroad,Street Lights,Signal,Suburban,Car,No,No,Low
ACC11800,18,2,90.3,52.4,3.68,4,8.0,8,0.51,34.0,9,Sunday,Clear,Dry,Highway,T-Junction,Daylight,Uncontrolled,Urban,Car,No,No,Medium
ACC11801,34,13,94.0,93.2,7.37,5,13.5,2,25.32,23.2,9,Saturday,Storm,Dry,Urban Road,Crossroad,Daylight,Signal,Urban,SUV,No,No,High
ACC11802,31,15,48.4,72.1,7.71,2,6.9,8,12.57,32.4,9,Saturday,Rain,Dry,Highway,Crossroad,Street Lights,Signal,Rural,Motorcycle,No,Yes,Medium
ACC11803,40,28,40.7,33.8,,7,7.1,11,0.59,28.3,6,Sunday,Clear,Dry,Highway,Roundabout,Daylight,Uncontrolled,Urban,Motorcycle,Yes,No,Medium
ACC11804,44,23,58.1,36.8,9.12,2,6.7,6,0.09,28.5,4,Wednesday,Clear,Dry,Residential,Intersection,Poor,Signal,Rural,Car,No,No,Medium
ACC11805,18,0,65.5,35.7,7.66,4,13.7,7,1.17,26.2,20,Wednesday,Clear,Dry,Residential,Intersection,Daylight,Uncontrolled,Urban,Motorcycle,No,Yes,High
ACC11806,31,9,47.2,82.3,6.15,3,6.3,5,4.91,28.2,20,Sunday,Rain,Wet,Urban Road,T-Junction,Street Lights,Stop Sign,Rural,Car,No,No,High
ACC11807,18,0,48.5,100.0,6.81,2,11.7,2,7.15,31.2,19,Friday,Rain,Wet,Rural Road,Crossroad,Street Lights,Signal,Urban,Car,No,No,Medium
ACC11808,20,12,79.1,44.5,9.1,3,3.0,5,0.16,26.3,17,Saturday,Clear,,Urban Road,T-Junction,Daylight,Uncontrolled,Urban,Bus,No,No,High
ACC11809,18,6,37.9,84.3,4.73,4,8.4,4,1.78,34.7,3,Thursday,Clear,Dry,Urban Road,T-Junction,Street Lights,Signal,Suburban,Car,No,No,Medium
ACC11810,31,6,57.8,72.8,7.34,3,6.7,5,0.39,35.1,4,Saturday,Clear,Dry,Urban Road,Intersection,Street Lights,Signal,Rural,Truck,No,No,Medium
ACC11811,18,1,76.4,60.6,8.24,6,9.1,6,2.39,24.1,16,Friday,Rain,Wet,Residential,Intersection,Poor,Uncontrolled,Urban,Bus,No,No,High
ACC11812,28,10,76.9,42.2,11.34,4,11.8,3,16.55,19.4,18,Tuesday,Rain,Dry,Residential,Intersection,Daylight,Signal,Suburban,SUV,Yes,No,High
ACC11813,25,2,76.1,51.5,11.86,1,6.8,10,0.3,31.4,17,Monday,Clear,,Urban Road,Straight Road,Street Lights,Signal,Urban,Truck,Yes,No,High
ACC11814,31,12,98.1,78.1,9.22,3,8.4,3,0.26,18.7,15,Saturday,Clear,Wet,Urban Road,Crossroad,Street Lights,Uncontrolled,Suburban,Car,No,No,Medium
ACC11815,35,16,67.2,41.8,7.77,2,8.6,13,2.96,37.0,2,Friday,Clear,Dry,Urban Road,T-Junction,Daylight,Uncontrolled,Suburban,Truck,No,No,Medium
ACC11816,34,27,55.6,78.0,11.02,4,9.3,7,22.56,30.7,13,Thursday,Storm,Dry,Highway,Crossroad,Poor,Stop Sign,Urban,Car,No,No,High
ACC11817,22,7,39.5,42.9,10.44,3,6.8,11,0.33,26.4,9,Thursday,Clear,Dry,Highway,T-Junction,Daylight,Stop Sign,Urban,Car,No,No,Low
ACC11818,35,17,46.8,46.7,8.97,2,8.3,7,15.29,24.2,18,Friday,Rain,Damaged,Urban Road,T-Junction,Daylight,Uncontrolled,Urban,Truck,No,No,Medium
ACC11819,30,9,20.0,59.5,10.04,2,6.5,7,2.83,21.9,15,Tuesday,Cloudy,Damaged,Rural Road,T-Junction,Daylight,Stop Sign,Rural,SUV,Yes,No,Low
ACC11820,40,27,62.6,24.5,,3,10.6,2,0.6,26.5,6,Thursday,Clear,Wet,Urban Road,T-Junction,Daylight,Signal,Urban,Car,No,No,Medium
ACC11821,28,21,63.8,50.4,4.5,4,9.0,7,1.07,28.8,5,Thursday,Clear,Dry,Residential,Roundabout,Poor,Traffic Police,Suburban,Car,No,No,Medium
ACC11822,41,29,52.5,79.6,10.08,2,7.6,8,0.1,27.8,21,Saturday,Clear,Dry,Rural Road,Roundabout,Street Lights,Signal,Urban,Motorcycle,No,No,Medium
ACC11823,24,10,40.1,37.6,7.36,4,7.0,7,3.62,18.4,19,Saturday,Cloudy,Icy,Highway,Straight Road,Daylight,Stop Sign,Suburban,Car,No,No,Medium
ACC11824,25,5,58.4,77.7,8.12,4,8.4,5,25.53,27.4,14,Sunday,Rain,Damaged,Rural Road,Intersection,Street Lights,Uncontrolled,Suburban,Truck,No,No,High
ACC11825,34,29,54.6,38.2,8.35,4,8.1,11,3.49,25.9,19,Tuesday,Cloudy,Dry,Rural Road,T-Junction,Daylight,Uncontrolled,Suburban,Car,Yes,No,Low
ACC11826,18,5,45.6,95.6,,5,11.1,6,4.32,26.2,8,Tuesday,Cloudy,Wet,Urban Road,Crossroad,Street Lights,Uncontrolled,Rural,Car,No,No,Medium
ACC11827,25,11,58.3,100.0,6.34,2,7.6,3,0.43,31.0,22,Tuesday,Clear,Dry,Urban Road,Roundabout,Daylight,Signal,Urban,Motorcycle,No,No,High
ACC11828,48,32,74.2,21.6,4.36,6,6.5,6,80.0,28.0,20,Sunday,Storm,Dry,Residential,Intersection,Daylight,Signal,Urban,SUV,Yes,No,High
ACC11829,42,18,50.7,33.6,8.62,5,8.2,6,8.12,28.9,15,Tuesday,Rain,Wet,Urban Road,Straight Road,Daylight,Uncontrolled,Rural,Truck,No,Yes,High
ACC11830,31,11,47.6,77.5,10.98,3,5.0,9,0.23,28.1,2,Friday,Clear,Dry,Urban Road,Intersection,Street Lights,Signal,Urban,Bus,No,No,Low
ACC11831,61,52,51.0,59.3,4.53,2,10.4,3,78.04,32.6,12,Friday,Storm,Damaged,Highway,T-Junction,Daylight,Uncontrolled,Suburban,Car,No,Yes,High
ACC11832,33,15,51.0,38.6,8.44,3,11.6,3,1.45,25.6,5,Wednesday,Cloudy,Dry,Rural Road,Intersection,Daylight,Signal,Suburban,SUV,Yes,No,Low
ACC11833,37,25,66.2,39.6,8.71,4,12.3,1,2.06,29.1,2,Sunday,Cloudy,Dry,Rural Road,T-Junction,Daylight,Uncontrolled,Suburban,Car,No,No,Low
ACC11834,51,30,65.3,49.2,12.0,2,3.8,5,7.74,28.6,17,Wednesday,Rain,Damaged,Residential,Roundabout,Daylight,Stop Sign,Urban,SUV,Yes,No,High
ACC11835,39,31,65.8,49.4,9.32,3,7.6,7,20.56,27.5,1,Sunday,Rain,Damaged,Highway,Roundabout,Poor,Signal,Urban,Motorcycle,No,No,High
ACC11836,32,24,56.7,47.2,5.26,4,10.3,6,7.94,28.4,21,Wednesday,Rain,Dry,Urban Road,T-Junction,Daylight,Stop Sign,Suburban,Car,No,Yes,Medium
ACC11837,43,36,61.2,40.1,9.05,4,9.1,9,0.23,33.7,9,Thursday,Clear,Dry,Highway,Crossroad,Poor,Uncontrolled,Urban,Car,No,No,Medium
ACC11838,42,26,27.5,12.1,8.33,2,6.7,6,0.15,32.4,15,Tuesday,Clear,Wet,Rural Road,Roundabout,Daylight,Signal,Suburban,Motorcycle,No,No,Low
ACC11839,27,20,40.2,57.5,8.86,1,9.0,5,3.14,33.7,8,Friday,Fog,Dry,Urban Road,Crossroad,Street Lights,Stop Sign,Urban,Car,No,No,Medium
ACC11840,33,27,57.4,72.4,3.81,3,9.7,5,0.19,34.6,5,Friday,Clear,Damaged,Urban Road,T-Junction,Daylight,Stop Sign,Urban,SUV,No,No,High
ACC11841,37,25,59.7,60.3,,1,8.1,8,0.41,26.9,5,Tuesday,Clear,Damaged,Urban Road,T-Junction,Poor,Signal,Urban,Car,No,No,High
ACC11842,37,16,74.3,78.5,5.39,1,7.1,2,0.96,29.7,1,Wednesday,Clear,Dry,Highway,Roundabout,Daylight,Uncontrolled,Rural,Car,No,No,High
ACC11843,26,18,49.4,64.1,12.0,2,6.4,7,1.14,34.0,6,Saturday,Clear,Dry,Residential,Crossroad,Street Lights,Signal,Urban,Car,No,No,Low
ACC11844,38,26,24.4,51.9,8.12,3,10.3,8,3.14,23.7,12,Sunday,Cloudy,Dry,Rural Road,T-Junction,Poor,Signal,Suburban,Car,No,No,Medium
ACC11845,31,17,67.1,59.0,5.68,3,10.8,5,7.55,23.6,22,Thursday,Fog,Damaged,Residential,Roundabout,Poor,Stop Sign,Rural,Truck,No,No,High
ACC11846,40,17,24.4,50.5,8.64,3,12.5,2,0.35,26.3,13,Friday,Clear,Dry,Urban Road,T-Junction,Daylight,Uncontrolled,Suburban,Motorcycle,No,Yes,Low
ACC11847,45,30,50.7,39.9,8.54,4,9.1,12,0.96,43.9,18,Monday,Clear,Dry,Residential,Intersection,Poor,Traffic Police,Rural,Bus,Yes,Yes,Medium
ACC11848,26,11,27.4,11.5,9.09,4,7.5,5,0.17,28.3,10,Thursday,Clear,Dry,Rural Road,Intersection,Street Lights,Signal,Urban,Car,No,No,Low
ACC11849,31,21,92.5,69.4,5.26,8,5.9,6,4.19,26.9,5,Thursday,Fog,Dry,Urban Road,Roundabout,Daylight,Signal,Rural,SUV,No,No,High
ACC11850,37,19,36.1,46.4,8.61,3,8.0,5,5.51,28.1,1,Wednesday,Cloudy,Dry,Residential,T-Junction,Daylight,Signal,Urban,Car,Yes,No,Medium
ACC11851,43,37,58.7,18.3,6.97,3,8.8,2,0.19,33.6,22,Tuesday,Clear,Dry,Urban Road,Roundabout,Daylight,Uncontrolled,Rural,SUV,No,No,Low
ACC11852,29,5,54.7,65.5,6.18,1,9.0,9,23.68,24.6,4,Sunday,Rain,Damaged,Residential,Straight Road,Daylight,Signal,Rural,Car,Yes,No,High
ACC11853,35,20,27.5,5.0,11.17,2,7.6,5,0.56,27.0,4,Sunday,Fog,Damaged,Residential,Roundabout,Street Lights,Uncontrolled,Urban,Truck,No,No,Low
ACC11854,53,47,84.4,56.6,11.38,4,12.3,10,2.27,26.2,23,Monday,Rain,Wet,Rural Road,Roundabout,Street Lights,Signal,Urban,Motorcycle,No,No,High
ACC11855,44,28,69.8,76.1,8.67,5,11.4,6,0.92,33.8,8,Wednesday,Fog,Dry,Highway,Intersection,Daylight,Uncontrolled,Suburban,Car,No,No,High
ACC11856,32,17,49.2,76.9,6.67,4,11.5,5,0.89,30.6,13,Tuesday,Clear,Dry,Urban Road,Intersection,Poor,Stop Sign,Urban,Car,No,No,Medium
ACC11857,56,46,34.5,15.9,8.28,1,7.9,5,43.57,23.1,16,Sunday,Rain,Wet,Highway,T-Junction,Daylight,Traffic Police,Suburban,Truck,No,No,Low
ACC11858,40,31,38.6,51.1,0.5,4,9.1,12,1.96,16.7,11,Monday,Cloudy,Dry,Highway,Roundabout,Poor,Signal,Urban,Car,No,No,Medium
ACC11859,54,44,26.3,57.6,11.75,6,7.4,7,18.81,29.8,18,Saturday,Rain,Damaged,Rural Road,Roundabout,Poor,Stop Sign,Rural,Motorcycle,No,No,High
ACC11860,47,39,52.7,50.8,11.96,3,8.1,6,10.8,32.1,9,Saturday,Rain,Wet,Rural Road,T-Junction,Poor,Uncontrolled,Urban,Truck,Yes,No,Medium
ACC11861,66,50,62.4,98.7,11.86,5,11.3,6,28.83,23.6,12,Friday,Rain,Dry,Residential,Crossroad,Street Lights,Stop Sign,Suburban,Truck,No,No,High
ACC11862,51,28,80.2,93.7,5.88,3,6.6,4,7.14,29.8,1,Monday,Rain,Damaged,Urban Road,T-Junction,Daylight,Signal,Urban,SUV,No,No,High
ACC11863,30,7,72.7,55.7,7.95,5,8.5,6,0.45,23.8,7,Wednesday,Clear,Damaged,Rural Road,Intersection,Daylight,Traffic Police,Urban,Car,No,No,High
ACC11864,44,20,73.3,84.3,11.19,2,8.1,10,3.75,19.4,23,Monday,Cloudy,Dry,Residential,Intersection,Daylight,Signal,Urban,Car,Yes,Yes,High
ACC11865,25,8,65.3,42.3,4.41,4,7.6,6,14.85,29.3,16,Monday,Storm,Dry,Rural Road,Roundabout,Daylight,Signal,Urban,Car,No,No,High
ACC11866,45,28,63.7,67.3,8.55,5,10.2,5,1.1,32.3,7,Monday,Fog,Dry,Urban Road,Intersection,Street Lights,Stop Sign,Urban,Truck,No,No,High
ACC11867,54,43,54.4,50.3,6.84,3,8.3,3,0.06,24.9,20,Friday,Clear,Dry,Urban Road,T-Junction,Daylight,Stop Sign,Rural,SUV,No,No,Medium
ACC11868,26,3,70.9,94.9,2.64,1,8.6,5,0.07,28.1,2,Saturday,Clear,Dry,Urban Road,Roundabout,Poor,Uncontrolled,Urban,SUV,No,No,High
ACC11869,43,28,46.8,79.0,9.34,4,10.8,5,0.33,27.7,6,Saturday,Clear,Dry,Highway,T-Junction,Poor,Signal,Suburban,SUV,Yes,No,Medium
ACC11870,42,31,56.6,70.2,8.5,2,8.8,3,8.97,26.2,16,Tuesday,Rain,Damaged,Highway,T-Junction,Daylight,Signal,Urban,SUV,No,No,High
ACC11871,42,18,60.7,77.4,8.22,5,12.3,4,6.67,26.2,15,Monday,,Dry,Residential,Roundabout,Daylight,Stop Sign,Urban,SUV,No,No,Medium
ACC11872,22,3,71.2,29.3,5.19,1,5.6,3,0.65,25.6,15,Sunday,Clear,Dry,Highway,Crossroad,Daylight,Signal,Urban,Car,No,No,Medium
ACC11873,30,16,48.6,41.7,10.9,2,11.5,9,3.16,25.6,0,Thursday,Cloudy,Wet,Urban Road,Intersection,Poor,Traffic Police,Suburban,SUV,No,Yes,Medium
ACC11874,39,33,89.1,48.4,8.99,4,10.2,4,46.29,20.9,3,Sunday,Rain,,Highway,Straight Road,Street Lights,Uncontrolled,Urban,Bus,Yes,No,High
ACC11875,31,23,104.6,84.1,9.11,2,10.1,9,1.47,18.7,13,Wednesday,Rain,Damaged,Rural Road,Straight Road,Daylight,Stop Sign,Urban,Car,No,No,High
ACC11876,24,15,29.8,54.7,10.38,5,6.7,4,2.45,29.5,20,Thursday,Cloudy,Dry,Residential,Straight Road,Daylight,Signal,Urban,Car,No,No,Low
ACC11877,46,23,66.7,53.1,9.47,3,9.7,3,0.94,30.8,5,Sunday,Cloudy,Dry,Rural Road,Intersection,Daylight,Traffic Police,Urban,Car,Yes,No,Medium
ACC11878,28,4,80.8,42.7,6.4,6,5.4,3,3.42,38.2,12,Tuesday,Cloudy,Dry,Highway,Crossroad,Poor,Signal,Urban,Bus,No,No,High
ACC11879,35,25,47.9,53.1,9.27,2,9.6,4,0.04,25.0,18,Wednesday,Clear,Wet,Highway,T-Junction,Daylight,Signal,Urban,Truck,Yes,No,Medium
ACC11880,60,45,69.1,23.5,8.22,3,6.9,2,1.92,25.7,21,Tuesday,Cloudy,Dry,Residential,Roundabout,Daylight,Signal,Urban,Car,No,No,Medium
ACC11881,46,25,47.1,81.8,8.17,2,10.6,7,26.79,15.3,19,Sunday,Rain,Wet,Highway,Crossroad,Poor,Signal,Suburban,Truck,No,No,High
ACC11882,36,23,47.0,67.0,9.51,3,5.6,7,8.67,30.2,19,Wednesday,Fog,Dry,Urban Road,Straight Road,Poor,Uncontrolled,Urban,Car,Yes,No,High
ACC11883,39,24,55.8,59.3,5.47,1,7.5,6,1.87,23.6,16,Saturday,Cloudy,Dry,Urban Road,Intersection,Poor,Stop Sign,Urban,Bus,No,No,Medium
ACC11884,38,15,39.6,48.7,1.66,2,7.2,5,12.59,22.7,14,Saturday,Rain,Dry,Urban Road,Intersection,Daylight,Traffic Police,Urban,Bus,No,Yes,High
ACC11885,19,10,53.9,39.2,7.15,2,8.9,6,0.13,25.9,23,Thursday,Clear,Damaged,Rural Road,Roundabout,Street Lights,Signal,Suburban,SUV,No,No,Medium
ACC11886,39,14,39.8,67.8,3.9,2,7.9,7,1.79,28.1,14,Thursday,Cloudy,Damaged,Urban Road,T-Junction,Street Lights,Stop Sign,Urban,Car,No,No,High
ACC11887,48,34,58.0,31.3,7.04,4,9.4,4,0.08,30.5,10,Sunday,Clear,Dry,Urban Road,Crossroad,Daylight,Traffic Police,Suburban,SUV,No,No,Medium
ACC11888,34,24,59.1,39.7,3.79,4,6.7,4,0.35,26.5,10,Friday,Clear,Dry,Urban Road,Crossroad,Street Lights,Uncontrolled,Suburban,Car,No,No,High
ACC11889,43,20,61.8,62.4,8.18,3,11.9,7,40.29,20.1,23,Sunday,Rain,Dry,Highway,Crossroad,Daylight,Uncontrolled,Suburban,Motorcycle,No,No,High
ACC11890,41,34,66.1,48.4,7.72,4,10.0,6,3.88,26.7,21,Sunday,Storm,Dry,Highway,T-Junction,Daylight,Signal,Urban,Motorcycle,No,Yes,High
ACC11891,42,24,62.8,5.0,7.8,5,6.3,7,0.18,24.4,9,Sunday,Clear,Dry,Rural Road,T-Junction,Poor,Uncontrolled,Urban,Truck,No,No,Medium
ACC11892,23,17,72.9,68.2,9.42,3,11.6,3,2.09,25.8,0,Tuesday,Clear,Damaged,Urban Road,T-Junction,Daylight,Signal,Urban,SUV,No,No,High
ACC11893,39,15,47.3,51.7,10.81,4,8.5,9,22.59,26.4,10,Thursday,Rain,Damaged,Urban Road,Roundabout,Poor,Stop Sign,Rural,Motorcycle,No,No,Medium
ACC11894,54,36,74.9,24.9,6.52,5,10.0,7,0.42,27.3,8,Wednesday,Clear,,Highway,Intersection,Daylight,Stop Sign,Suburban,SUV,No,No,Low
ACC11895,35,22,65.4,51.5,8.54,3,8.3,3,2.21,28.2,8,Monday,Cloudy,Dry,Urban Road,Straight Road,Daylight,Stop Sign,Urban,Car,No,No,Low
ACC11896,32,19,55.9,76.0,8.57,2,9.2,5,12.18,21.4,0,Sunday,Rain,Damaged,Urban Road,T-Junction,Street Lights,Uncontrolled,Rural,Car,Yes,No,High
ACC11897,44,36,48.3,76.8,4.33,3,14.0,8,0.48,36.3,4,Monday,Cloudy,Wet,Urban Road,Intersection,Street Lights,Uncontrolled,Urban,Motorcycle,No,No,High
ACC11898,45,33,29.2,58.4,10.24,1,10.3,4,0.7,28.2,4,Monday,Clear,Dry,Residential,T-Junction,Daylight,Signal,Urban,Car,No,No,Low
ACC11899,48,25,37.2,54.3,5.71,3,12.7,9,0.1,26.9,14,Friday,Clear,Dry,Rural Road,Straight Road,Poor,Stop Sign,Urban,SUV,No,No,High
ACC11900,34,13,87.2,59.6,6.11,5,10.1,8,13.1,21.0,15,Sunday,Rain,Dry,Urban Road,T-Junction,Daylight,Uncontrolled,Urban,Truck,No,No,High
ACC11901,41,23,37.3,62.4,7.2,4,7.8,8,0.31,27.0,19,Thursday,Cloudy,Dry,Urban Road,Intersection,Poor,Signal,Rural,Motorcycle,No,No,Medium
ACC11902,56,32,45.5,72.2,5.37,2,8.2,7,1.08,33.5,9,Tuesday,Clear,Dry,Residential,Roundabout,Daylight,Signal,Rural,Bus,Yes,No,Medium
ACC11903,26,10,53.3,73.4,5.88,3,9.1,3,28.92,23.3,16,Tuesday,Rain,Dry,Rural Road,Straight Road,Poor,Signal,Suburban,Motorcycle,Yes,No,Medium
ACC11904,20,11,58.1,86.2,9.19,3,5.5,3,0.49,23.6,22,Sunday,Clear,Wet,Highway,Intersection,Daylight,Signal,Urban,Car,No,No,High
ACC11905,44,25,50.6,100.0,5.02,9,8.3,7,7.8,8.0,1,Sunday,Rain,Dry,Rural Road,Crossroad,Street Lights,Traffic Police,Suburban,Motorcycle,Yes,No,High
ACC11906,40,23,69.2,100.0,10.3,3,11.0,4,0.09,21.4,13,Friday,Clear,Dry,Rural Road,Crossroad,Street Lights,Signal,Suburban,Truck,No,Yes,High
ACC11907,30,16,62.1,56.8,5.62,2,11.0,6,12.44,37.7,5,Wednesday,Storm,Dry,Rural Road,Crossroad,Daylight,Stop Sign,Urban,SUV,Yes,No,High
ACC11908,28,20,67.8,46.9,9.96,2,6.5,4,0.69,25.6,7,Saturday,Clear,Wet,Highway,Roundabout,Poor,Uncontrolled,Urban,Car,No,No,Medium
ACC11909,34,15,82.6,63.8,9.06,1,11.1,6,0.93,35.2,7,Sunday,Clear,Damaged,Highway,T-Junction,Daylight,Signal,Suburban,Motorcycle,Yes,No,High
ACC11910,46,32,61.9,60.9,5.36,2,7.7,8,1.11,22.0,15,Thursday,Clear,Dry,Urban Road,T-Junction,Daylight,Traffic Police,Rural,Car,No,No,Medium
ACC11911,45,28,53.7,57.8,5.59,2,3.0,10,0.57,25.9,10,Thursday,Clear,Dry,Residential,T-Junction,Street Lights,Signal,Suburban,Car,No,No,High
ACC11912,37,26,20.0,50.1,9.42,2,7.1,3,3.73,23.1,7,Wednesday,Fog,Icy,Highway,Roundabout,Daylight,Uncontrolled,Urban,Truck,No,No,Medium
ACC11913,30,22,99.1,82.9,10.61,2,10.3,4,42.91,35.0,7,Wednesday,Storm,Dry,Urban Road,Crossroad,Daylight,Signal,Urban,Car,No,No,High
ACC11914,18,6,88.6,87.7,8.08,3,7.1,4,0.95,33.6,18,Thursday,Clear,Dry,Residential,T-Junction,Daylight,Signal,Rural,Truck,Yes,No,High
ACC11915,40,18,80.8,73.3,10.83,3,9.0,6,0.87,25.4,20,Thursday,Clear,Dry,Residential,Roundabout,Street Lights,Signal,Rural,Motorcycle,No,Yes,High
ACC11916,42,34,61.4,69.2,10.97,4,7.5,7,9.88,22.5,3,Monday,Rain,Dry,Residential,Roundabout,Daylight,Signal,Urban,Car,No,No,High
ACC11917,33,19,55.9,51.2,5.81,3,7.9,7,2.11,24.9,12,Sunday,Fog,Dry,Residential,Intersection,Daylight,Uncontrolled,Suburban,Motorcycle,No,No,High
ACC11918,61,50,57.6,75.4,11.27,1,10.4,5,5.24,21.7,9,Sunday,Cloudy,Damaged,Residential,T-Junction,Street Lights,Signal,Rural,Car,Yes,Yes,High
ACC11919,27,3,64.4,67.2,9.66,5,13.2,6,1.27,34.7,20,Sunday,Clear,Wet,Urban Road,Crossroad,Poor,Stop Sign,Rural,SUV,No,No,High
ACC11920,51,44,72.8,77.1,5.9,4,7.5,8,1.47,23.8,16,Tuesday,Clear,Dry,Rural Road,Straight Road,Poor,Signal,Suburban,Car,No,No,Medium
ACC11921,43,33,44.3,62.4,6.53,3,6.7,5,7.61,25.4,17,Monday,Rain,Damaged,Rural Road,Roundabout,,Uncontrolled,Urban,Car,No,No,High
ACC11922,33,19,51.3,53.2,10.83,5,9.5,8,0.59,23.0,1,Monday,Clear,Dry,Urban Road,Intersection,Street Lights,Uncontrolled,Suburban,Truck,Yes,No,Low
ACC11923,18,8,52.6,62.6,11.76,3,8.8,11,1.73,27.1,20,Tuesday,Cloudy,Dry,Urban Road,Straight Road,Daylight,Stop Sign,Urban,SUV,No,No,Low
ACC11924,50,31,67.7,92.5,7.56,3,10.1,7,0.04,30.3,5,Friday,Clear,Dry,Residential,Roundabout,Daylight,Signal,Rural,SUV,No,No,Medium
ACC11925,36,24,75.8,36.2,12.0,4,12.2,8,20.69,22.4,15,Saturday,Rain,Wet,Urban Road,Intersection,Street Lights,Stop Sign,Urban,Car,No,No,Medium
ACC11926,55,34,81.1,65.8,11.88,2,11.1,6,0.04,28.6,10,Friday,Clear,Dry,Residential,T-Junction,Poor,Signal,Suburban,Car,No,No,Medium
ACC11927,36,20,62.6,44.6,9.75,4,7.7,6,1.15,29.8,10,Friday,Cloudy,Dry,Urban Road,Intersection,Street Lights,Signal,Suburban,Truck,Yes,No,Medium
ACC11928,51,37,90.7,56.8,9.48,3,9.5,5,2.11,11.0,8,Friday,Cloudy,Wet,Urban Road,Roundabout,Daylight,Stop Sign,Suburban,Bus,No,No,High
ACC11929,19,7,59.7,24.8,9.52,2,8.7,4,3.41,33.9,18,Wednesday,Cloudy,Wet,Highway,T-Junction,Daylight,Traffic Police,Suburban,Car,Yes,No,Low
ACC11930,20,11,89.7,100.0,4.17,1,8.7,5,1.49,26.7,22,Monday,Clear,Wet,Urban Road,Crossroad,Street Lights,Uncontrolled,Urban,Motorcycle,No,No,High
ACC11931,31,21,76.0,53.9,6.55,2,10.0,6,0.21,24.3,12,Wednesday,Cloudy,Dry,Rural Road,Intersection,Street Lights,Stop Sign,Suburban,Car,No,No,Medium
ACC11932,18,9,51.9,38.9,7.93,2,7.1,4,3.82,19.3,7,Sunday,Cloudy,Dry,Highway,Straight Road,Street Lights,Stop Sign,Urban,Car,No,No,Medium
ACC11933,38,16,99.7,97.2,7.12,4,14.5,3,3.41,34.2,8,Wednesday,Cloudy,Dry,Urban Road,T-Junction,Street Lights,Traffic Police,Urban,Motorcycle,No,No,High
ACC11934,27,11,32.7,47.8,9.65,3,8.8,4,2.64,30.3,18,Tuesday,Cloudy,Dry,Urban Road,T-Junction,Daylight,Stop Sign,Rural,Car,Yes,Yes,Low
ACC11935,43,28,85.4,61.4,8.47,5,8.8,4,41.63,38.5,2,Friday,Rain,Damaged,Highway,Crossroad,Poor,Signal,Suburban,Car,No,Yes,High
ACC11936,18,7,54.5,44.7,,6,9.0,7,4.48,27.1,19,Thursday,Rain,Dry,Urban Road,Intersection,Street Lights,Traffic Police,Suburban,Car,Yes,No,Medium
ACC11937,48,33,25.6,15.2,7.56,4,11.3,4,0.08,26.2,20,Friday,Clear,Dry,Rural Road,Straight Road,Daylight,Signal,Urban,Motorcycle,Yes,No,Low
ACC11938,36,13,102.1,60.4,11.36,4,6.6,13,12.33,23.8,15,Monday,Rain,Wet,Highway,Crossroad,Daylight,Signal,Suburban,Car,Yes,No,High
ACC11939,45,23,64.7,67.9,8.6,4,8.6,5,1.79,31.5,11,Wednesday,Cloudy,Dry,Urban Road,Intersection,Poor,Stop Sign,Suburban,Motorcycle,No,No,Medium
ACC11940,33,16,54.1,96.4,7.5,3,5.3,10,0.53,31.5,18,Monday,Clear,Dry,Highway,Straight Road,Poor,Signal,Suburban,SUV,No,No,High
ACC11941,18,2,54.3,73.1,9.75,4,7.3,9,1.34,28.2,23,Wednesday,Clear,Wet,Urban Road,Straight Road,Daylight,Signal,Rural,Car,No,No,Medium
ACC11942,50,40,77.4,58.7,9.94,2,9.8,4,1.58,26.9,18,Wednesday,Clear,Damaged,Urban Road,Roundabout,Daylight,Signal,Urban,Truck,No,No,High
ACC11943,43,24,59.9,45.3,8.28,4,7.3,8,16.44,26.1,11,Wednesday,Rain,Wet,Urban Road,Straight Road,Daylight,Stop Sign,Suburban,Bus,No,No,High
ACC11944,46,24,96.4,71.6,4.3,5,8.7,3,28.34,28.8,22,Thursday,Rain,Dry,Residential,Intersection,Daylight,Traffic Police,Suburban,Car,Yes,No,High
ACC11945,36,25,50.2,96.1,10.5,3,7.5,6,28.21,28.6,13,Sunday,Rain,Dry,Residential,Crossroad,Street Lights,Signal,Urban,Car,No,No,High
ACC11946,55,41,37.7,31.8,4.07,3,10.7,6,0.76,38.6,6,Friday,Cloudy,Wet,Rural Road,Crossroad,Street Lights,Signal,Urban,Car,No,No,Medium
ACC11947,63,55,64.5,6.3,4.73,2,5.9,7,0.04,35.5,17,Wednesday,Clear,Dry,Urban Road,Roundabout,Street Lights,Signal,Rural,Truck,No,No,Low
ACC11948,50,28,65.8,95.4,8.33,2,6.7,3,0.07,21.7,8,Tuesday,Clear,Dry,Urban Road,Intersection,Street Lights,Stop Sign,Urban,Motorcycle,No,No,High
ACC11949,19,12,40.5,32.6,6.98,4,6.7,5,0.03,25.4,10,Saturday,Clear,Damaged,Highway,Straight Road,Daylight,Uncontrolled,Urban,Car,No,No,Medium
ACC11950,38,19,34.2,18.5,8.27,4,9.7,8,0.31,38.2,20,Saturday,Clear,Dry,Rural Road,Roundabout,Daylight,Stop Sign,Urban,Bus,No,No,Low
ACC11951,28,19,43.1,56.6,11.74,3,7.6,5,0.21,27.1,7,Wednesday,Clear,Wet,Residential,T-Junction,Daylight,Signal,Urban,Truck,No,No,Low
ACC11952,20,0,51.4,39.8,9.14,2,8.8,3,0.67,32.0,16,Friday,Clear,Dry,Urban Road,Intersection,Daylight,Stop Sign,Rural,Car,No,No,Low
ACC11953,34,16,45.1,16.7,6.22,1,11.4,3,1.22,33.9,22,Friday,Cloudy,Dry,Urban Road,Roundabout,Daylight,Stop Sign,Urban,Bus,Yes,No,Low
ACC11954,48,29,82.4,62.3,10.25,3,7.8,4,29.8,31.1,14,Sunday,Rain,Dry,Rural Road,Crossroad,Street Lights,Signal,Urban,Car,Yes,No,High
ACC11955,30,12,53.5,59.0,4.62,2,11.9,7,18.98,19.0,16,Sunday,Storm,Wet,Rural Road,Roundabout,Street Lights,Signal,Rural,Truck,No,No,High
ACC11956,29,16,83.9,71.2,6.53,3,3.8,7,2.13,29.6,16,Thursday,Fog,Dry,Rural Road,T-Junction,Street Lights,Signal,Urban,Car,No,No,High
ACC11957,32,15,20.0,79.9,7.99,5,5.8,3,3.03,22.8,13,Wednesday,Cloudy,Dry,Rural Road,Intersection,Street Lights,Traffic Police,Suburban,Truck,No,No,Medium
ACC11958,58,48,66.7,62.6,6.63,2,7.9,5,1.15,20.7,1,Tuesday,Clear,Wet,Residential,Roundabout,Street Lights,Uncontrolled,Rural,Car,No,No,High
ACC11959,41,31,62.3,77.7,9.82,3,5.3,6,2.54,24.5,1,Thursday,Cloudy,Wet,Highway,Straight Road,Street Lights,Uncontrolled,Suburban,Motorcycle,No,No,Medium
ACC11960,27,21,80.4,24.9,8.19,3,10.2,8,11.62,33.0,13,Thursday,Rain,Damaged,Residential,Intersection,Daylight,Uncontrolled,Suburban,Car,No,No,Low
ACC11961,54,37,57.1,7.4,8.83,5,9.6,6,0.37,25.4,20,Wednesday,Clear,Dry,Residential,Roundabout,Poor,Uncontrolled,Urban,Truck,Yes,Yes,High
ACC11962,36,14,41.2,38.0,8.4,5,9.7,8,1.69,25.1,13,Wednesday,Clear,Dry,Rural Road,Roundabout,Daylight,Traffic Police,Urban,Car,No,No,Medium
ACC11963,26,13,62.7,51.9,10.43,3,5.5,5,11.77,16.3,12,Thursday,Rain,Damaged,Urban Road,Intersection,Daylight,Signal,Urban,Car,No,No,Medium
ACC11964,30,21,62.1,56.4,5.62,3,8.1,5,0.1,32.9,3,Thursday,Clear,Wet,Urban Road,Crossroad,Daylight,Stop Sign,Urban,Car,No,No,Medium
ACC11965,26,5,46.6,65.9,3.99,3,8.4,6,2.17,17.6,15,Thursday,,Dry,Highway,Straight Road,Poor,Uncontrolled,Urban,Car,No,No,Medium
ACC11966,34,16,55.0,87.6,9.94,1,7.1,5,0.92,19.5,2,Monday,Cloudy,Dry,Highway,Intersection,Poor,Stop Sign,Urban,Truck,No,No,High
ACC11967,34,11,50.9,67.6,6.3,6,7.7,6,0.13,43.6,23,Thursday,Clear,Wet,Residential,Straight Road,Street Lights,Signal,Suburban,SUV,No,No,High
ACC11968,37,32,88.7,61.1,5.64,2,7.3,8,0.58,20.5,5,Friday,Clear,Dry,Urban Road,Straight Road,Street Lights,Signal,Urban,Bus,No,No,High
ACC11969,29,16,56.8,40.3,8.44,3,7.7,7,0.88,38.1,7,Saturday,Clear,Wet,Urban Road,Intersection,Daylight,Signal,Urban,SUV,Yes,Yes,High
ACC11970,42,19,57.1,84.1,8.66,4,11.8,4,0.52,37.2,21,Tuesday,Clear,Dry,Rural Road,Roundabout,Poor,Signal,Urban,Car,No,Yes,High
ACC11971,53,34,54.2,65.9,10.83,4,5.6,7,0.42,28.5,8,Tuesday,Clear,Dry,Urban Road,Crossroad,Street Lights,Signal,Urban,Car,No,No,Medium
ACC11972,29,15,52.3,39.9,8.34,3,5.5,8,14.29,25.1,5,Saturday,Rain,Wet,Urban Road,Straight Road,Poor,Stop Sign,Suburban,Motorcycle,Yes,No,High
ACC11973,49,36,62.7,27.2,8.16,2,13.7,7,0.18,25.5,21,Wednesday,Clear,Dry,Highway,Straight Road,Daylight,Uncontrolled,Suburban,SUV,No,Yes,Medium
ACC11974,37,14,44.9,81.5,6.39,2,12.9,4,7.71,23.9,12,Sunday,Cloudy,Dry,Highway,Roundabout,Daylight,Uncontrolled,Rural,Truck,No,No,Low
ACC11975,33,11,56.1,70.1,11.85,4,11.1,4,0.35,41.4,10,Thursday,Clear,Dry,Urban Road,Intersection,Poor,Uncontrolled,Rural,Car,Yes,No,Low
ACC11976,43,38,30.9,86.1,10.9,4,6.1,6,3.56,22.0,14,Tuesday,Fog,Dry,Residential,Crossroad,Daylight,Uncontrolled,Suburban,Car,No,No,Medium
ACC11977,41,34,62.2,34.7,3.68,3,6.4,3,0.43,27.0,11,Tuesday,Clear,Wet,Highway,Straight Road,Poor,Signal,Suburban,Car,No,Yes,High
ACC11978,42,27,62.7,5.0,11.58,3,6.7,12,0.08,28.6,12,Friday,Clear,Wet,Residential,Straight Road,Daylight,Signal,Urban,Car,No,No,Low
ACC11979,27,20,38.0,64.0,6.59,4,8.6,7,1.17,18.0,14,Friday,Fog,Wet,Highway,Intersection,Poor,Signal,Urban,Truck,No,No,High
ACC11980,24,14,69.3,19.1,10.74,4,9.5,7,7.48,31.7,8,Monday,Rain,Dry,Urban Road,Roundabout,Daylight,Traffic Police,Rural,Car,No,No,Low
ACC11981,18,0,52.0,74.7,9.03,4,5.6,6,0.51,22.5,9,Saturday,Clear,Dry,Urban Road,T-Junction,Street Lights,Signal,Urban,SUV,No,No,Medium
ACC11982,40,27,84.0,58.1,10.48,3,7.7,7,13.37,27.1,14,Monday,Rain,Dry,Urban Road,Roundabout,Daylight,Uncontrolled,Urban,SUV,Yes,No,High
ACC11983,25,11,54.3,94.8,,2,7.7,6,1.49,29.5,9,Tuesday,Cloudy,Damaged,Highway,Straight Road,Street Lights,Signal,Urban,SUV,No,No,High
ACC11984,29,21,82.1,59.2,9.17,4,7.8,8,1.63,32.9,22,Wednesday,Cloudy,Wet,Urban Road,Straight Road,Daylight,Traffic Police,Urban,SUV,Yes,No,High
ACC11985,34,17,69.5,26.1,9.8,3,8.6,6,0.43,21.1,6,Tuesday,Clear,Wet,Highway,Crossroad,Poor,Signal,Suburban,Car,No,Yes,High
ACC11986,21,14,37.2,71.3,5.95,5,8.8,6,0.89,25.0,11,Wednesday,Clear,Dry,Highway,Roundabout,Street Lights,Uncontrolled,Urban,SUV,No,Yes,High
ACC11987,51,33,48.6,60.2,12.0,4,13.3,7,28.12,27.5,16,Sunday,Rain,Dry,Urban Road,T-Junction,Daylight,Signal,Urban,Car,Yes,No,Low
ACC11988,32,12,87.9,53.0,6.26,3,6.7,2,8.35,33.8,5,Tuesday,Cloudy,Dry,Urban Road,Crossroad,Poor,Signal,Urban,SUV,No,No,High
ACC11989,41,19,73.7,65.2,9.04,4,9.2,12,0.1,32.0,16,Friday,Clear,Dry,Rural Road,T-Junction,Daylight,Stop Sign,Suburban,Car,No,Yes,Medium
ACC11990,45,28,40.4,63.8,8.25,4,7.1,6,14.79,16.6,14,Thursday,Rain,Dry,Residential,Crossroad,Daylight,Traffic Police,Suburban,Motorcycle,No,No,Medium
ACC11991,18,6,67.3,42.3,9.02,2,13.2,9,35.6,25.9,2,Tuesday,Rain,Damaged,Urban Road,Roundabout,Daylight,Stop Sign,Urban,Car,Yes,No,Medium
ACC11992,31,9,46.6,100.0,5.39,3,7.9,3,0.32,21.9,1,Monday,Clear,Dry,Urban Road,Straight Road,Poor,Traffic Police,Suburban,Car,No,No,High
ACC11993,44,27,52.7,96.7,8.06,1,6.6,7,3.18,28.7,7,Sunday,Cloudy,Dry,Residential,T-Junction,Daylight,Uncontrolled,Urban,SUV,No,Yes,High
ACC11994,24,12,83.8,56.9,5.98,3,6.6,3,1.23,27.3,18,Sunday,Clear,Dry,Urban Road,Roundabout,Daylight,Uncontrolled,Suburban,Bus,No,No,Medium
ACC11995,39,28,67.0,53.4,3.84,5,8.0,4,45.75,20.1,6,Wednesday,Rain,Damaged,Residential,T-Junction,Poor,Signal,Suburban,Motorcycle,No,No,High
ACC11996,25,14,36.9,26.9,6.93,2,10.6,6,11.24,25.5,22,Wednesday,Rain,Dry,Urban Road,Roundabout,Street Lights,Signal,Rural,Motorcycle,No,Yes,Medium
ACC11997,39,33,59.8,73.0,12.0,4,7.4,4,14.47,14.8,20,Tuesday,Storm,Wet,Residential,Crossroad,Daylight,Signal,Urban,Truck,No,No,High
ACC11998,29,22,79.0,27.0,6.65,7,9.3,4,0.04,31.0,18,Wednesday,Clear,Damaged,Urban Road,Roundabout,Street Lights,Traffic Police,Urban,Car,No,No,Medium
ACC11999,36,29,65.1,52.8,9.1,5,9.6,6,0.21,34.7,7,Monday,Clear,Dry,Residential,Crossroad,Poor,Traffic Police,Urban,Bus,Yes,No,High
ACC12000,49,38,57.4,74.2,9.32,3,9.5,7,0.71,30.3,1,Friday,Clear,Wet,Urban Road,Straight Road,Daylight,Uncontrolled,Urban,Motorcycle,No,No,High
ACC12001,43,29,48.7,100.0,10.23,3,5.7,5,0.51,28.1,13,Thursday,Clear,Dry,Rural Road,Crossroad,Street Lights,Signal,Urban,Truck,No,No,Medium
ACC12002,27,19,58.8,58.3,8.48,4,9.4,8,0.04,13.5,22,Thursday,Clear,Dry,Urban Road,Intersection,Daylight,Signal,Urban,SUV,No,No,High
ACC12003,41,19,20.0,81.6,10.16,2,8.3,4,0.91,28.8,21,Wednesday,Fog,Wet,Urban Road,Straight Road,Street Lights,Traffic Police,Urban,Motorcycle,No,No,High
ACC12004,39,33,60.0,31.2,9.24,3,11.5,6,0.07,37.2,18,Tuesday,Clear,Wet,Rural Road,Roundabout,Daylight,Signal,Rural,Motorcycle,No,No,Low
ACC12005,48,24,39.7,43.6,12.0,2,9.0,8,0.4,40.2,1,Wednesday,Clear,Dry,Highway,Roundabout,Street Lights,Uncontrolled,Urban,SUV,No,Yes,Low
ACC12006,36,30,37.2,44.7,5.95,3,8.6,6,13.92,35.0,1,Sunday,Rain,Dry,Residential,Intersection,Daylight,Signal,Rural,SUV,Yes,No,Medium
ACC12007,36,13,63.9,55.5,10.47,3,10.5,5,0.16,23.5,17,Monday,Clear,Dry,Highway,Roundabout,Street Lights,Signal,Rural,SUV,No,No,Low
ACC12008,44,34,61.9,23.2,8.9,3,7.6,1,2.97,27.8,4,Saturday,Rain,Dry,Residential,Straight Road,Daylight,Uncontrolled,Rural,Motorcycle,Yes,No,Medium
ACC12009,44,19,55.0,47.9,6.74,4,14.1,4,0.95,22.8,11,Tuesday,Clear,Dry,Highway,Straight Road,Daylight,Signal,Rural,Car,No,No,Medium
ACC12010,72,55,56.3,20.3,7.96,2,6.7,5,4.02,29.5,15,Friday,Cloudy,Dry,Residential,Crossroad,Daylight,Signal,Suburban,Car,No,No,Low
ACC12011,52,47,46.8,84.5,12.0,2,7.9,8,0.12,29.6,0,Monday,Clear,Dry,Residential,T-Junction,Street Lights,Traffic Police,Suburban,Car,No,No,Low
ACC12012,35,24,25.8,48.1,7.84,2,6.1,8,0.14,23.2,23,Friday,Clear,Wet,Urban Road,Roundabout,Daylight,Uncontrolled,Urban,Truck,No,No,Low
ACC12013,34,10,56.3,41.2,10.37,3,4.7,13,5.86,21.6,23,Tuesday,Fog,Dry,Residential,Intersection,Daylight,Uncontrolled,Urban,Car,No,No,Medium
ACC12014,27,16,68.7,33.6,8.72,3,7.7,4,1.48,28.7,13,Friday,Clear,Dry,Rural Road,Straight Road,Daylight,Uncontrolled,Rural,Truck,No,No,Medium
ACC12015,19,7,38.4,48.1,11.44,5,7.9,1,3.9,33.1,11,Monday,Cloudy,Dry,Urban Road,Straight Road,Street Lights,Signal,Urban,SUV,Yes,No,Low
ACC12016,36,30,48.9,66.2,7.68,6,7.0,6,0.14,45.0,10,Monday,Clear,Damaged,Highway,Straight Road,Daylight,Signal,Urban,SUV,No,No,High
ACC12017,18,8,55.6,38.0,10.64,3,5.0,8,0.3,19.8,5,Wednesday,Clear,Dry,Urban Road,T-Junction,Street Lights,Stop Sign,Suburban,Car,No,No,Low
ACC12018,57,47,54.8,62.2,7.25,5,11.5,2,1.5,32.9,4,Saturday,Fog,Dry,Rural Road,T-Junction,Daylight,Signal,Suburban,Car,No,No,Medium
ACC12019,26,7,57.9,70.8,8.63,4,7.0,2,0.44,32.5,1,Tuesday,Clear,Dry,Urban Road,Roundabout,Daylight,Signal,Rural,Bus,No,No,Medium
ACC12020,49,34,59.2,55.5,5.09,3,7.1,6,15.12,30.4,6,Thursday,Rain,Wet,Urban Road,Intersection,Street Lights,Uncontrolled,Urban,Motorcycle,No,No,Medium
ACC12021,34,26,40.2,29.7,5.61,2,9.4,6,44.88,38.2,19,Sunday,Storm,Dry,Highway,T-Junction,Poor,Signal,Suburban,Bus,No,No,High
ACC12022,41,20,66.4,71.8,8.12,3,8.3,3,2.8,22.9,7,Saturday,Cloudy,Wet,Highway,Crossroad,Daylight,Uncontrolled,Urban,SUV,No,No,Medium
ACC12023,21,4,49.7,71.1,7.76,3,6.7,9,0.02,21.6,4,Thursday,Fog,Damaged,Residential,T-Junction,Daylight,Signal,Rural,Motorcycle,No,No,High
ACC12024,42,32,70.5,84.1,3.99,2,9.1,6,0.23,16.4,9,Friday,Clear,Wet,Residential,Straight Road,Daylight,Signal,Urban,Car,No,No,High
ACC12025,37,28,60.5,65.5,8.66,2,9.1,12,0.01,15.8,21,Thursday,Clear,Wet,Highway,Intersection,Street Lights,Signal,Rural,Motorcycle,No,No,Medium
ACC12026,57,34,64.6,36.9,8.44,4,6.2,7,0.45,16.2,17,Thursday,Clear,Dry,Urban Road,Roundabout,Daylight,Uncontrolled,Urban,Truck,No,No,Medium
ACC12027,21,3,75.4,59.6,5.75,2,10.0,4,6.04,22.5,0,Sunday,Rain,Dry,Rural Road,T-Junction,Street Lights,Signal,Urban,Car,No,No,Medium
ACC12028,21,0,66.1,60.4,10.57,4,7.4,6,5.57,34.8,20,Monday,Storm,Icy,Highway,Straight Road,Daylight,Stop Sign,Urban,Bus,No,No,High
ACC12029,24,14,71.6,22.2,8.15,5,11.6,7,0.24,25.6,12,Monday,Clear,Dry,Highway,Crossroad,Daylight,Uncontrolled,Urban,SUV,No,No,Medium
ACC12030,18,1,85.7,11.5,5.62,1,11.2,9,8.29,29.0,19,Monday,Rain,,Urban Road,Crossroad,Daylight,Signal,Suburban,Car,Yes,Yes,High
ACC12031,26,20,35.9,72.5,9.97,4,10.0,8,0.25,18.0,17,Thursday,Clear,Wet,Highway,Roundabout,Street Lights,Stop Sign,Urban,SUV,No,No,Medium
ACC12032,25,8,46.7,52.2,3.16,4,9.4,10,2.38,27.9,13,Friday,Cloudy,Dry,Urban Road,Roundabout,Street Lights,Traffic Police,Urban,Truck,No,No,High
ACC12033,35,26,48.5,43.6,3.9,2,7.1,5,1.33,14.6,23,Tuesday,Cloudy,Dry,Rural Road,T-Junction,Daylight,Stop Sign,Urban,SUV,No,Yes,Medium
ACC12034,36,18,81.5,77.3,4.54,2,5.3,8,46.34,21.7,10,Sunday,Storm,Dry,Highway,Roundabout,Poor,Signal,Rural,Car,No,No,High
ACC12035,19,0,57.4,85.5,8.64,3,5.1,5,8.31,26.6,17,Wednesday,Cloudy,Dry,Residential,Straight Road,Daylight,Stop Sign,Urban,Car,No,No,Medium
ACC12036,48,34,45.1,37.4,9.59,4,5.8,3,0.01,23.2,14,Friday,Clear,Wet,Highway,Straight Road,Street Lights,Stop Sign,Urban,Car,No,No,Medium
ACC12037,42,31,40.3,100.0,5.9,6,11.0,9,0.6,33.7,5,Sunday,Clear,Dry,Urban Road,Straight Road,Daylight,Signal,Suburban,Car,No,No,Medium
ACC12038,45,38,71.2,26.6,8.97,3,9.9,9,0.02,15.5,10,Sunday,Clear,Dry,Residential,T-Junction,Daylight,Signal,Rural,Car,No,Yes,Medium
ACC12039,48,30,64.0,65.5,11.46,3,8.5,3,2.01,30.3,8,Monday,Clear,Dry,Highway,T-Junction,Street Lights,Signal,Rural,SUV,No,No,Medium
ACC12040,24,7,31.6,50.1,,2,8.6,4,0.03,25.7,10,Friday,Clear,Wet,Urban Road,Roundabout,Street Lights,Signal,Rural,Motorcycle,No,No,Low
ACC12041,29,13,47.1,88.4,4.53,3,8.8,4,1.12,25.6,16,Tuesday,Fog,Wet,Highway,T-Junction,Daylight,Signal,Urban,SUV,Yes,No,High
ACC12042,39,15,22.2,63.3,12.0,3,8.2,7,1.18,40.1,3,Saturday,Cloudy,Dry,Highway,Straight Road,Street Lights,Stop Sign,Rural,Motorcycle,Yes,No,Low
ACC12043,49,24,72.9,44.6,8.56,3,10.4,5,2.93,24.5,0,Monday,Cloudy,Wet,Rural Road,Intersection,Daylight,Signal,Suburban,Car,No,No,High
ACC12044,39,20,58.5,98.6,5.01,2,10.2,7,0.02,23.1,3,Tuesday,Clear,Dry,Highway,Straight Road,Street Lights,Uncontrolled,Rural,Motorcycle,No,No,High
ACC12045,35,26,54.9,48.1,6.72,2,9.6,6,1.72,29.3,4,Saturday,Fog,Damaged,Rural Road,Intersection,Daylight,Stop Sign,Urban,SUV,No,No,High
ACC12046,28,4,32.2,62.1,1.72,4,7.1,8,9.62,24.6,21,Wednesday,Rain,Dry,Urban Road,Roundabout,Street Lights,Uncontrolled,Rural,Motorcycle,No,No,High
ACC12047,21,9,46.5,13.5,5.35,3,7.2,7,0.15,37.0,3,Friday,Clear,Wet,Highway,Crossroad,Daylight,Stop Sign,Urban,Car,No,No,Medium
ACC12048,48,41,69.1,13.7,8.34,5,8.8,4,18.68,23.6,8,Wednesday,Rain,Dry,Residential,T-Junction,Daylight,Signal,Suburban,SUV,No,Yes,High
ACC12049,31,21,52.6,34.6,8.7,3,6.4,9,3.73,31.4,13,Sunday,Cloudy,Dry,Rural Road,T-Junction,Daylight,Stop Sign,Urban,Car,No,No,Low
ACC12050,36,14,48.5,53.2,3.69,2,6.9,4,0.54,25.8,14,Thursday,Clear,Dry,Urban Road,Straight Road,Daylight,Uncontrolled,Urban,Truck,No,No,Medium
ACC12051,54,45,88.0,96.5,9.11,2,6.5,5,1.93,22.1,20,Friday,Cloudy,Damaged,Urban Road,Straight Road,Daylight,Signal,Urban,Motorcycle,No,No,High
ACC12052,31,18,29.0,56.1,7.0,3,7.1,11,4.08,22.7,12,Sunday,Cloudy,Dry,Urban Road,Intersection,Daylight,Signal,Urban,Car,No,No,Medium
ACC12053,36,26,46.4,81.6,8.86,2,5.6,4,0.27,23.2,14,Saturday,Clear,Damaged,Rural Road,T-Junction,Street Lights,Signal,Suburban,Car,No,No,High
ACC12054,30,24,42.9,44.9,11.57,3,7.4,9,0.19,30.7,7,Thursday,Fog,Dry,Rural Road,Roundabout,Daylight,Signal,Suburban,SUV,No,No,Low
ACC12055,21,5,68.0,96.4,9.95,2,8.0,5,26.11,19.8,11,Tuesday,,,Rural Road,Straight Road,Street Lights,Signal,Suburban,SUV,No,No,High
ACC12056,39,21,62.8,72.7,7.98,2,8.4,6,18.01,28.6,23,Thursday,Rain,Dry,Highway,T-Junction,Street Lights,Signal,Urban,Motorcycle,No,No,High
ACC12057,18,0,56.5,57.0,7.11,5,6.7,8,2.46,25.9,18,Saturday,Cloudy,Wet,Rural Road,Crossroad,Poor,Signal,Rural,Car,No,No,High
ACC12058,51,38,37.9,,5.7,3,11.3,5,3.75,29.5,22,Saturday,Clear,Dry,Highway,Intersection,Poor,Uncontrolled,Suburban,Car,No,No,Medium
ACC12059,18,10,62.6,56.0,4.65,7,10.1,5,4.41,19.1,23,Tuesday,Rain,Damaged,Urban Road,Straight Road,Poor,Signal,Urban,Car,No,No,High
ACC12060,32,14,24.5,59.9,5.86,2,7.5,5,8.01,28.2,14,Wednesday,Cloudy,Damaged,Highway,Straight Road,Street Lights,Stop Sign,Suburban,Motorcycle,No,No,Low
ACC12061,30,7,51.6,71.8,9.93,2,9.8,7,1.05,21.9,11,Monday,Clear,Damaged,Residential,Roundabout,Daylight,Stop Sign,Urban,Car,No,No,Medium
ACC12062,48,41,47.4,69.5,7.35,3,9.4,6,2.81,33.6,14,Wednesday,Cloudy,Dry,Rural Road,Straight Road,Street Lights,Stop Sign,Urban,Car,No,No,Medium
ACC12063,27,18,73.7,24.5,3.74,3,9.3,8,18.74,27.6,1,Sunday,,Wet,Highway,T-Junction,Poor,Signal,Urban,Motorcycle,No,No,High
ACC12064,18,6,68.2,58.6,6.48,2,9.9,4,6.7,26.7,0,Thursday,Cloudy,Wet,Highway,T-Junction,Daylight,Stop Sign,Suburban,Truck,No,No,High
ACC12065,21,3,67.9,80.6,11.01,3,8.3,8,1.45,30.2,12,Tuesday,Clear,Dry,Residential,T-Junction,Daylight,Signal,Urban,SUV,No,No,Medium
ACC12066,18,3,60.7,61.9,7.14,9,8.1,8,16.58,36.2,15,Thursday,Rain,Wet,Highway,Crossroad,Daylight,Signal,Urban,Motorcycle,No,No,High
ACC12067,45,26,80.6,64.4,4.39,4,4.6,8,0.04,20.1,8,Saturday,Clear,Dry,Urban Road,Crossroad,Street Lights,Stop Sign,Rural,Truck,Yes,No,High
ACC12068,56,50,72.0,78.6,8.78,5,10.2,8,1.56,26.8,2,Sunday,Clear,Dry,Residential,Straight Road,Daylight,Signal,Urban,Car,No,No,High
ACC12069,49,28,39.0,73.2,8.42,2,9.7,5,0.01,27.6,1,Sunday,Clear,Dry,Residential,Crossroad,Street Lights,Signal,Urban,Motorcycle,No,No,Medium
ACC12070,36,11,49.8,34.4,6.32,3,11.0,6,0.05,24.6,8,Monday,Clear,Dry,Urban Road,Crossroad,Street Lights,Signal,Rural,Truck,No,No,Low
ACC12071,39,33,69.2,25.4,8.8,3,5.7,6,18.52,28.1,11,Friday,Rain,Dry,Highway,Roundabout,Poor,Signal,Urban,Truck,Yes,No,High
ACC12072,32,17,62.2,94.1,8.72,4,11.4,4,0.54,17.5,10,Friday,Cloudy,Dry,Highway,Crossroad,Street Lights,Signal,Suburban,Motorcycle,No,No,Medium
ACC12073,29,9,57.3,49.4,8.14,2,11.8,6,0.02,36.3,6,Friday,Clear,Wet,Urban Road,Intersection,Street Lights,Traffic Police,Urban,Motorcycle,No,Yes,High
ACC12074,41,26,64.4,45.3,11.3,3,9.9,7,2.81,24.9,21,Thursday,Fog,Dry,Residential,Intersection,Daylight,Signal,Suburban,SUV,Yes,No,Medium
ACC12075,21,4,23.6,55.4,8.66,2,9.3,8,2.71,23.3,12,Friday,Fog,Dry,Highway,Intersection,Daylight,Stop Sign,Urban,Truck,No,No,Medium
ACC12076,41,18,65.2,90.6,7.83,4,8.6,6,5.43,24.7,14,Tuesday,Fog,Dry,Residential,Straight Road,Daylight,Uncontrolled,Rural,Truck,Yes,No,High
ACC12077,35,19,78.4,56.8,8.33,1,6.8,3,0.8,33.7,2,Monday,Clear,Dry,Urban Road,T-Junction,Daylight,Stop Sign,Urban,Bus,No,No,High
ACC12078,43,33,71.3,55.8,8.55,5,8.9,6,2.89,29.1,1,Sunday,Cloudy,Wet,Highway,Roundabout,Daylight,Traffic Police,Suburban,Car,Yes,No,High
ACC12079,41,21,105.9,44.3,9.03,2,9.4,6,27.18,32.0,17,Saturday,Storm,Dry,Urban Road,Straight Road,Street Lights,Uncontrolled,Rural,Motorcycle,No,No,High
ACC12080,22,9,66.3,33.0,7.85,2,10.6,6,12.18,33.2,3,Wednesday,Rain,Wet,Rural Road,T-Junction,Street Lights,Uncontrolled,Rural,SUV,No,Yes,High
ACC12081,44,33,55.3,,11.7,1,11.8,8,0.12,16.0,0,Saturday,Clear,Dry,Highway,Roundabout,Street Lights,Traffic Police,Urban,Car,No,No,Low
ACC12082,52,42,85.7,58.8,5.47,4,8.7,6,1.08,33.8,14,Tuesday,,Wet,Highway,Roundabout,Daylight,Signal,Rural,Car,No,No,High
ACC12083,44,37,42.1,32.6,10.08,3,9.1,4,2.25,23.6,0,Monday,Cloudy,Dry,Urban Road,Roundabout,Daylight,Stop Sign,Urban,Truck,No,No,Low
ACC12084,25,1,49.6,47.3,6.72,1,8.8,6,6.9,25.4,6,Wednesday,Fog,Dry,Urban Road,Intersection,Street Lights,Uncontrolled,Suburban,Car,No,Yes,High
ACC12085,45,29,56.5,46.4,8.07,4,12.5,4,6.89,18.8,5,Friday,Cloudy,Wet,Urban Road,Intersection,Daylight,Stop Sign,Urban,Motorcycle,Yes,No,High
ACC12086,40,16,43.2,68.9,10.86,4,7.8,2,1.28,29.5,19,Wednesday,Cloudy,Dry,Urban Road,Intersection,Daylight,Traffic Police,Urban,Car,No,No,Low
ACC12087,18,0,70.1,5.0,9.56,3,4.6,7,0.03,25.5,12,Sunday,Clear,Wet,Highway,Roundabout,Daylight,Signal,Urban,Motorcycle,No,Yes,Medium
ACC12088,33,27,73.7,96.5,8.22,3,7.8,6,25.89,29.1,0,Thursday,Rain,Wet,Highway,Roundabout,Daylight,Signal,Suburban,Truck,Yes,No,High
ACC12089,44,34,49.3,64.1,7.77,1,10.4,8,19.76,22.9,13,Thursday,Rain,Dry,Highway,Intersection,Daylight,Traffic Police,Urban,Motorcycle,No,No,Medium
ACC12090,34,23,63.8,68.7,5.13,4,4.8,7,0.1,34.3,9,Friday,Clear,Dry,Highway,Roundabout,Daylight,Signal,Urban,Car,No,No,High
ACC12091,41,26,63.4,32.8,11.35,3,8.5,6,13.28,30.4,9,Friday,Rain,Dry,Urban Road,Intersection,Daylight,Uncontrolled,Urban,Car,No,No,Low
ACC12092,29,10,64.5,53.3,8.3,2,5.6,7,11.78,31.6,1,Tuesday,Storm,Damaged,Urban Road,Intersection,Street Lights,Signal,Rural,Car,No,No,Medium
ACC12093,38,19,53.4,67.5,9.25,4,9.3,4,0.91,27.1,1,Tuesday,Clear,Wet,Urban Road,Intersection,Daylight,Uncontrolled,Suburban,Motorcycle,No,No,Low
ACC12094,49,24,44.9,74.3,11.4,2,12.7,4,0.64,26.7,0,Saturday,Cloudy,Dry,Rural Road,T-Junction,Daylight,Traffic Police,Urban,Car,Yes,No,Low
ACC12095,41,18,83.2,73.5,7.24,4,5.4,3,0.24,34.7,22,Sunday,Clear,Dry,Highway,Roundabout,Poor,Signal,Rural,Bus,No,No,High
ACC12096,38,29,44.6,64.7,5.2,5,9.2,9,5.37,28.5,13,Thursday,Rain,Dry,Urban Road,Straight Road,Street Lights,Signal,Suburban,Truck,No,No,High
ACC12097,36,14,51.9,47.9,6.26,6,10.8,5,5.15,31.6,22,Monday,Cloudy,Wet,Urban Road,Intersection,Daylight,Signal,Urban,Car,No,No,High
ACC12098,34,12,75.7,25.1,5.15,2,12.2,5,6.59,21.6,18,Tuesday,Cloudy,Dry,Residential,Straight Road,Poor,Uncontrolled,Urban,Car,No,No,High
ACC12099,27,11,57.4,52.1,12.0,5,12.7,6,5.44,28.5,11,Monday,Rain,Dry,Rural Road,T-Junction,Daylight,Uncontrolled,Urban,Car,No,No,Medium
ACC12100,32,20,98.7,100.0,6.84,1,9.2,5,0.41,29.0,0,Saturday,Clear,Damaged,Rural Road,Roundabout,Daylight,Signal,Suburban,Motorcycle,No,Yes,High
ACC12101,37,28,40.7,25.3,3.29,4,10.8,5,2.12,25.6,23,Thursday,Fog,Dry,Highway,Intersection,Poor,Signal,Rural,Car,Yes,No,High
ACC12102,18,9,43.7,19.9,4.49,3,10.9,10,0.29,30.0,12,Tuesday,Cloudy,Dry,Urban Road,Intersection,Poor,Uncontrolled,Urban,Car,No,No,Medium
ACC12103,49,37,53.7,100.0,12.0,2,9.1,9,1.78,15.9,5,Monday,Clear,Damaged,Residential,Intersection,Daylight,Uncontrolled,Urban,Car,No,No,Medium
ACC12104,29,14,73.5,59.2,8.71,1,6.2,6,22.5,18.8,17,Saturday,Rain,Wet,Rural Road,Straight Road,Street Lights,Signal,Urban,SUV,No,No,High
ACC12105,22,5,59.4,20.4,10.24,3,10.4,6,16.72,21.4,23,Monday,Rain,Dry,Urban Road,T-Junction,Street Lights,Signal,Urban,Truck,No,Yes,Medium
ACC12106,57,45,67.9,59.5,4.79,5,11.9,4,1.45,24.4,11,Tuesday,Clear,Dry,Rural Road,Roundabout,Daylight,Uncontrolled,Suburban,SUV,No,No,Medium
ACC12107,37,25,87.1,50.8,10.69,5,5.6,5,4.24,24.5,9,Friday,Fog,Dry,Rural Road,T-Junction,Daylight,Stop Sign,Suburban,Car,No,No,High
ACC12108,47,42,20.0,96.4,4.81,4,9.6,4,0.97,29.1,18,Saturday,Fog,Dry,Urban Road,Intersection,Daylight,Traffic Police,Urban,Car,No,No,High
ACC12109,28,23,27.6,92.7,7.39,4,7.8,5,0.07,21.0,14,Saturday,Clear,Damaged,Highway,T-Junction,Poor,Stop Sign,Rural,Car,No,No,High
ACC12110,47,24,46.6,67.2,8.74,4,9.3,4,36.25,27.9,23,Wednesday,Storm,Dry,Urban Road,Straight Road,Daylight,Uncontrolled,Urban,SUV,Yes,No,High
ACC12111,43,38,55.1,73.8,8.05,5,7.5,6,1.6,22.5,0,Friday,Clear,Wet,Urban Road,Crossroad,Street Lights,Stop Sign,Rural,Car,No,No,Medium
ACC12112,32,26,34.2,53.7,8.48,4,9.5,11,1.14,28.9,1,Saturday,Clear,Damaged,Rural Road,Crossroad,Daylight,Traffic Police,Urban,Motorcycle,No,No,High
ACC12113,18,9,81.7,100.0,6.04,4,10.4,6,0.01,22.7,18,Wednesday,Clear,Dry,Urban Road,Roundabout,Daylight,Signal,Suburban,Car,No,No,High
ACC12114,47,27,60.3,60.2,7.46,3,7.3,6,4.59,24.6,7,Monday,Fog,Dry,Rural Road,Roundabout,Street Lights,Signal,Urban,Truck,No,No,High
ACC12115,33,14,81.1,41.3,5.29,2,7.8,6,13.42,18.7,14,Tuesday,Rain,Dry,Residential,T-Junction,Street Lights,Signal,Urban,Car,No,No,High
ACC12116,48,30,56.1,89.4,11.49,7,7.7,10,0.42,20.6,8,Saturday,Clear,Damaged,Urban Road,Roundabout,Daylight,Uncontrolled,Rural,Motorcycle,No,No,High
ACC12117,31,15,56.1,64.6,7.7,3,11.4,4,0.3,22.8,19,Thursday,Clear,Wet,Highway,Straight Road,Daylight,Stop Sign,Urban,SUV,No,No,Low
ACC12118,34,25,39.4,54.2,5.37,3,11.9,11,1.73,24.3,1,Tuesday,Cloudy,Dry,Rural Road,Intersection,Street Lights,Signal,Rural,Motorcycle,No,No,High
ACC12119,39,26,57.5,41.5,12.0,4,5.0,8,0.4,18.4,9,Friday,Clear,Wet,Rural Road,Intersection,Daylight,Stop Sign,Suburban,Motorcycle,No,No,Low
ACC12120,57,42,78.9,50.1,6.82,1,9.1,3,0.45,27.6,14,Wednesday,Fog,Dry,Rural Road,T-Junction,Daylight,Signal,Rural,Motorcycle,No,No,High
ACC12121,26,9,68.3,89.5,9.89,1,8.4,6,12.22,29.8,15,Tuesday,Rain,Damaged,Urban Road,Intersection,Street Lights,Signal,Rural,Bus,Yes,No,High
ACC12122,30,21,69.6,57.6,6.72,4,7.3,4,7.85,33.0,17,Wednesday,Cloudy,Dry,Highway,T-Junction,Daylight,Signal,Urban,Car,No,Yes,High
ACC12123,29,9,49.6,56.7,8.2,4,10.1,3,10.01,23.6,12,Friday,Storm,Dry,Highway,Roundabout,Daylight,Stop Sign,Suburban,Car,No,No,High
ACC12124,28,17,41.2,14.3,,1,8.5,3,1.0,25.7,16,Friday,Clear,Damaged,Residential,Roundabout,Daylight,Uncontrolled,Rural,Bus,No,No,Low
ACC12125,34,16,47.0,53.4,7.46,4,11.9,4,4.28,24.7,18,Tuesday,Storm,Dry,Urban Road,Straight Road,Poor,Uncontrolled,Urban,Motorcycle,No,No,High
ACC12126,47,32,66.5,56.7,9.31,2,9.3,11,7.65,17.4,3,Saturday,Rain,Dry,Residential,Intersection,Daylight,Traffic Police,Rural,SUV,No,No,Medium
ACC12127,31,14,38.7,65.8,10.87,3,6.7,8,1.03,26.6,23,Thursday,Cloudy,Dry,Urban Road,Straight Road,Street Lights,Signal,Suburban,Truck,No,No,Low
ACC12128,56,43,53.9,48.5,5.65,3,8.3,6,0.25,31.1,13,Saturday,Clear,Dry,Residential,Crossroad,Daylight,Uncontrolled,Suburban,Motorcycle,No,No,Medium
ACC12129,49,35,43.9,68.2,3.73,7,7.1,6,2.14,33.6,5,Sunday,Fog,Dry,Rural Road,Straight Road,Daylight,Signal,Urban,Car,No,No,High
ACC12130,34,12,40.7,74.5,6.94,1,12.0,6,1.55,26.5,12,Thursday,,Damaged,Highway,T-Junction,Daylight,Signal,Suburban,Truck,No,No,Medium
ACC12131,27,12,73.7,41.6,10.24,5,9.3,7,0.8,26.1,1,Wednesday,Clear,Dry,Highway,T-Junction,Daylight,Signal,Urban,Truck,No,No,Low
ACC12132,43,22,59.2,100.0,6.72,3,10.6,4,0.28,32.3,16,Tuesday,Clear,Dry,Urban Road,Straight Road,Street Lights,Signal,Rural,Truck,No,No,High
ACC12133,51,38,76.9,35.9,10.92,3,5.7,10,1.16,28.7,5,Monday,Cloudy,Wet,Urban Road,Roundabout,Daylight,Signal,Urban,Car,No,No,Medium
ACC12134,46,27,51.8,16.4,9.47,1,8.2,5,0.66,28.5,19,Friday,Cloudy,Dry,Urban Road,Crossroad,Street Lights,Signal,Urban,SUV,No,No,Low
ACC12135,27,17,76.2,,9.63,4,7.3,6,18.43,21.0,10,Saturday,Rain,Dry,Urban Road,Straight Road,Daylight,Stop Sign,Rural,Car,No,No,Medium
ACC12136,33,10,70.7,61.1,7.68,1,6.2,7,1.17,11.6,9,Wednesday,Fog,,Urban Road,Roundabout,Daylight,Signal,Suburban,Car,No,No,High
ACC12137,19,0,43.9,71.9,6.4,1,8.4,6,0.67,24.9,7,Friday,Clear,Damaged,Rural Road,Straight Road,Daylight,Stop Sign,Rural,SUV,No,Yes,High
ACC12138,21,0,76.6,47.2,7.49,2,8.2,7,36.81,16.9,23,Wednesday,Rain,Wet,Highway,Intersection,Street Lights,Signal,Urban,Truck,No,Yes,High
ACC12139,46,34,44.2,87.4,8.04,5,6.6,6,0.57,40.3,15,Tuesday,Clear,Wet,Urban Road,T-Junction,Street Lights,Signal,Suburban,Motorcycle,No,No,Medium
ACC12140,42,31,82.4,77.2,7.98,2,8.8,4,1.85,26.0,12,Wednesday,Fog,Dry,Residential,Intersection,Street Lights,Signal,Suburban,SUV,Yes,No,High
ACC12141,53,44,84.8,100.0,8.25,4,10.1,7,8.07,32.3,13,Wednesday,Rain,Damaged,Highway,Intersection,Daylight,Signal,Suburban,Car,No,No,High
ACC12142,22,0,63.3,48.4,7.21,2,10.8,7,14.14,28.2,20,Sunday,,,Residential,Crossroad,Street Lights,Signal,Urban,Car,Yes,No,High
ACC12143,50,43,56.2,50.7,7.03,11,7.3,11,8.33,21.5,14,Monday,Rain,Wet,Rural Road,Roundabout,Daylight,Stop Sign,Urban,Truck,No,No,High
ACC12144,49,31,39.4,40.1,10.79,2,8.8,8,1.38,29.2,7,Wednesday,Clear,Dry,Urban Road,T-Junction,Street Lights,Uncontrolled,Rural,Car,No,No,Low
ACC12145,58,46,97.2,35.8,5.68,3,6.2,5,0.19,28.3,0,Thursday,Cloudy,Damaged,Highway,Intersection,Poor,Signal,Urban,SUV,Yes,No,High
ACC12146,45,36,32.8,64.6,7.51,6,5.4,8,18.99,26.2,7,Wednesday,Rain,Wet,Highway,T-Junction,Daylight,Signal,Rural,Bus,Yes,No,Medium
ACC12147,18,9,33.3,29.1,11.82,2,8.0,4,2.34,28.0,15,Wednesday,Cloudy,Wet,Urban Road,Roundabout,Daylight,Uncontrolled,Urban,Car,No,No,Low
ACC12148,41,19,44.6,26.4,7.66,3,7.1,7,0.34,24.9,22,Tuesday,Clear,Dry,Urban Road,Straight Road,Street Lights,Signal,Rural,SUV,No,No,Low
ACC12149,18,0,65.9,61.9,10.19,1,4.4,7,1.63,23.9,20,Wednesday,Cloudy,Dry,Urban Road,Intersection,Street Lights,Signal,Suburban,Car,No,No,Medium
ACC12150,18,8,20.0,90.4,6.66,5,10.0,12,3.47,33.8,4,Sunday,,Wet,Urban Road,Roundabout,Daylight,Stop Sign,Suburban,Motorcycle,No,No,High
ACC12151,38,32,42.3,16.3,5.46,3,8.1,3,0.76,36.0,0,Monday,Clear,Wet,Highway,T-Junction,Poor,Stop Sign,Urban,SUV,No,No,Low
ACC12152,44,22,55.5,68.4,12.0,3,9.3,4,0.35,26.4,15,Tuesday,Clear,Dry,Highway,Roundabout,Street Lights,Stop Sign,Rural,SUV,No,No,Medium
ACC12153,18,12,89.6,46.1,,3,9.7,5,17.76,17.3,15,Sunday,Rain,Damaged,Urban Road,Straight Road,Daylight,Uncontrolled,Urban,Car,No,No,High
ACC12154,18,11,51.8,12.7,8.03,4,13.1,6,4.07,30.6,5,Friday,Rain,Damaged,Rural Road,Roundabout,Daylight,Signal,Suburban,Car,No,No,Medium
ACC12155,30,9,53.6,44.6,11.87,3,9.2,4,0.42,26.5,17,Thursday,Clear,Dry,Highway,T-Junction,Street Lights,Signal,Urban,Car,No,No,Low
ACC12156,41,20,81.2,81.2,5.14,3,8.3,6,0.24,30.7,19,Thursday,Clear,Wet,Urban Road,Intersection,Daylight,Signal,Suburban,Motorcycle,No,No,High
ACC12157,35,26,54.0,75.0,9.62,5,7.8,5,1.09,27.1,6,Friday,Clear,Dry,Urban Road,Intersection,Daylight,Uncontrolled,Rural,Motorcycle,No,No,Medium
ACC12158,31,25,31.6,14.1,9.32,4,9.4,7,1.41,35.1,22,Wednesday,Clear,Dry,Urban Road,Crossroad,Street Lights,Uncontrolled,Urban,Car,No,No,Low
ACC12159,22,16,66.0,58.3,8.02,1,5.6,5,1.78,15.9,14,Monday,Cloudy,Dry,Highway,T-Junction,Street Lights,Signal,Suburban,Motorcycle,No,No,Low
ACC12160,31,17,25.5,87.8,12.0,2,5.4,9,6.31,28.5,3,Monday,Rain,Dry,Urban Road,Crossroad,Street Lights,Signal,Urban,Bus,No,No,Medium
ACC12161,46,33,58.8,94.9,8.68,4,9.3,4,8.8,29.0,23,Monday,Rain,Wet,Highway,Crossroad,Daylight,Signal,Rural,Motorcycle,No,No,High
ACC12162,37,28,74.5,54.1,8.3,3,8.2,5,3.73,28.9,2,Monday,Cloudy,Dry,Highway,Straight Road,Street Lights,Signal,Rural,Car,Yes,No,Medium
ACC12163,39,16,50.3,50.4,5.91,4,8.6,5,0.52,35.2,12,Sunday,Clear,Wet,Highway,T-Junction,Poor,Signal,Urban,SUV,No,No,Low
ACC12164,55,39,48.2,70.7,7.86,2,6.3,8,8.23,28.2,8,Wednesday,Rain,Wet,Urban Road,Intersection,Daylight,Stop Sign,Urban,Car,Yes,No,High
ACC12165,57,36,76.5,74.6,9.53,6,11.8,4,1.28,22.6,12,Friday,Cloudy,Wet,Urban Road,T-Junction,Street Lights,Traffic Police,Suburban,Bus,No,No,Medium
ACC12166,56,49,55.9,41.8,10.13,1,4.3,7,38.31,32.0,11,Sunday,Storm,Dry,Highway,Straight Road,Poor,Signal,Urban,Car,No,No,Medium
ACC12167,64,40,49.5,59.9,9.8,2,9.2,7,1.36,26.4,14,Sunday,Cloudy,Damaged,Residential,T-Junction,Street Lights,Signal,Urban,Motorcycle,No,Yes,Medium
ACC12168,26,5,60.9,52.2,3.86,1,6.7,2,0.54,27.8,6,Friday,Clear,Dry,Rural Road,T-Junction,Street Lights,Signal,Urban,Motorcycle,No,No,Medium
ACC12169,22,11,86.3,74.6,7.9,2,6.4,6,25.3,30.9,6,Thursday,Rain,Dry,Highway,Crossroad,Daylight,Signal,Urban,Motorcycle,No,No,High
ACC12170,41,36,46.2,46.4,6.03,3,14.4,6,0.73,28.1,15,Friday,Clear,Dry,Highway,T-Junction,,Signal,Urban,Motorcycle,No,No,Low
ACC12171,32,24,56.5,32.0,4.35,2,7.4,5,10.47,28.2,12,Monday,Rain,Dry,Highway,Crossroad,Street Lights,Uncontrolled,Urban,Car,No,No,Medium
ACC12172,35,22,21.4,10.5,6.52,1,8.6,8,0.44,16.9,4,Wednesday,Clear,Damaged,Residential,Crossroad,Street Lights,Signal,Urban,Motorcycle,No,No,Low
ACC12173,18,13,79.5,66.6,,6,10.3,10,0.3,31.2,8,Sunday,Clear,Dry,Urban Road,Roundabout,Poor,Traffic Police,Suburban,Motorcycle,No,No,High
ACC12174,39,33,43.3,33.9,5.61,7,10.8,5,5.78,30.0,20,Tuesday,Fog,Wet,Residential,Straight Road,Daylight,Stop Sign,Suburban,Car,No,No,High
ACC12175,30,23,63.1,52.0,8.06,2,11.6,2,0.18,27.2,17,Tuesday,Clear,Dry,Rural Road,Crossroad,Daylight,Stop Sign,Urban,SUV,No,No,Medium
ACC12176,31,10,87.4,57.6,9.84,4,7.2,5,3.2,31.4,2,Monday,Rain,Dry,Rural Road,T-Junction,Daylight,Signal,Suburban,SUV,No,No,High
ACC12177,33,17,60.8,43.1,9.22,4,11.9,4,1.19,20.8,20,Saturday,Clear,Icy,Urban Road,Crossroad,Street Lights,Uncontrolled,Rural,SUV,No,No,Low
ACC12178,18,9,82.3,67.2,,3,6.9,1,2.53,33.7,23,Thursday,Cloudy,Wet,Highway,Crossroad,Daylight,Stop Sign,Urban,Truck,No,No,High
ACC12179,28,18,77.4,100.0,10.08,4,8.7,7,2.49,32.5,10,Sunday,Rain,Dry,Highway,Crossroad,Street Lights,Signal,Rural,Car,No,No,Medium
ACC12180,51,33,65.2,99.0,6.42,4,8.5,6,2.44,18.5,21,Tuesday,Cloudy,Dry,Urban Road,Intersection,Daylight,Signal,Suburban,Motorcycle,No,No,High
ACC12181,39,28,20.0,33.8,11.94,1,9.1,7,0.84,31.0,7,Saturday,Clear,Dry,Urban Road,Intersection,Daylight,Traffic Police,Urban,Bus,Yes,Yes,Low
ACC12182,51,32,20.0,40.1,8.52,5,6.5,7,0.44,21.5,19,Monday,Clear,Dry,Residential,Intersection,Daylight,Signal,Urban,Car,No,No,Low
ACC12183,22,1,81.2,37.0,10.16,3,8.8,3,0.06,29.0,19,Sunday,Clear,Wet,Highway,Intersection,Poor,Signal,Urban,Motorcycle,No,No,High
ACC12184,38,27,65.0,19.2,6.84,2,9.7,4,0.42,31.6,18,Sunday,Clear,Wet,Highway,Roundabout,Street Lights,Signal,Suburban,Car,No,No,Low
ACC12185,23,11,64.0,62.6,7.41,7,7.3,2,11.75,30.2,9,Sunday,Rain,Dry,Urban Road,Crossroad,Poor,Signal,Urban,Car,Yes,No,High
ACC12186,58,52,49.7,69.9,8.25,3,7.2,4,5.05,34.9,5,Wednesday,Fog,Damaged,Rural Road,Roundabout,Street Lights,Signal,Rural,Car,No,No,High
ACC12187,23,2,50.7,62.5,,5,8.3,6,5.11,22.7,1,Tuesday,Fog,Dry,Rural Road,T-Junction,Daylight,Signal,Suburban,SUV,No,No,Medium
ACC12188,46,29,54.5,62.8,7.03,3,7.9,3,9.05,30.2,6,Monday,Rain,Dry,Highway,Straight Road,Daylight,Uncontrolled,Urban,Truck,No,No,High
ACC12189,31,8,49.9,12.6,4.7,4,11.3,7,12.48,32.6,22,Tuesday,Rain,Dry,Highway,Roundabout,Poor,Signal,Urban,Car,Yes,No,High
ACC12190,48,39,64.6,14.4,6.5,4,9.3,4,10.63,35.3,1,Wednesday,Rain,Wet,Highway,Intersection,Street Lights,Uncontrolled,Urban,Truck,No,No,Medium
ACC12191,20,0,70.4,73.3,5.24,5,10.3,5,0.17,31.1,13,Friday,Clear,Dry,Highway,Intersection,Daylight,Uncontrolled,Urban,Car,Yes,No,High
ACC12192,29,10,40.8,55.5,3.73,4,8.9,6,4.71,25.4,4,Friday,Fog,Dry,Urban Road,T-Junction,Street Lights,Signal,Urban,Truck,Yes,No,High
ACC12193,42,33,72.3,79.4,8.49,3,9.6,5,27.56,29.6,20,Wednesday,Rain,Dry,Residential,Crossroad,Daylight,Stop Sign,Suburban,SUV,Yes,No,Medium
ACC12194,34,20,60.2,34.6,6.08,4,12.6,3,4.98,23.0,21,Wednesday,Cloudy,Dry,Highway,Straight Road,Daylight,Uncontrolled,Suburban,Motorcycle,No,No,Medium
ACC12195,37,18,56.2,,11.07,3,9.9,5,0.7,29.7,16,Friday,Clear,Wet,Urban Road,Roundabout,Daylight,Stop Sign,Urban,Truck,No,No,Low
ACC12196,30,25,62.5,45.7,6.21,7,7.1,7,0.4,26.9,5,Wednesday,Clear,Dry,Highway,Crossroad,Street Lights,Stop Sign,Suburban,Motorcycle,No,No,High
ACC12197,33,12,38.8,96.3,5.82,1,6.2,5,0.3,18.3,2,Sunday,Cloudy,Dry,Rural Road,Crossroad,Daylight,Uncontrolled,Urban,Motorcycle,No,No,Medium
ACC12198,32,8,46.4,96.6,10.58,4,5.9,5,5.89,26.1,3,Wednesday,Fog,Wet,Urban Road,Roundabout,Daylight,Signal,Urban,Truck,No,No,High
ACC12199,27,20,20.0,33.1,9.45,2,6.2,3,3.16,34.6,15,Wednesday,Cloudy,Damaged,Urban Road,Roundabout,Daylight,Uncontrolled,Suburban,Bus,Yes,No,Low
ACC12200,57,34,64.1,,10.46,2,8.2,1,0.33,28.9,16,Friday,Clear,Damaged,Rural Road,Roundabout,Daylight,Signal,Urban,Truck,No,No,Medium
ACC12201,53,39,57.4,77.7,7.36,3,10.6,9,20.83,22.0,8,Friday,Storm,Dry,Urban Road,Roundabout,Daylight,Stop Sign,Rural,SUV,No,Yes,High
ACC12202,51,36,55.1,81.7,3.93,3,7.5,4,0.02,29.5,0,Saturday,Clear,Dry,Rural Road,Intersection,Daylight,Signal,Rural,Bus,Yes,No,High
ACC12203,43,21,54.5,39.1,9.54,7,10.9,8,0.79,21.7,9,Tuesday,Clear,Dry,Urban Road,Crossroad,Daylight,Uncontrolled,Suburban,Bus,Yes,No,Low
ACC12204,46,29,65.4,67.2,10.25,5,5.1,5,0.84,26.9,12,Friday,Clear,Dry,Rural Road,Crossroad,Poor,Stop Sign,Urban,Bus,No,No,Medium
ACC12205,28,16,45.7,61.3,,4,8.2,4,29.75,27.0,15,Tuesday,Rain,Damaged,Urban Road,Intersection,Daylight,Stop Sign,Urban,Car,Yes,No,High
ACC12206,23,3,62.5,55.8,12.0,4,8.8,7,4.16,25.5,10,Sunday,Fog,Dry,Urban Road,Crossroad,Daylight,Uncontrolled,Urban,Motorcycle,No,No,Medium
ACC12207,49,41,76.9,5.0,9.35,4,8.7,4,0.18,24.4,21,Sunday,Clear,Dry,Residential,Roundabout,Daylight,Uncontrolled,Suburban,Motorcycle,Yes,No,Medium
ACC12208,40,22,24.1,44.7,8.03,3,9.9,8,1.91,23.6,14,Friday,Fog,Dry,Highway,Straight Road,Street Lights,Uncontrolled,Rural,Motorcycle,No,No,Low
ACC12209,49,29,53.4,,9.5,2,9.9,3,0.55,22.9,10,Thursday,Clear,Dry,Highway,Crossroad,Street Lights,Signal,Suburban,Bus,No,No,Low
ACC12210,40,28,43.1,74.9,5.8,4,9.4,1,1.49,23.7,20,Tuesday,Fog,Wet,Urban Road,Straight Road,Daylight,Uncontrolled,Suburban,Car,Yes,No,High
ACC12211,27,3,77.9,52.6,8.3,3,6.9,6,27.16,36.8,23,Wednesday,Rain,Dry,Highway,Straight Road,Poor,Stop Sign,Suburban,Car,No,No,High
ACC12212,23,5,65.2,88.3,4.66,4,10.2,4,44.17,26.3,2,Thursday,Rain,Dry,Highway,Intersection,Street Lights,Stop Sign,Rural,SUV,No,No,High
ACC12213,42,35,71.1,22.1,8.43,4,6.9,3,0.67,38.7,17,Saturday,Clear,Dry,Residential,T-Junction,Street Lights,Traffic Police,Urban,Car,No,No,Low
ACC12214,45,21,71.1,90.3,8.45,2,7.3,3,44.08,35.8,0,Friday,Storm,Dry,Residential,Crossroad,Daylight,Signal,Rural,Car,No,No,High
ACC12215,42,22,88.9,42.5,8.52,4,9.7,10,12.66,24.2,19,Friday,Rain,Dry,Highway,Intersection,Daylight,Signal,Suburban,Car,Yes,No,High
ACC12216,25,6,63.8,43.3,,4,7.3,8,0.49,29.3,3,Saturday,Clear,Wet,Highway,Intersection,Street Lights,Stop Sign,Urban,Bus,Yes,No,High
ACC12217,38,28,42.6,50.4,5.6,5,6.2,7,13.58,28.1,10,Thursday,Rain,Dry,Highway,Straight Road,Poor,Uncontrolled,Rural,Motorcycle,No,No,Medium
ACC12218,39,25,65.9,18.1,12.0,3,8.9,6,0.25,27.6,3,Monday,Clear,Wet,Rural Road,Crossroad,Street Lights,Signal,Rural,SUV,No,No,Low
ACC12219,28,5,50.4,60.2,5.62,3,7.4,10,3.35,30.7,10,Sunday,Fog,Damaged,Urban Road,Intersection,Daylight,Stop Sign,Suburban,Car,No,No,High
ACC12220,50,39,64.9,100.0,5.15,3,8.0,6,0.49,21.2,12,Wednesday,Clear,Damaged,Urban Road,Roundabout,Daylight,Stop Sign,Rural,SUV,No,No,High
ACC12221,34,21,58.5,,7.76,6,9.4,5,40.02,28.8,11,Tuesday,Rain,Damaged,Urban Road,Intersection,,Stop Sign,Urban,Car,No,No,High
ACC12222,52,42,42.4,46.3,,4,11.0,6,2.66,22.7,14,Thursday,Cloudy,Dry,Urban Road,Roundabout,Street Lights,Uncontrolled,Urban,Car,No,No,Low
ACC12223,40,31,54.1,72.2,8.5,5,9.2,1,0.16,20.7,14,Tuesday,Clear,,Urban Road,T-Junction,Daylight,Signal,Urban,Motorcycle,No,No,Medium
ACC12224,34,28,27.2,55.9,9.83,3,7.8,7,0.78,36.9,16,Friday,Clear,Dry,Highway,Roundabout,Daylight,Uncontrolled,Urban,Car,No,No,Low
ACC12225,37,17,51.6,82.4,5.57,5,9.2,4,1.65,36.5,15,Monday,Clear,Damaged,Rural Road,Roundabout,Daylight,Uncontrolled,Urban,Car,Yes,No,High
ACC12226,18,11,54.9,20.2,11.28,5,9.8,7,1.54,35.9,20,Saturday,Cloudy,Icy,Highway,Straight Road,Street Lights,Signal,Urban,Car,No,No,Low
ACC12227,36,20,34.9,29.2,7.18,3,11.9,4,1.16,30.8,2,Monday,Clear,Damaged,Urban Road,Intersection,Street Lights,Signal,Suburban,Car,No,No,Low
ACC12228,18,12,49.7,63.8,4.09,2,8.5,5,8.39,20.1,23,Tuesday,Cloudy,Dry,Urban Road,T-Junction,Street Lights,Signal,Urban,SUV,No,No,High
ACC12229,30,5,92.4,5.0,9.13,5,6.4,7,0.23,19.6,4,Saturday,Clear,Damaged,Highway,Intersection,Street Lights,Uncontrolled,Urban,Car,No,No,High
ACC12230,40,21,67.4,24.8,7.6,1,3.8,8,0.21,37.6,19,Sunday,Clear,Dry,Urban Road,Roundabout,Daylight,Signal,Urban,SUV,No,No,Low
ACC12231,31,13,34.4,11.8,8.38,4,9.4,6,9.74,32.7,17,Friday,Rain,Dry,Highway,Roundabout,Street Lights,Signal,Urban,SUV,No,No,Low
ACC12232,52,43,50.5,59.5,10.16,3,8.4,10,1.44,20.8,20,Saturday,Clear,Dry,Residential,Intersection,Poor,Signal,Urban,Car,Yes,No,High
ACC12233,36,20,39.4,45.7,11.17,2,8.4,10,7.55,36.7,5,Sunday,Fog,Dry,Urban Road,T-Junction,Poor,Stop Sign,Urban,Motorcycle,Yes,No,High
ACC12234,43,28,73.3,22.7,5.76,5,3.9,7,3.38,21.8,0,Saturday,Fog,Dry,Urban Road,T-Junction,Poor,Uncontrolled,Urban,Truck,No,No,High
ACC12235,34,22,43.2,61.1,2.21,7,10.7,4,34.86,19.1,11,Monday,Rain,Dry,Highway,Straight Road,Daylight,Uncontrolled,Urban,Bus,No,No,Medium
ACC12236,40,32,49.1,76.6,7.1,5,6.7,9,2.58,29.3,14,Wednesday,Cloudy,Dry,Residential,Roundabout,Street Lights,Signal,Urban,SUV,No,No,High
ACC12237,32,20,75.4,24.6,6.52,2,9.4,4,3.12,27.5,2,Friday,Fog,Wet,Rural Road,Roundabout,Poor,Uncontrolled,Rural,Truck,No,No,Medium
ACC12238,43,26,63.9,54.6,7.41,4,12.1,9,0.36,31.4,7,Thursday,Clear,Damaged,Residential,Straight Road,,Uncontrolled,Urban,Car,No,No,High
ACC12239,49,34,54.9,63.2,4.09,3,6.1,9,0.76,25.9,19,Thursday,Clear,Wet,Urban Road,Intersection,,Signal,Suburban,Motorcycle,Yes,Yes,High
ACC12240,37,21,58.5,71.8,6.99,3,10.7,6,0.5,20.3,21,Thursday,Clear,Dry,Residential,Roundabout,Poor,Signal,Urban,SUV,No,No,Medium
ACC12241,51,35,45.0,19.6,6.08,4,7.6,8,40.89,25.6,21,Wednesday,Rain,Wet,Urban Road,Intersection,Daylight,Uncontrolled,Urban,Truck,Yes,No,Medium
ACC12242,33,23,85.8,32.8,5.42,2,8.8,7,0.44,26.3,4,Friday,Clear,Damaged,Urban Road,T-Junction,Daylight,Uncontrolled,Urban,SUV,No,No,High
ACC12243,50,43,39.3,54.1,3.73,5,9.7,7,9.22,26.3,19,Saturday,Cloudy,Dry,Residential,Crossroad,Daylight,Stop Sign,Rural,Truck,Yes,No,High
ACC12244,44,29,65.3,,6.89,5,6.7,5,20.15,29.2,6,Tuesday,Storm,Dry,Residential,Straight Road,Street Lights,Signal,Urban,Car,Yes,No,High
ACC12245,33,10,68.8,,10.88,1,9.2,10,1.27,24.0,23,Tuesday,Fog,Dry,Urban Road,Roundabout,Daylight,Uncontrolled,Suburban,SUV,Yes,No,High
ACC12246,44,19,87.4,77.2,7.09,5,8.7,6,6.06,23.9,11,Friday,Cloudy,Dry,Urban Road,Straight Road,Daylight,Stop Sign,Suburban,SUV,No,No,High
ACC12247,43,22,54.9,47.7,3.28,3,8.0,7,0.81,29.5,13,Wednesday,Clear,Wet,Urban Road,T-Junction,Street Lights,Uncontrolled,Urban,Car,Yes,Yes,High
ACC12248,46,37,39.1,49.3,12.0,1,8.2,7,50.34,14.4,17,Friday,Rain,Damaged,Urban Road,T-Junction,,Traffic Police,Rural,Car,No,No,Low
ACC12249,18,0,64.4,50.6,3.55,3,7.8,6,0.46,30.3,22,Tuesday,Cloudy,Dry,Urban Road,T-Junction,Street Lights,Traffic Police,Urban,Motorcycle,No,No,Medium
ACC12250,23,13,41.9,27.9,7.72,4,5.7,4,0.7,23.9,5,Friday,Clear,Wet,Residential,T-Junction,Daylight,Uncontrolled,Urban,Bus,Yes,No,High
ACC12251,32,15,45.0,50.6,6.42,2,10.2,6,0.05,32.7,9,Thursday,Clear,Damaged,Rural Road,Crossroad,Street Lights,Signal,Urban,Car,No,No,Low
ACC12252,38,23,34.0,100.0,6.4,1,6.6,8,2.33,31.4,5,Sunday,Fog,Damaged,Rural Road,Intersection,Daylight,Uncontrolled,Urban,Car,No,No,High
ACC12253,42,29,43.4,5.0,6.59,3,9.8,3,8.03,15.3,1,Saturday,Rain,Dry,Rural Road,Intersection,Daylight,Signal,Urban,Motorcycle,No,No,Medium
ACC12254,31,13,53.9,58.4,9.38,5,4.5,6,10.99,26.2,0,Friday,Rain,Damaged,Highway,Crossroad,Daylight,Uncontrolled,Suburban,Car,Yes,No,High
ACC12255,44,22,38.9,100.0,7.73,3,9.6,5,1.6,21.0,4,Saturday,Fog,Dry,Rural Road,Intersection,Street Lights,Signal,Urban,Car,No,No,High
ACC12256,18,6,48.0,99.5,10.15,4,4.6,6,3.07,25.8,8,Monday,Cloudy,Dry,Highway,T-Junction,Daylight,Stop Sign,Suburban,Truck,No,Yes,High
ACC12257,20,5,70.2,79.3,12.0,3,10.9,8,1.54,34.0,15,Friday,Cloudy,Dry,Urban Road,Intersection,Daylight,Signal,Urban,SUV,No,No,Medium
ACC12258,30,16,62.9,59.2,9.75,3,6.8,6,1.32,30.2,22,Tuesday,Clear,Dry,Highway,Straight Road,Daylight,Uncontrolled,Rural,Motorcycle,No,No,High
ACC12259,58,48,72.8,79.5,9.6,2,10.3,8,0.71,11.8,6,Sunday,Clear,Wet,Highway,Intersection,Daylight,Signal,Urban,Truck,Yes,No,High
ACC12260,45,32,71.3,65.8,7.22,6,10.0,3,0.09,32.9,19,Tuesday,Clear,Dry,Rural Road,Straight Road,Poor,Signal,Suburban,Truck,No,No,High
ACC12261,31,26,61.1,98.5,10.1,2,7.6,11,10.04,26.4,16,Sunday,Rain,Dry,Residential,Roundabout,Poor,Uncontrolled,Suburban,Motorcycle,No,No,High
ACC12262,54,39,52.4,75.3,8.57,3,11.0,4,1.67,19.3,16,Saturday,Cloudy,Dry,Highway,Straight Road,Daylight,Uncontrolled,Urban,Car,Yes,No,High
ACC12263,24,5,57.5,40.1,6.58,2,6.2,7,0.1,32.5,3,Tuesday,Fog,Wet,Rural Road,Straight Road,Daylight,Signal,Urban,Car,No,No,High
ACC12264,27,15,44.9,100.0,8.02,4,6.9,6,0.17,25.8,23,Thursday,Clear,Dry,Urban Road,T-Junction,Daylight,Signal,Urban,Car,No,No,High
ACC12265,38,18,38.5,52.5,6.82,1,3.9,5,1.04,29.8,5,Tuesday,Cloudy,Wet,Rural Road,T-Junction,Street Lights,Signal,Urban,SUV,No,No,Low
ACC12266,36,16,73.3,32.4,9.75,1,6.4,9,2.65,22.1,8,Monday,Cloudy,Dry,Highway,T-Junction,Daylight,Uncontrolled,Urban,Bus,No,No,Medium
ACC12267,40,15,71.4,66.6,4.42,1,9.3,6,0.08,21.1,7,Friday,Cloudy,Dry,Urban Road,Straight Road,Daylight,Traffic Police,Suburban,Motorcycle,No,No,High
ACC12268,31,15,64.4,78.5,7.81,2,8.4,6,35.81,29.3,23,Wednesday,Rain,Dry,Highway,Crossroad,Daylight,Uncontrolled,Urban,SUV,No,No,High
ACC12269,43,30,54.4,56.0,9.99,3,8.8,4,0.32,32.4,8,Tuesday,Clear,Dry,Highway,T-Junction,Daylight,Signal,Urban,SUV,No,No,Medium
ACC12270,36,18,62.4,62.0,10.94,1,8.7,8,0.79,32.3,8,Friday,Cloudy,Dry,Urban Road,T-Junction,,Signal,Urban,SUV,No,No,High
ACC12271,49,31,74.3,98.3,7.33,4,9.2,5,0.64,20.6,7,Thursday,Clear,Dry,Residential,Straight Road,Daylight,Traffic Police,Rural,Car,Yes,No,High
ACC12272,44,19,35.9,53.3,9.86,3,8.5,6,0.11,27.7,9,Friday,Clear,Damaged,Urban Road,Roundabout,Daylight,Signal,Urban,Truck,No,No,Low
ACC12273,28,9,55.1,76.6,10.79,1,9.0,3,6.94,30.2,8,Tuesday,Cloudy,Wet,Residential,Roundabout,Daylight,Stop Sign,Urban,Truck,No,No,Low
ACC12274,22,11,79.8,86.5,7.6,7,5.5,8,9.09,12.6,8,Tuesday,Rain,Dry,Rural Road,Intersection,Poor,Signal,Urban,Truck,Yes,No,High
ACC12275,47,38,60.5,39.9,11.49,3,6.6,6,19.02,39.0,4,Saturday,Storm,,Urban Road,Roundabout,Daylight,Uncontrolled,Urban,Car,No,No,Medium
ACC12276,23,2,71.9,57.2,7.09,4,6.8,8,2.28,35.7,9,Sunday,Cloudy,Damaged,Highway,T-Junction,Daylight,Uncontrolled,Suburban,Truck,No,No,Medium
ACC12277,47,38,88.4,93.5,4.71,1,8.8,10,11.51,29.3,15,Tuesday,Rain,Dry,Rural Road,Crossroad,Poor,Signal,Suburban,Motorcycle,No,No,High
ACC12278,32,14,80.0,84.9,6.12,5,10.0,4,1.65,28.1,0,Monday,Cloudy,Dry,Highway,Intersection,Poor,Uncontrolled,Suburban,Bus,No,No,High
ACC12279,42,34,35.7,44.9,7.66,4,8.0,5,12.02,27.8,16,Friday,Cloudy,Wet,Rural Road,Crossroad,Daylight,Stop Sign,Suburban,Bus,No,No,Low
ACC12280,28,9,78.3,51.6,9.96,4,7.0,3,0.22,19.0,22,Saturday,Clear,,Highway,Crossroad,Street Lights,Signal,Rural,Car,No,No,Low
ACC12281,40,19,65.0,5.0,4.54,2,7.4,3,0.51,23.8,6,Sunday,Clear,Dry,Highway,T-Junction,Daylight,Signal,Urban,Car,No,No,Medium
ACC12282,48,23,77.6,84.3,8.06,5,8.9,6,0.43,37.8,9,Wednesday,Clear,Dry,Residential,Straight Road,Street Lights,Stop Sign,Urban,Truck,No,No,High
ACC12283,30,6,20.0,71.1,11.78,5,8.7,8,1.18,33.2,17,Monday,Cloudy,Dry,Urban Road,Straight Road,Poor,Signal,Urban,Motorcycle,No,No,Medium
ACC12284,25,6,70.9,15.9,7.14,4,12.1,10,0.13,38.1,12,Wednesday,Clear,Wet,Highway,Straight Road,Daylight,Uncontrolled,Urban,Motorcycle,No,No,Low
ACC12285,26,15,64.2,,9.15,2,10.6,12,0.24,29.8,19,Tuesday,Clear,Dry,Urban Road,Roundabout,Daylight,Signal,Urban,Bus,No,No,Medium
ACC12286,18,12,65.8,62.4,8.05,3,5.0,7,0.43,30.9,3,Wednesday,Clear,Dry,Rural Road,Straight Road,Daylight,Signal,Urban,SUV,No,No,High
ACC12287,26,10,38.1,73.7,8.05,4,6.9,7,27.09,20.0,11,Wednesday,Storm,Dry,Rural Road,T-Junction,Street Lights,Signal,Urban,Car,No,Yes,High
ACC12288,49,29,63.1,71.9,5.45,6,7.5,10,0.29,24.0,16,Monday,Clear,Dry,Urban Road,Roundabout,Street Lights,Signal,Urban,Motorcycle,No,No,High
ACC12289,18,13,69.6,53.7,5.06,4,11.2,11,4.28,30.2,22,Monday,Cloudy,Damaged,Urban Road,Straight Road,Street Lights,Stop Sign,Rural,Bus,No,No,High
ACC12290,29,14,86.1,25.9,8.27,4,8.4,9,0.24,29.3,0,Friday,Clear,Wet,Urban Road,Crossroad,Daylight,Signal,Rural,SUV,No,No,Medium
ACC12291,37,14,66.9,44.2,9.36,4,10.8,4,2.66,23.2,15,Wednesday,Cloudy,Wet,Highway,T-Junction,Daylight,Uncontrolled,Urban,Car,No,Yes,High
ACC12292,36,18,68.7,45.1,9.27,5,10.0,6,0.43,17.3,20,Monday,Clear,Dry,Highway,T-Junction,Street Lights,Traffic Police,Rural,Car,No,No,Low
ACC12293,26,7,58.2,14.5,9.67,1,8.5,6,1.91,32.3,13,Friday,Clear,Dry,Residential,Intersection,Daylight,Uncontrolled,Rural,Car,No,No,Low
ACC12294,49,35,34.3,59.1,9.21,3,6.7,2,0.22,12.7,13,Wednesday,Cloudy,Dry,Highway,T-Junction,Daylight,Signal,Rural,SUV,Yes,No,Medium
ACC12295,43,19,71.4,74.8,7.54,2,11.3,5,0.0,31.0,19,Sunday,Clear,Dry,Urban Road,Crossroad,Daylight,Traffic Police,Urban,Motorcycle,No,No,High
ACC12296,24,12,58.8,36.8,6.31,2,4.7,5,0.87,37.1,13,Wednesday,Clear,Icy,Residential,T-Junction,Street Lights,Signal,Suburban,Motorcycle,No,Yes,Medium
ACC12297,33,20,82.9,65.3,10.27,3,7.7,3,0.48,27.8,6,Saturday,Clear,Dry,Highway,Intersection,Street Lights,Stop Sign,Urban,Car,No,Yes,High
ACC12298,28,13,45.3,72.1,6.34,3,6.6,4,0.74,25.1,0,Tuesday,Clear,Dry,Highway,T-Junction,Street Lights,Signal,Suburban,Car,No,Yes,Medium
ACC12299,40,23,68.8,72.8,8.03,2,6.4,10,0.15,35.7,9,Sunday,Clear,Dry,Urban Road,T-Junction,Daylight,Signal,Suburban,Truck,Yes,No,High
ACC12300,51,35,54.9,38.7,3.1,5,9.4,3,1.25,36.8,15,Monday,Clear,Wet,Highway,Intersection,Poor,Uncontrolled,Suburban,Motorcycle,No,No,Medium
ACC12301,41,20,82.0,100.0,11.77,2,9.2,7,27.31,26.1,20,Thursday,Rain,Dry,Residential,T-Junction,Street Lights,Signal,Urban,Motorcycle,Yes,No,High
ACC12302,53,31,47.0,58.8,6.89,4,7.7,9,2.78,31.2,17,Sunday,Cloudy,Dry,Highway,Roundabout,Daylight,Stop Sign,Rural,Car,No,No,Medium
ACC12303,34,26,61.1,28.5,,2,9.9,13,2.32,20.6,21,Saturday,Cloudy,Dry,Urban Road,T-Junction,Daylight,Signal,Urban,Car,No,No,Medium
ACC12304,18,1,55.0,47.8,11.41,2,10.8,7,0.12,24.0,11,Monday,Clear,Damaged,Highway,Straight Road,Daylight,Uncontrolled,Urban,Bus,No,No,Medium
ACC12305,27,2,79.6,21.6,7.89,3,11.9,7,1.99,33.5,6,Saturday,Fog,Dry,Residential,Straight Road,Poor,Uncontrolled,Urban,Car,Yes,No,High
ACC12306,43,26,66.5,47.6,7.88,1,4.4,5,0.28,18.3,20,Tuesday,Clear,Damaged,Urban Road,Roundabout,Daylight,Signal,Rural,SUV,Yes,No,High
ACC12307,34,15,25.4,87.8,12.0,1,11.9,4,0.64,26.9,23,Saturday,Clear,Wet,Highway,T-Junction,Daylight,Uncontrolled,Rural,Car,Yes,No,Low
ACC12308,36,14,40.6,70.5,6.89,3,10.7,8,5.43,8.0,9,Saturday,Cloudy,Dry,Residential,Crossroad,Daylight,Uncontrolled,Suburban,Car,Yes,No,High
ACC12309,30,8,20.0,96.2,11.54,6,8.7,9,0.46,26.1,9,Friday,Clear,Wet,Urban Road,T-Junction,Street Lights,Stop Sign,Urban,Motorcycle,No,No,Low
ACC12310,29,24,70.2,62.2,4.82,4,5.0,5,0.37,21.2,8,Sunday,,Dry,Rural Road,Straight Road,Daylight,Stop Sign,Urban,SUV,No,No,Medium
ACC12311,48,38,20.0,87.7,9.09,3,10.8,5,3.55,35.2,5,Monday,Cloudy,Damaged,Highway,Intersection,Daylight,Stop Sign,Urban,Car,No,No,Medium
ACC12312,56,34,68.1,26.7,8.77,4,9.7,8,12.28,21.4,12,Sunday,Fog,Dry,Rural Road,Roundabout,Daylight,Signal,Urban,Truck,No,No,High
ACC12313,30,12,52.7,30.6,,3,10.7,4,2.83,28.4,0,Wednesday,Cloudy,Dry,Highway,Intersection,Daylight,Uncontrolled,Urban,Motorcycle,No,Yes,Medium
ACC12314,28,10,80.0,67.7,5.53,5,10.4,3,11.95,24.9,22,Thursday,Rain,Dry,Urban Road,Crossroad,Daylight,Stop Sign,Urban,Car,No,No,High
ACC12315,44,22,41.3,78.9,4.02,6,7.3,8,21.7,39.7,16,Friday,Storm,Dry,Rural Road,T-Junction,Daylight,Signal,Urban,Car,Yes,Yes,High
ACC12316,52,31,49.1,77.1,12.0,5,11.1,5,0.4,26.7,17,Sunday,Clear,Icy,Urban Road,Crossroad,Street Lights,Uncontrolled,Rural,SUV,No,No,Medium
ACC12317,47,27,60.7,29.8,10.54,3,10.6,7,0.01,12.8,2,Monday,Clear,Dry,Highway,Intersection,Street Lights,Signal,Suburban,Car,No,No,Medium
ACC12318,56,50,38.5,94.7,7.45,4,8.6,4,0.34,26.2,10,Friday,Clear,Wet,Urban Road,T-Junction,Street Lights,Signal,Suburban,Truck,No,No,Medium
ACC12319,48,27,57.0,5.4,9.32,2,7.7,10,0.84,30.7,22,Sunday,Clear,Dry,Urban Road,Crossroad,Daylight,Signal,Urban,SUV,No,Yes,Low
ACC12320,44,35,40.6,97.3,6.47,4,7.8,7,0.22,24.7,16,Wednesday,Clear,Damaged,Residential,Straight Road,Street Lights,Signal,Urban,Car,No,No,High
ACC12321,49,43,68.4,26.1,8.22,4,12.4,7,5.49,22.5,14,Saturday,Fog,Dry,Highway,Straight Road,Daylight,Signal,Urban,Car,No,No,Low
ACC12322,40,25,70.7,96.1,6.01,3,10.4,5,5.78,23.6,5,Thursday,Rain,Dry,Residential,Roundabout,Daylight,Traffic Police,Urban,Car,No,Yes,High
ACC12323,37,13,76.0,42.7,7.64,2,7.6,8,4.07,25.5,3,Sunday,Cloudy,Dry,Urban Road,Straight Road,Poor,Signal,Suburban,Car,No,No,High
ACC12324,42,19,39.3,61.8,4.95,2,8.3,5,0.5,34.9,19,Sunday,Clear,Wet,Highway,Straight Road,Street Lights,Uncontrolled,Urban,Car,No,No,Medium
ACC12325,41,16,74.0,55.7,12.0,3,8.0,8,10.05,24.9,2,Wednesday,Rain,Dry,Urban Road,Intersection,Street Lights,Signal,Rural,Truck,No,No,Medium
ACC12326,28,18,30.8,,7.67,1,7.6,5,3.21,31.2,6,Thursday,,Dry,Rural Road,Straight Road,Poor,Stop Sign,Rural,Truck,No,No,Medium
ACC12327,41,22,35.3,60.1,6.32,2,7.0,3,16.46,16.8,4,Friday,Rain,Dry,Rural Road,Straight Road,Poor,Traffic Police,Urban,Truck,Yes,Yes,High
ACC12328,37,31,63.1,28.8,5.62,2,6.2,8,0.31,31.4,13,Saturday,Clear,Wet,Urban Road,Intersection,Street Lights,Signal,Urban,SUV,No,No,High
ACC12329,41,20,34.2,43.1,12.0,5,7.0,5,2.56,24.0,23,Saturday,Cloudy,Dry,Residential,Straight Road,Street Lights,Uncontrolled,Rural,Car,No,No,Low
ACC12330,36,21,78.8,100.0,8.02,3,8.6,11,0.34,32.6,23,Monday,Clear,Dry,Urban Road,Straight Road,Street Lights,Traffic Police,Suburban,Car,No,Yes,High
ACC12331,40,15,73.1,62.1,11.56,1,10.0,8,0.05,29.6,13,Thursday,Clear,Dry,Highway,Roundabout,Daylight,Stop Sign,Suburban,Car,No,No,Medium
ACC12332,39,29,98.5,48.3,8.54,4,7.1,7,0.12,15.6,0,Wednesday,Clear,Damaged,Residential,Straight Road,Daylight,Signal,Suburban,Car,No,No,High
ACC12333,23,2,50.2,77.1,9.57,4,7.4,4,0.57,18.9,15,Thursday,Cloudy,Damaged,Residential,Straight Road,Street Lights,Uncontrolled,Urban,Car,Yes,No,High
ACC12334,27,19,67.3,71.6,,2,6.6,7,14.53,30.3,4,Sunday,Rain,Dry,Residential,Roundabout,Daylight,Uncontrolled,Urban,Motorcycle,No,No,High
ACC12335,19,8,59.8,32.7,5.02,4,5.8,2,0.25,19.9,14,Friday,Clear,Dry,Urban Road,Intersection,Daylight,Signal,Urban,Bus,No,No,Medium
ACC12336,51,40,56.2,31.2,11.28,2,8.2,8,1.75,32.2,19,Saturday,Clear,Dry,Urban Road,Straight Road,Daylight,Stop Sign,Urban,SUV,Yes,Yes,High
ACC12337,35,18,84.3,88.7,8.75,4,11.7,14,2.66,24.0,21,Friday,Cloudy,Dry,Urban Road,Crossroad,Daylight,Signal,Urban,Car,No,No,High
ACC12338,39,27,52.8,64.5,6.53,2,3.6,7,0.36,24.1,6,Friday,Clear,Dry,Highway,Intersection,Poor,Signal,Urban,Bus,No,No,High
ACC12339,35,21,59.0,100.0,7.98,4,9.3,1,0.32,27.2,4,Sunday,Clear,Wet,Rural Road,Intersection,Street Lights,Uncontrolled,Rural,Bus,No,No,High
ACC12340,24,9,68.1,11.5,8.94,2,6.9,4,0.23,32.5,4,Monday,Clear,Dry,Urban Road,Straight Road,Daylight,Signal,Suburban,Car,No,No,Low
ACC12341,33,27,75.4,88.3,7.0,4,8.8,8,30.87,15.9,8,Friday,Rain,Damaged,Rural Road,Roundabout,Poor,Signal,Urban,Car,Yes,No,High
ACC12342,35,17,46.2,70.1,5.96,5,6.5,11,1.39,42.3,7,Monday,Clear,Dry,Urban Road,Intersection,Poor,Stop Sign,Urban,SUV,Yes,No,High
ACC12343,18,0,76.7,33.1,5.38,3,11.3,6,0.42,29.7,7,Sunday,Clear,Wet,Urban Road,Roundabout,Daylight,Signal,Suburban,Truck,No,No,Medium
ACC12344,41,17,70.6,69.1,7.35,3,9.1,15,0.66,38.5,15,Sunday,Clear,Dry,Rural Road,Crossroad,Poor,Signal,Urban,SUV,Yes,No,High
ACC12345,39,31,59.3,26.0,10.68,2,6.4,3,1.71,30.7,4,Tuesday,Fog,Dry,Highway,Roundabout,Daylight,Stop Sign,Suburban,Motorcycle,No,No,Low
ACC12346,31,25,51.3,69.1,6.49,4,11.3,1,36.69,28.2,16,Thursday,Rain,Dry,Rural Road,T-Junction,Daylight,Signal,Rural,Car,No,No,Medium
ACC12347,51,43,83.3,83.8,6.59,2,7.0,5,8.59,22.1,7,Saturday,Rain,Dry,Urban Road,Roundabout,Daylight,Signal,Urban,Car,Yes,No,High
ACC12348,39,26,82.7,53.5,7.27,4,8.4,8,1.63,31.8,17,Saturday,Clear,Dry,Rural Road,Intersection,Street Lights,Signal,Urban,SUV,Yes,No,High
ACC12349,45,36,41.0,50.2,7.12,2,8.0,6,2.03,32.4,13,Wednesday,Cloudy,Wet,Urban Road,Roundabout,Daylight,Stop Sign,Suburban,Car,No,No,Low
ACC12350,39,30,33.4,36.8,8.67,3,10.6,3,0.01,23.2,11,Saturday,Clear,Damaged,Urban Road,Roundabout,Street Lights,Uncontrolled,Urban,Car,No,No,Low
ACC12351,39,17,58.6,83.3,7.69,3,8.5,5,4.6,20.4,18,Monday,Cloudy,Dry,Rural Road,T-Junction,Street Lights,Uncontrolled,Urban,Motorcycle,No,Yes,High
ACC12352,18,7,37.0,62.2,6.67,4,12.7,7,1.09,27.3,18,Saturday,Fog,Dry,Residential,T-Junction,Daylight,Signal,Urban,Car,No,Yes,High
ACC12353,29,16,45.6,48.7,8.39,2,10.4,7,5.59,23.6,18,Monday,Cloudy,Dry,Urban Road,Straight Road,Daylight,Stop Sign,Rural,Car,No,No,Low
ACC12354,34,15,37.1,92.3,10.22,3,6.3,8,8.89,26.6,11,Saturday,Fog,,Urban Road,Intersection,Daylight,Uncontrolled,Urban,Truck,Yes,No,High
ACC12355,23,11,75.7,87.1,9.67,4,14.0,3,25.88,28.5,4,Wednesday,Rain,Dry,Highway,Straight Road,Daylight,Signal,Rural,Car,No,No,Medium
ACC12356,32,16,44.6,57.9,7.12,1,8.0,7,0.93,24.4,13,Thursday,Clear,Wet,Urban Road,T-Junction,Street Lights,Traffic Police,Urban,Motorcycle,No,No,Medium
ACC12357,45,30,51.3,59.9,9.48,5,7.6,10,1.85,25.4,7,Friday,Fog,Icy,Rural Road,Roundabout,Street Lights,Traffic Police,Urban,Car,No,No,High
ACC12358,35,25,70.6,83.3,8.02,3,9.0,5,0.29,25.7,16,Thursday,Clear,Damaged,Rural Road,T-Junction,Street Lights,Signal,Suburban,Motorcycle,No,Yes,High
ACC12359,21,2,78.9,57.8,6.8,4,7.0,7,9.49,35.2,11,Monday,Cloudy,Dry,Urban Road,Crossroad,Daylight,Signal,Urban,Car,Yes,No,High
ACC12360,40,18,49.8,23.8,3.48,4,12.4,6,0.06,29.0,23,Sunday,Clear,Damaged,Highway,Roundabout,Street Lights,Signal,Urban,Car,No,No,High
ACC12361,18,0,72.4,62.3,8.76,6,10.3,7,0.74,24.1,10,Friday,Clear,Wet,Rural Road,Straight Road,Street Lights,Signal,Urban,Truck,No,No,High
ACC12362,42,29,75.9,74.5,7.66,6,10.5,11,0.81,26.6,5,Tuesday,Clear,Dry,Urban Road,Roundabout,Poor,Traffic Police,Urban,Car,No,No,High
ACC12363,29,5,39.5,87.7,10.0,2,9.0,4,0.11,20.4,14,Wednesday,Clear,Dry,Highway,Crossroad,Street Lights,Traffic Police,Urban,Car,Yes,No,High
ACC12364,56,33,77.0,,12.0,3,9.1,3,1.65,24.6,0,Thursday,Cloudy,Wet,Urban Road,T-Junction,Street Lights,Signal,Suburban,Motorcycle,Yes,No,High
ACC12365,19,9,69.4,100.0,5.98,5,11.2,8,0.28,23.6,7,Friday,Cloudy,Dry,Highway,Intersection,Daylight,Stop Sign,Suburban,Car,Yes,No,High
ACC12366,35,28,37.8,50.5,4.69,3,6.2,7,0.26,25.0,5,Wednesday,Clear,Dry,Urban Road,Intersection,Street Lights,Stop Sign,Rural,Car,No,No,Low
ACC12367,23,0,62.6,58.8,5.21,6,9.1,4,0.11,31.8,15,Thursday,Clear,Dry,Rural Road,Intersection,Poor,Signal,Suburban,Truck,Yes,Yes,High
ACC12368,31,11,37.3,17.3,,6,9.2,5,1.76,14.6,14,Monday,Cloudy,Dry,Highway,T-Junction,Daylight,Stop Sign,Suburban,Truck,No,No,Low
ACC12369,59,48,47.4,41.3,7.17,4,8.7,4,0.13,23.8,16,Monday,Clear,Dry,Urban Road,Intersection,Daylight,Traffic Police,Suburban,Truck,Yes,No,Medium
ACC12370,31,20,52.4,17.1,8.36,1,13.7,8,13.57,34.7,0,Sunday,Rain,Damaged,Rural Road,Crossroad,Daylight,Signal,Rural,Motorcycle,No,No,Low
ACC12371,22,11,74.6,94.0,7.57,4,8.0,6,7.93,22.5,19,Monday,Rain,Wet,Urban Road,T-Junction,Street Lights,Signal,Urban,Motorcycle,No,No,High
ACC12372,42,20,62.5,57.9,10.28,4,7.2,8,29.46,29.4,9,Tuesday,Rain,Wet,Highway,Intersection,Daylight,Signal,Urban,Bus,Yes,No,High
ACC12373,31,21,64.8,62.0,8.07,4,11.5,10,16.76,23.1,18,Saturday,Rain,Dry,Highway,Straight Road,Daylight,Signal,Suburban,Car,No,No,Low
ACC12374,31,13,47.6,76.9,5.26,3,12.6,4,1.08,26.9,2,Monday,Clear,Wet,Urban Road,T-Junction,Poor,Signal,Urban,Car,No,No,High
ACC12375,31,9,54.7,58.5,5.98,4,9.7,5,12.6,31.9,15,Monday,Rain,Dry,Residential,T-Junction,Street Lights,Signal,Rural,Truck,No,No,Medium
ACC12376,31,18,31.6,61.8,10.26,1,9.3,3,0.47,28.5,10,Saturday,Clear,Dry,Rural Road,Roundabout,Daylight,Stop Sign,Urban,Motorcycle,No,No,Low
ACC12377,48,42,66.5,49.5,6.61,2,12.9,11,1.89,22.2,6,Monday,Clear,Dry,Urban Road,Intersection,Daylight,Uncontrolled,Urban,Truck,No,Yes,Medium
ACC12378,18,0,63.1,65.2,9.54,2,10.4,5,24.87,12.2,9,Friday,Rain,Dry,Rural Road,Straight Road,Daylight,Signal,Suburban,Car,Yes,No,High
ACC12379,36,31,74.1,88.6,8.22,4,7.1,6,0.44,15.3,18,Sunday,Clear,Dry,Highway,Crossroad,Daylight,Signal,Urban,Car,No,No,Medium
ACC12380,38,16,71.6,100.0,10.15,1,8.3,6,10.95,25.1,11,Wednesday,Rain,,Residential,T-Junction,Daylight,Uncontrolled,Rural,SUV,No,No,Medium
ACC12381,37,25,20.7,41.3,11.5,3,9.5,4,5.47,33.9,0,Tuesday,Rain,Dry,Urban Road,Crossroad,Daylight,Uncontrolled,Rural,Motorcycle,Yes,No,Medium
ACC12382,23,2,45.6,83.1,6.16,3,4.1,5,7.57,29.6,1,Thursday,Fog,Dry,Highway,Crossroad,Street Lights,Signal,Suburban,Motorcycle,No,No,High
ACC12383,24,8,97.5,26.2,10.83,4,14.8,9,3.3,29.5,6,Saturday,Fog,Icy,Highway,Crossroad,Street Lights,Signal,Urban,Car,Yes,No,High
ACC12384,31,19,60.0,26.2,5.54,4,7.8,7,1.66,23.1,14,Sunday,Clear,Dry,Highway,Roundabout,Daylight,Uncontrolled,Urban,Car,Yes,No,High
ACC12385,24,1,84.5,46.8,10.14,4,7.1,8,0.46,21.5,13,Sunday,Clear,Wet,Highway,Crossroad,Daylight,Signal,Urban,Car,Yes,Yes,High
ACC12386,38,18,58.2,45.3,6.84,5,8.9,5,2.5,27.9,15,Saturday,Cloudy,Dry,Urban Road,Intersection,Street Lights,Signal,Rural,Motorcycle,No,No,Medium
ACC12387,48,41,52.0,48.3,2.62,3,4.0,4,0.1,28.7,4,Saturday,Clear,Dry,Rural Road,Intersection,Daylight,Signal,Urban,SUV,No,No,Medium
ACC12388,36,12,38.1,49.7,12.0,3,9.6,8,2.54,35.9,9,Tuesday,Cloudy,Icy,Highway,Straight Road,Daylight,Signal,Urban,SUV,No,No,Medium
ACC12389,32,18,61.5,71.2,7.73,1,12.5,3,12.21,22.4,7,Wednesday,Rain,Dry,Residential,Straight Road,Street Lights,Signal,Urban,Truck,No,No,High
ACC12390,18,10,49.1,90.6,9.87,5,10.9,6,22.3,24.7,21,Sunday,Rain,Dry,Urban Road,Crossroad,Street Lights,Signal,Urban,SUV,No,No,Medium
ACC12391,38,18,71.7,100.0,7.38,5,9.2,6,0.33,28.9,13,Monday,Clear,Wet,Rural Road,Crossroad,Daylight,Uncontrolled,Rural,Motorcycle,Yes,No,High
ACC12392,26,11,79.1,75.3,10.16,2,5.8,3,0.09,17.6,6,Saturday,Clear,Dry,Residential,Roundabout,Street Lights,Uncontrolled,Urban,Car,No,No,Medium
ACC12393,31,13,41.6,88.5,6.16,2,6.0,8,0.82,31.5,23,Monday,Clear,Wet,Rural Road,Crossroad,Street Lights,Traffic Police,Urban,Car,No,No,High
ACC12394,27,8,43.4,37.4,6.83,5,7.2,3,0.13,27.5,7,Thursday,Clear,Dry,Residential,Crossroad,Poor,Signal,Suburban,Truck,No,No,High
ACC12395,33,24,58.0,77.5,9.52,1,9.0,6,1.78,23.3,17,Saturday,Fog,Dry,Rural Road,Crossroad,Daylight,Signal,Rural,Car,No,No,High
ACC12396,37,13,49.8,44.1,7.73,4,9.3,4,1.49,23.6,11,Sunday,Clear,Dry,Highway,T-Junction,Street Lights,Uncontrolled,Rural,Motorcycle,Yes,Yes,Medium
ACC12397,39,32,56.3,85.9,5.62,2,6.9,5,0.03,24.5,5,Tuesday,Clear,Dry,Highway,T-Junction,Daylight,Stop Sign,Suburban,Bus,No,No,Medium
ACC12398,47,30,59.8,68.0,9.09,2,6.0,4,0.87,32.9,22,Tuesday,Clear,Damaged,Urban Road,Roundabout,Street Lights,Signal,Urban,Car,No,No,High
ACC12399,33,25,86.5,65.1,8.88,2,4.2,4,2.62,20.1,1,Sunday,Cloudy,Wet,Highway,Roundabout,Street Lights,Signal,Urban,Car,No,No,High
ACC12400,33,10,70.1,41.2,7.61,2,5.8,7,0.44,24.5,2,Sunday,Cloudy,Dry,Urban Road,Intersection,Daylight,Signal,Rural,Car,No,No,High
ACC12401,49,41,83.7,,6.39,2,11.7,5,0.0,30.6,16,Thursday,Clear,Dry,Rural Road,Roundabout,Street Lights,Signal,Rural,Motorcycle,Yes,No,Medium
ACC12402,45,31,41.3,21.9,7.74,3,10.2,5,0.2,24.6,16,Tuesday,Clear,Wet,Highway,Intersection,Daylight,Signal,Suburban,Car,No,No,Low
ACC12403,49,42,69.5,43.5,10.07,4,11.4,7,0.73,27.6,15,Tuesday,Clear,Dry,Highway,Crossroad,Daylight,Traffic Police,Suburban,Motorcycle,No,No,Medium
ACC12404,45,31,85.2,39.9,7.12,4,6.9,7,0.16,23.8,7,Tuesday,Clear,Dry,Urban Road,Roundabout,Daylight,Signal,Rural,Car,No,No,Medium
ACC12405,62,55,57.2,39.0,3.93,4,9.9,4,14.77,22.4,5,Saturday,Rain,Dry,Residential,Roundabout,Street Lights,Traffic Police,Urban,Motorcycle,No,No,High
ACC12406,43,29,58.8,48.6,7.54,2,9.2,9,1.95,28.7,22,Thursday,Cloudy,Dry,Urban Road,Roundabout,Daylight,Uncontrolled,Urban,Car,No,No,Low
ACC12407,23,4,51.5,100.0,7.89,3,7.1,9,0.13,40.9,2,Saturday,Clear,Wet,Urban Road,Intersection,Street Lights,Signal,Suburban,SUV,No,No,High
ACC12408,43,34,63.6,95.9,8.47,4,9.3,8,1.72,32.1,15,Thursday,Clear,Icy,Urban Road,Intersection,Street Lights,Uncontrolled,Rural,Motorcycle,No,No,High
ACC12409,39,23,29.4,93.0,8.41,2,12.7,5,20.58,34.0,17,Wednesday,Storm,Dry,Residential,Straight Road,Street Lights,Uncontrolled,Suburban,Truck,Yes,No,High
ACC12410,31,17,68.6,45.5,9.61,4,10.0,7,7.28,23.5,3,Tuesday,Cloudy,Dry,Residential,Intersection,Daylight,Signal,Rural,Truck,No,No,Medium
ACC12411,30,18,57.9,58.8,7.7,4,9.3,5,3.93,23.9,19,Wednesday,Rain,Dry,Rural Road,Intersection,Street Lights,Signal,Urban,Motorcycle,Yes,No,High
ACC12412,33,15,28.9,48.2,7.6,2,11.1,1,1.57,27.1,7,Friday,Clear,Dry,Residential,T-Junction,Daylight,Stop Sign,Urban,Car,No,No,Low
ACC12413,18,0,70.8,29.3,8.64,2,6.3,5,3.73,28.2,17,Friday,Cloudy,Dry,Urban Road,Roundabout,Street Lights,Stop Sign,Urban,Motorcycle,No,No,High
ACC12414,18,0,80.7,58.0,3.73,2,9.4,4,0.4,30.1,13,Tuesday,Clear,Wet,Residential,Intersection,Street Lights,Stop Sign,Rural,Truck,No,No,Medium
ACC12415,36,12,55.4,64.2,6.94,2,7.8,6,4.42,27.8,9,Monday,Cloudy,Dry,Urban Road,Roundabout,Daylight,Stop Sign,Urban,Motorcycle,No,No,Medium
ACC12416,30,25,59.3,84.5,6.97,4,5.2,8,35.2,30.3,7,Sunday,Storm,Dry,Urban Road,Roundabout,Street Lights,Signal,Urban,Car,No,No,High
ACC12417,29,19,33.3,60.9,7.47,8,5.0,11,1.1,21.8,3,Friday,,Dry,Urban Road,T-Junction,Daylight,Stop Sign,Rural,Car,No,No,Medium
ACC12418,31,8,35.5,5.0,5.11,4,6.6,4,1.73,29.5,1,Monday,Clear,Dry,Highway,Roundabout,Daylight,Signal,Urban,Car,No,No,Low
ACC12419,18,12,62.0,37.6,8.27,3,8.1,11,0.01,28.5,18,Wednesday,Clear,Dry,Rural Road,Intersection,Daylight,Stop Sign,Rural,Car,Yes,No,Medium
ACC12420,43,31,27.9,44.8,7.31,2,6.0,11,0.19,18.5,14,Tuesday,Clear,Wet,Highway,Roundabout,Poor,Uncontrolled,Urban,SUV,No,No,High
ACC12421,32,14,45.7,18.0,4.37,3,8.5,10,0.45,26.1,8,Sunday,Clear,Dry,Residential,Straight Road,Poor,Stop Sign,Urban,Car,No,No,Medium
ACC12422,35,10,34.3,44.5,6.61,5,9.6,5,0.21,17.2,2,Wednesday,Clear,Wet,Highway,Straight Road,Street Lights,Uncontrolled,Suburban,Car,Yes,No,Medium
ACC12423,45,34,50.5,79.9,8.15,3,6.9,5,0.74,28.7,23,Saturday,Rain,Dry,Urban Road,T-Junction,Poor,Stop Sign,Rural,Truck,No,No,Medium
ACC12424,31,11,73.2,45.0,10.74,3,11.7,5,2.36,34.5,19,Wednesday,Cloudy,,Highway,Intersection,Daylight,Stop Sign,Urban,Bus,No,No,Medium
ACC12425,45,27,55.3,75.9,11.8,3,10.7,12,0.95,30.7,18,Thursday,Clear,Dry,Rural Road,T-Junction,Poor,Stop Sign,Rural,Motorcycle,No,No,Medium
ACC12426,39,22,73.9,,7.68,2,6.0,4,3.32,27.5,14,Tuesday,Fog,Dry,Rural Road,Straight Road,Daylight,Signal,Urban,Car,No,No,High
ACC12427,45,25,55.2,79.7,10.85,2,6.4,6,0.39,33.4,13,Thursday,Clear,Dry,Highway,Intersection,Street Lights,Traffic Police,Urban,Car,No,No,Low
ACC12428,46,36,73.4,,10.49,7,11.6,7,30.64,22.8,20,Wednesday,Storm,Dry,Highway,Roundabout,Street Lights,Signal,Urban,Motorcycle,No,No,High
ACC12429,41,29,48.7,69.2,9.37,2,8.2,4,0.48,37.9,5,Monday,Clear,Wet,Urban Road,Intersection,Daylight,Signal,Rural,Car,No,No,Low
ACC12430,34,18,83.1,41.2,5.87,5,9.7,7,2.12,15.6,8,Tuesday,Fog,Wet,Highway,Crossroad,Daylight,Signal,Urban,Car,No,No,High
ACC12431,40,26,48.6,89.1,9.57,6,11.4,7,3.04,22.5,1,Tuesday,Cloudy,Dry,Residential,Intersection,Daylight,Signal,Urban,Car,No,No,High
ACC12432,23,4,60.5,27.3,6.34,3,7.3,3,14.84,26.2,7,Friday,Rain,Dry,Urban Road,Roundabout,Poor,Uncontrolled,Rural,SUV,Yes,No,High
ACC12433,39,18,28.4,,10.11,2,7.2,4,43.06,28.2,22,Monday,Storm,Dry,Residential,Crossroad,Daylight,Signal,Urban,Car,No,No,High
ACC12434,44,28,73.9,58.1,7.51,6,10.4,6,0.03,29.3,23,Saturday,Clear,Dry,Highway,T-Junction,Daylight,Uncontrolled,Urban,Motorcycle,No,No,Medium
ACC12435,24,11,30.6,66.0,7.64,2,10.8,6,15.75,23.4,14,Monday,Storm,Dry,Urban Road,Intersection,Street Lights,Signal,Urban,SUV,No,No,Low
ACC12436,49,26,73.9,61.1,9.51,4,11.6,9,0.32,31.1,1,Wednesday,Clear,Damaged,Residential,T-Junction,Daylight,Signal,Suburban,Truck,Yes,No,High
ACC12437,34,14,47.2,15.5,12.0,1,10.3,4,0.28,20.3,21,Wednesday,Clear,Dry,Highway,Intersection,Daylight,Signal,Urban,Car,Yes,No,Low
ACC12438,39,21,36.6,73.5,9.16,2,7.6,5,0.34,28.5,22,Wednesday,Clear,Dry,Urban Road,Straight Road,Street Lights,Stop Sign,Rural,Car,No,No,Low
ACC12439,22,16,60.4,53.4,12.0,2,8.9,13,1.57,22.6,18,Friday,Cloudy,Dry,Urban Road,Straight Road,Daylight,Uncontrolled,Urban,SUV,No,No,Medium
ACC12440,18,2,40.9,89.9,5.87,4,7.7,3,0.59,31.1,11,Monday,Clear,Dry,Urban Road,Roundabout,Street Lights,Stop Sign,Urban,Car,No,No,Medium
ACC12441,48,41,70.4,71.8,6.76,5,8.8,5,0.79,13.6,11,Thursday,Cloudy,Wet,Rural Road,Straight Road,Daylight,Signal,Rural,Truck,No,No,High
ACC12442,33,15,50.7,79.6,7.44,3,12.1,3,0.85,32.1,23,Monday,Cloudy,Dry,Highway,Crossroad,Daylight,Traffic Police,Urban,SUV,Yes,No,High
ACC12443,46,35,56.5,53.9,6.72,1,8.2,6,9.43,26.4,4,Thursday,Rain,Dry,Residential,Crossroad,Street Lights,Signal,Rural,Car,Yes,Yes,High
ACC12444,33,13,53.2,71.4,10.11,5,10.0,5,21.21,32.5,15,Tuesday,Rain,Wet,Urban Road,Intersection,Daylight,Stop Sign,Urban,Truck,No,No,Medium
ACC12445,25,4,30.2,76.1,6.61,3,8.7,6,0.44,27.5,19,Thursday,Clear,Dry,Urban Road,T-Junction,Poor,Signal,Urban,SUV,Yes,No,High
ACC12446,54,43,63.2,83.3,6.59,6,7.4,9,0.6,41.0,21,Sunday,Clear,Wet,Urban Road,Crossroad,Poor,Signal,Urban,Truck,No,No,High
ACC12447,34,9,49.1,,4.49,5,7.3,5,1.61,32.0,21,Tuesday,Clear,Dry,Highway,Intersection,Daylight,Signal,Urban,Motorcycle,No,No,High
ACC12448,36,21,44.7,87.0,7.98,2,10.3,4,1.02,37.7,8,Saturday,Clear,Dry,Residential,T-Junction,Daylight,Signal,Urban,SUV,No,No,Medium
ACC12449,33,24,53.9,40.0,10.82,3,11.0,8,0.19,24.3,13,Saturday,Clear,Wet,Rural Road,Straight Road,Daylight,Uncontrolled,Urban,Motorcycle,No,No,Low
ACC12450,19,0,91.5,56.2,9.43,5,5.8,3,0.13,28.8,22,Sunday,Clear,Dry,Urban Road,Intersection,Daylight,Stop Sign,Urban,Truck,No,No,High
ACC12451,41,21,37.7,48.8,12.0,6,7.9,7,0.11,22.8,15,Wednesday,,Dry,Residential,T-Junction,Daylight,Uncontrolled,Urban,Motorcycle,No,No,Low
ACC12452,40,27,24.7,67.6,10.74,5,11.5,8,31.8,19.6,11,Sunday,Storm,Dry,Rural Road,Roundabout,Street Lights,Stop Sign,Urban,Car,No,No,High
ACC12453,45,27,70.9,52.8,10.84,4,9.0,3,3.59,19.0,7,Monday,Cloudy,Dry,Urban Road,Roundabout,Daylight,Stop Sign,Urban,Car,No,No,Medium
ACC12454,26,21,48.9,40.8,12.0,5,7.7,6,2.24,30.8,8,Wednesday,Clear,Wet,Rural Road,Crossroad,Daylight,Uncontrolled,Urban,Car,No,No,Low
ACC12455,18,7,46.3,45.5,9.6,3,10.3,7,1.65,29.6,5,Monday,Cloudy,Damaged,Urban Road,T-Junction,Daylight,Traffic Police,Urban,Car,No,No,Medium
ACC12456,41,18,45.5,55.1,5.07,2,8.2,6,1.97,31.2,12,Thursday,Clear,Icy,Urban Road,Roundabout,Daylight,Signal,Suburban,Car,Yes,No,High
ACC12457,49,39,75.8,52.0,9.54,3,8.0,7,0.8,28.1,1,Monday,Clear,Wet,Urban Road,Crossroad,Street Lights,Signal,Suburban,Motorcycle,No,No,Medium
ACC12458,18,0,57.8,35.6,9.31,2,4.9,5,6.38,19.5,20,Thursday,,Dry,Highway,Intersection,Daylight,Uncontrolled,Suburban,Car,No,No,Low
ACC12459,20,3,43.2,57.6,7.55,5,6.3,5,4.85,36.2,14,Monday,Cloudy,Dry,Highway,Intersection,Daylight,Traffic Police,Urban,SUV,No,No,Low
ACC12460,29,6,59.0,60.8,6.16,3,10.3,4,0.86,25.5,15,Sunday,Clear,Dry,Urban Road,T-Junction,Daylight,Traffic Police,Urban,Bus,No,Yes,High
ACC12461,19,11,64.2,42.2,9.66,2,10.1,5,15.44,32.6,11,Sunday,Storm,Dry,Urban Road,T-Junction,Poor,Stop Sign,Urban,Motorcycle,No,No,High
ACC12462,31,17,52.5,45.4,7.49,2,6.5,5,5.62,33.6,16,Sunday,Fog,Dry,Rural Road,T-Junction,Daylight,Signal,Rural,Motorcycle,No,No,Medium
ACC12463,39,28,62.6,91.5,,1,8.3,6,2.67,30.7,21,Sunday,Cloudy,Damaged,Residential,T-Junction,Poor,Signal,Urban,Car,No,No,High
ACC12464,43,20,63.9,18.1,12.0,3,8.3,6,3.15,28.9,8,Tuesday,Cloudy,Dry,Rural Road,Roundabout,Daylight,Traffic Police,Urban,Motorcycle,No,No,Low
ACC12465,41,29,20.0,60.7,11.36,3,10.2,8,3.37,28.9,18,Thursday,Cloudy,Dry,Urban Road,Roundabout,Poor,Signal,Urban,Truck,No,No,Medium
ACC12466,33,16,86.2,98.5,4.4,3,7.3,8,0.33,36.0,21,Sunday,Clear,Dry,Urban Road,Crossroad,Street Lights,Signal,Rural,Bus,No,No,High
ACC12467,49,27,64.3,51.0,,2,8.4,4,0.13,25.1,23,Wednesday,Clear,Wet,Urban Road,Roundabout,Daylight,Traffic Police,Suburban,Car,No,No,Low
ACC12468,18,8,27.5,78.6,8.72,4,10.0,4,0.49,31.9,23,Wednesday,Clear,Wet,Urban Road,Intersection,Street Lights,Signal,Urban,Truck,Yes,No,Medium
ACC12469,23,17,74.1,19.7,9.95,2,8.7,5,2.21,28.7,2,Wednesday,Cloudy,Wet,Highway,Crossroad,Street Lights,Uncontrolled,Urban,Truck,No,No,Medium
ACC12470,35,20,87.6,15.0,10.61,3,3.5,10,0.92,32.7,1,Wednesday,Cloudy,Dry,Highway,Roundabout,Daylight,Stop Sign,Rural,Motorcycle,Yes,No,Medium
ACC12471,27,8,62.7,57.5,11.2,3,11.7,7,1.17,30.4,16,Tuesday,Clear,Wet,Rural Road,T-Junction,Daylight,Signal,Urban,Car,Yes,No,Medium
ACC12472,33,14,54.8,36.8,10.34,6,9.3,9,42.57,32.3,9,Tuesday,Storm,Dry,Rural Road,Roundabout,Street Lights,Signal,Urban,Motorcycle,No,No,High
ACC12473,40,27,74.3,72.9,6.34,3,9.7,5,12.32,29.2,18,Friday,Fog,Damaged,Urban Road,Straight Road,Street Lights,Signal,Suburban,Motorcycle,No,No,High
ACC12474,29,22,53.3,66.7,9.61,8,3.0,6,13.26,16.4,2,Friday,,Dry,Urban Road,Crossroad,Street Lights,Stop Sign,Urban,Motorcycle,No,No,High
ACC12475,29,16,49.7,100.0,10.74,5,8.2,4,0.36,25.2,21,Sunday,Cloudy,Dry,Rural Road,Roundabout,Street Lights,Stop Sign,Urban,Motorcycle,No,No,Medium
ACC12476,32,25,56.2,74.8,11.13,3,12.3,7,5.55,16.4,3,Friday,Fog,Dry,Urban Road,Roundabout,Street Lights,Signal,Urban,Car,Yes,No,Medium
ACC12477,45,39,63.9,54.0,5.46,3,8.1,3,0.03,19.2,19,Saturday,Clear,Wet,Urban Road,Intersection,Street Lights,Traffic Police,Rural,Car,No,No,Low
ACC12478,42,31,61.3,70.5,10.03,2,7.9,1,15.3,30.2,10,Sunday,Rain,Dry,Highway,T-Junction,Street Lights,Signal,Urban,Car,Yes,No,Medium
ACC12479,44,23,63.1,55.4,10.34,5,8.6,5,0.51,34.7,13,Friday,Clear,Damaged,Urban Road,T-Junction,Daylight,Signal,Rural,Car,No,No,Medium
ACC12480,37,17,28.4,26.4,6.11,1,13.0,8,31.2,27.7,13,Monday,Rain,Dry,Urban Road,Intersection,Poor,Signal,Suburban,Car,No,Yes,Low
ACC12481,37,20,47.4,76.2,9.71,4,7.5,6,0.25,24.9,1,Saturday,Clear,Dry,Rural Road,Intersection,Daylight,Signal,Rural,Car,No,No,Medium
ACC12482,48,26,76.1,71.0,7.51,4,11.3,6,4.74,30.9,22,Thursday,Fog,Dry,Residential,Straight Road,Daylight,Traffic Police,Rural,Car,No,No,High
ACC12483,26,11,45.9,41.0,6.53,3,7.8,2,1.98,24.2,1,Wednesday,Fog,Dry,Urban Road,Crossroad,Street Lights,Signal,Urban,Truck,Yes,No,High
ACC12484,48,38,28.8,95.3,5.84,3,7.3,3,0.1,21.5,20,Monday,Clear,Dry,Urban Road,T-Junction,Daylight,Signal,Urban,Bus,Yes,No,High
ACC12485,37,21,94.0,41.6,7.38,2,8.4,3,4.83,30.9,16,Saturday,Cloudy,Dry,Rural Road,Intersection,Daylight,Uncontrolled,Suburban,Car,No,No,Medium
ACC12486,36,13,92.6,100.0,10.01,5,6.3,6,49.06,21.9,13,Sunday,Storm,Wet,Urban Road,Intersection,Daylight,Stop Sign,Suburban,Car,No,No,High
ACC12487,29,23,82.0,55.3,2.07,4,6.8,4,1.72,26.5,3,Tuesday,Cloudy,Dry,Highway,Crossroad,Street Lights,Signal,Urban,Bus,No,No,High
ACC12488,48,24,57.0,18.2,5.04,3,8.4,7,0.13,28.1,5,Wednesday,Fog,Damaged,Urban Road,Intersection,Poor,Uncontrolled,Rural,Truck,Yes,No,High
ACC12489,44,24,67.4,100.0,6.8,1,7.8,4,1.46,33.9,8,Thursday,Cloudy,Dry,Urban Road,Straight Road,Street Lights,Uncontrolled,Urban,Car,Yes,No,High
ACC12490,20,1,42.7,83.3,10.98,5,7.7,6,0.25,20.9,12,Thursday,Clear,Wet,Rural Road,Crossroad,Daylight,Signal,Urban,Truck,Yes,No,High
ACC12491,39,22,50.3,81.2,7.83,1,8.2,8,0.55,23.2,22,Sunday,Clear,,Rural Road,Straight Road,Daylight,Stop Sign,Suburban,Car,No,No,Low
ACC12492,27,17,42.5,5.0,11.18,3,5.5,7,0.24,38.0,17,Sunday,Clear,Dry,Urban Road,Roundabout,Daylight,Traffic Police,Urban,Motorcycle,No,No,Low
ACC12493,32,9,70.7,7.1,6.97,4,6.8,7,15.71,25.8,21,Tuesday,,Dry,Urban Road,T-Junction,Daylight,Stop Sign,Urban,SUV,No,No,Medium
ACC12494,18,0,117.5,82.7,4.16,1,9.6,3,0.41,15.2,9,Wednesday,Clear,Dry,Urban Road,Intersection,Daylight,Uncontrolled,Rural,Car,No,No,High
ACC12495,37,14,54.6,83.8,4.45,3,6.7,3,3.16,22.8,11,Friday,Cloudy,Damaged,Urban Road,Crossroad,Daylight,Traffic Police,Suburban,SUV,No,No,High
ACC12496,37,30,76.5,23.6,6.58,4,8.1,3,0.28,37.0,3,Wednesday,Cloudy,Dry,Residential,Straight Road,Daylight,Uncontrolled,Rural,Car,No,Yes,High
ACC12497,38,18,79.7,68.6,3.94,4,6.0,3,1.74,29.3,10,Wednesday,Cloudy,Dry,Rural Road,T-Junction,Daylight,Signal,Suburban,Motorcycle,Yes,Yes,High
ACC12498,31,15,64.2,56.7,8.25,5,12.8,5,0.52,32.0,7,Thursday,Fog,Damaged,Highway,T-Junction,Street Lights,Signal,Suburban,Motorcycle,Yes,No,High
ACC12499,32,11,70.5,29.2,12.0,2,9.1,4,13.98,34.8,21,Tuesday,Storm,Dry,Rural Road,Intersection,Poor,Stop Sign,Suburban,Bus,Yes,No,High
ACC12500,18,6,63.6,46.2,4.67,2,9.0,4,0.06,33.1,3,Wednesday,Clear,Wet,Rural Road,T-Junction,Poor,Signal,Urban,Car,No,No,High
ACC12501,46,22,76.1,100.0,9.99,3,7.3,2,12.44,25.7,20,Monday,Rain,Dry,Rural Road,Intersection,Street Lights,Traffic Police,Urban,Truck,No,Yes,High
ACC12502,18,7,31.1,37.1,11.65,4,5.3,5,22.45,31.2,6,Monday,Rain,,Urban Road,Roundabout,Daylight,Signal,Urban,Bus,No,No,Low
ACC12503,39,19,63.3,16.3,7.0,4,8.9,6,1.13,22.0,21,Sunday,Cloudy,Dry,Urban Road,Intersection,Street Lights,Stop Sign,Rural,Motorcycle,Yes,No,Medium
ACC12504,33,18,58.7,46.7,7.32,1,8.5,7,27.27,26.6,13,Tuesday,Storm,Dry,Rural Road,Straight Road,Daylight,Uncontrolled,Urban,Car,No,No,High
ACC12505,41,24,56.5,5.0,4.82,5,13.5,9,0.55,21.3,9,Friday,Clear,Dry,Highway,T-Junction,Street Lights,Stop Sign,Urban,Car,No,No,Medium
ACC12506,37,30,45.7,51.6,4.62,6,5.7,4,0.64,20.2,8,Saturday,Clear,Damaged,Residential,T-Junction,Street Lights,Signal,Suburban,Truck,Yes,No,High
ACC12507,24,7,84.0,18.7,8.48,4,9.3,7,4.95,26.9,20,Wednesday,Fog,Dry,Rural Road,T-Junction,Street Lights,Signal,Urban,SUV,No,No,High
ACC12508,41,25,62.1,32.0,12.0,7,6.0,8,0.12,27.5,21,Saturday,Clear,Dry,Residential,Intersection,Poor,Stop Sign,Urban,Motorcycle,No,No,Medium
ACC12509,35,16,79.0,64.0,6.59,4,10.9,6,30.46,17.1,10,Wednesday,Rain,Wet,Urban Road,Crossroad,Street Lights,Uncontrolled,Urban,Motorcycle,No,No,High
ACC12510,32,21,62.4,22.0,9.58,4,10.8,5,0.3,24.5,14,Thursday,Fog,Damaged,Residential,Intersection,Street Lights,Uncontrolled,Rural,Car,Yes,No,Medium
ACC12511,38,16,78.6,33.3,5.7,5,11.1,9,1.05,28.3,13,Wednesday,Clear,Wet,Urban Road,Straight Road,Daylight,Signal,Urban,Motorcycle,Yes,No,High
ACC12512,48,24,69.5,95.0,6.4,3,7.5,7,4.23,33.1,16,Saturday,Fog,Icy,Residential,Intersection,Poor,Signal,Urban,Car,Yes,No,High
ACC12513,31,8,55.6,61.7,5.39,4,8.4,7,0.25,18.6,11,Friday,Clear,Dry,Urban Road,T-Junction,,Uncontrolled,Urban,Truck,No,No,High
ACC12514,39,26,81.8,64.5,6.16,1,9.5,6,2.57,32.2,23,Wednesday,Cloudy,Dry,Highway,Roundabout,Poor,Traffic Police,Urban,SUV,No,Yes,High
ACC12515,37,17,69.3,73.3,8.29,1,9.0,8,2.03,32.5,5,Wednesday,,Wet,Rural Road,Straight Road,Daylight,Signal,Urban,Bus,No,No,Medium
ACC12516,30,18,56.3,58.5,3.76,3,9.5,3,0.68,29.8,5,Sunday,Fog,Wet,Highway,Roundabout,Daylight,Uncontrolled,Rural,Car,No,Yes,High
ACC12517,29,7,27.5,81.4,7.67,5,7.8,7,0.41,35.2,5,Thursday,Clear,Dry,Highway,Straight Road,Street Lights,Signal,Urban,Motorcycle,No,No,Medium
ACC12518,24,11,69.7,72.3,2.71,3,6.7,9,1.51,31.5,18,Monday,Cloudy,Dry,Residential,Straight Road,Daylight,Stop Sign,Urban,Car,No,No,High
ACC12519,41,32,94.6,32.6,6.8,4,7.7,6,5.59,27.3,19,Monday,Rain,Wet,Highway,T-Junction,Street Lights,Uncontrolled,Rural,Car,No,No,High
ACC12520,28,13,73.2,67.7,4.9,4,12.1,6,7.66,26.9,18,Sunday,Rain,Dry,Highway,Intersection,Daylight,Signal,Suburban,Car,No,No,High
ACC12521,21,13,63.8,20.7,11.52,3,11.2,7,18.75,21.7,2,Friday,Rain,Dry,Urban Road,T-Junction,Poor,Stop Sign,Urban,Car,No,No,Medium
ACC12522,34,17,44.7,5.0,8.46,4,10.1,5,0.16,31.4,4,Tuesday,Clear,Dry,Rural Road,T-Junction,Street Lights,Signal,Urban,Truck,No,No,Low
ACC12523,46,29,28.1,89.3,7.49,3,10.9,4,0.2,15.4,18,Tuesday,Clear,Dry,Highway,T-Junction,Street Lights,Signal,Rural,Motorcycle,No,No,Low
ACC12524,48,33,75.2,54.4,,2,7.3,9,0.21,23.3,11,Thursday,Clear,Wet,Highway,Roundabout,Daylight,Stop Sign,Urban,SUV,Yes,No,High
ACC12525,18,1,64.7,84.5,7.9,8,11.7,5,7.99,13.0,14,Saturday,Rain,Dry,Urban Road,Straight Road,Daylight,Signal,Suburban,Car,No,No,High
ACC12526,36,11,37.7,57.2,7.28,4,5.7,1,0.74,23.0,23,Saturday,Clear,,Highway,Crossroad,Street Lights,Stop Sign,Urban,Car,No,No,Medium
ACC12527,41,28,52.3,73.4,8.59,3,8.5,9,0.16,21.8,9,Wednesday,Clear,Dry,Urban Road,Intersection,Daylight,Signal,Urban,Car,No,No,Low
ACC12528,40,27,52.5,87.6,7.43,3,9.0,5,42.65,35.5,12,Thursday,Storm,Dry,Urban Road,T-Junction,Daylight,Uncontrolled,Suburban,Car,No,No,High
ACC12529,34,24,67.3,22.8,6.04,3,4.9,4,0.22,31.5,3,Saturday,Clear,Wet,Highway,Straight Road,Street Lights,Signal,Urban,SUV,No,No,Medium
ACC12530,53,44,59.0,68.3,7.94,4,7.5,5,10.15,20.0,1,Monday,Storm,Dry,Urban Road,Intersection,,Uncontrolled,Urban,Car,No,No,High
ACC12531,49,38,78.0,74.5,4.31,4,9.1,8,24.88,29.0,20,Sunday,Rain,Dry,Urban Road,Crossroad,Daylight,Stop Sign,Rural,SUV,No,No,High
ACC12532,34,25,92.3,72.5,1.05,4,3.0,4,6.05,30.3,12,Friday,Rain,Dry,Rural Road,Crossroad,Daylight,Traffic Police,Urban,Car,No,No,High
ACC12533,30,16,66.1,21.5,5.64,2,5.8,4,1.49,32.8,23,Tuesday,Clear,Dry,Urban Road,T-Junction,Daylight,Traffic Police,Urban,Car,Yes,No,High
ACC12534,39,29,20.4,56.6,4.43,4,8.3,5,0.47,34.4,8,Sunday,Clear,Dry,Urban Road,Crossroad,Poor,Signal,Suburban,Car,No,No,Medium
ACC12535,40,25,72.2,75.4,10.89,2,7.9,6,35.06,26.5,9,Wednesday,Rain,Wet,Urban Road,Crossroad,Daylight,Signal,Suburban,SUV,No,No,Medium
ACC12536,36,25,71.2,73.1,11.17,4,6.1,4,29.96,36.3,10,Sunday,Rain,Wet,Highway,Intersection,Poor,Uncontrolled,Urban,Car,No,No,High
ACC12537,37,24,73.3,100.0,9.77,2,10.3,5,12.11,23.7,14,Tuesday,Rain,Wet,Rural Road,Intersection,Daylight,Stop Sign,Suburban,SUV,No,No,High
ACC12538,52,44,85.1,72.5,7.68,5,12.2,3,1.13,22.4,1,Monday,Clear,Dry,Rural Road,T-Junction,Daylight,Signal,Urban,Motorcycle,No,No,Medium
ACC12539,52,44,79.6,40.2,5.46,1,8.0,11,23.99,20.9,16,Wednesday,Rain,Dry,Urban Road,Straight Road,Street Lights,Signal,Suburban,Car,No,No,High
ACC12540,44,27,64.9,81.4,7.91,5,7.5,6,7.73,30.1,1,Monday,Rain,Dry,Urban Road,T-Junction,Daylight,Stop Sign,Rural,Truck,No,No,Medium
ACC12541,45,29,22.8,81.7,5.57,1,4.6,4,32.82,31.0,11,Tuesday,Rain,Dry,Urban Road,Roundabout,Street Lights,Traffic Police,Rural,Car,No,No,Low
ACC12542,44,36,69.3,33.3,6.02,4,6.5,5,38.65,23.2,23,Tuesday,Rain,Dry,Highway,Crossroad,Poor,Traffic Police,Suburban,Car,No,No,High
ACC12543,33,22,74.5,100.0,5.98,2,4.0,5,16.68,23.3,12,Monday,Rain,Dry,Residential,Straight Road,Daylight,Signal,Urban,Bus,No,No,High
ACC12544,40,31,89.8,100.0,10.06,2,4.6,11,10.71,27.2,5,Wednesday,Cloudy,Icy,Urban Road,Intersection,Street Lights,Signal,Urban,Motorcycle,No,No,High
ACC12545,38,17,82.7,44.1,7.22,1,9.3,10,2.36,16.6,23,Monday,Clear,Dry,Urban Road,Roundabout,Daylight,Signal,Urban,Motorcycle,No,No,High
ACC12546,49,37,82.2,21.9,1.48,2,9.2,7,2.58,29.7,21,Wednesday,Cloudy,Dry,Urban Road,Roundabout,Daylight,Stop Sign,Urban,Car,No,No,Medium
ACC12547,38,25,45.2,30.6,5.83,3,8.6,8,0.01,21.5,13,Thursday,Clear,Wet,Highway,Crossroad,Daylight,Uncontrolled,Urban,Car,No,No,Low
ACC12548,44,26,61.3,27.4,7.64,5,10.1,6,0.29,23.9,6,Thursday,Clear,Dry,Rural Road,Intersection,Poor,Uncontrolled,Rural,Car,No,No,Low
ACC12549,34,22,22.8,23.2,8.29,3,10.6,4,0.45,27.5,8,Wednesday,Clear,Wet,Highway,Straight Road,Daylight,Stop Sign,Rural,Motorcycle,No,No,Low
ACC12550,43,30,41.4,42.1,4.15,6,6.1,4,0.8,19.0,0,Monday,Clear,Wet,Residential,Intersection,Poor,Signal,Urban,Bus,No,No,High
ACC12551,38,17,63.3,28.9,9.56,6,7.0,4,0.5,20.1,23,Sunday,Clear,Damaged,Highway,Crossroad,Daylight,Signal,Suburban,Motorcycle,Yes,No,High
ACC12552,27,6,52.2,97.4,10.49,4,11.2,12,0.18,8.0,23,Sunday,Clear,Dry,Urban Road,Roundabout,Daylight,Traffic Police,Suburban,Bus,No,No,Medium
ACC12553,43,26,54.4,16.6,9.01,4,9.7,4,2.95,30.2,21,Wednesday,Rain,Wet,Urban Road,Crossroad,Daylight,Signal,Urban,Car,Yes,No,Medium
ACC12554,46,30,85.4,65.7,8.09,2,10.5,9,2.58,18.5,14,Tuesday,Fog,Dry,Rural Road,T-Junction,Street Lights,Signal,Urban,Car,No,No,High
ACC12555,18,9,20.0,50.0,9.32,1,8.4,5,0.44,28.6,3,Sunday,Clear,Wet,Highway,Roundabout,Street Lights,Uncontrolled,Urban,Car,No,No,Low
ACC12556,18,4,75.0,67.9,8.94,3,8.9,5,44.16,27.8,4,Monday,Storm,Dry,Highway,Crossroad,Daylight,Uncontrolled,Urban,Bus,No,No,High
ACC12557,38,28,88.3,55.0,5.56,4,8.0,3,9.04,28.4,7,Saturday,Cloudy,Dry,Rural Road,Straight Road,Poor,Traffic Police,Suburban,Bus,No,Yes,High
ACC12558,39,19,64.6,61.5,10.42,3,9.9,5,1.28,25.9,21,Wednesday,Clear,Dry,Highway,Straight Road,Daylight,Signal,Rural,Car,No,No,Medium
ACC12559,25,7,62.3,88.3,10.73,1,7.6,4,0.11,21.0,9,Tuesday,Clear,Dry,Residential,Straight Road,Poor,Stop Sign,Urban,Car,No,No,High
ACC12560,38,25,75.7,43.9,3.61,3,10.3,3,2.8,20.8,22,Friday,Cloudy,Wet,Highway,T-Junction,Street Lights,Stop Sign,Suburban,Truck,No,No,High
ACC12561,34,18,63.9,19.5,4.27,3,7.3,2,33.44,26.8,21,Tuesday,Rain,Wet,Rural Road,Intersection,Street Lights,Traffic Police,Urban,SUV,No,No,Medium
ACC12562,18,5,49.9,56.9,8.57,5,8.2,11,43.22,39.1,2,Saturday,Rain,Wet,Urban Road,Straight Road,Street Lights,Uncontrolled,Rural,Bus,No,No,High
ACC12563,37,29,83.8,38.0,8.76,3,5.1,6,1.22,36.1,10,Wednesday,Clear,Dry,Rural Road,T-Junction,Daylight,Uncontrolled,Rural,Car,No,Yes,High
ACC12564,24,3,32.6,66.8,10.24,2,4.5,3,0.34,30.1,9,Monday,Clear,Wet,Residential,Straight Road,Street Lights,Signal,Urban,Motorcycle,No,No,Medium
ACC12565,41,18,49.5,41.2,10.31,5,10.1,6,0.22,29.1,7,Monday,Clear,Dry,Highway,T-Junction,Street Lights,Uncontrolled,Rural,Bus,No,No,Low
ACC12566,29,5,50.4,38.4,9.3,4,7.4,5,0.15,30.4,7,Thursday,Clear,Damaged,Rural Road,Straight Road,Daylight,Signal,Urban,Car,No,No,Low
ACC12567,39,18,55.5,90.1,7.84,3,9.7,4,0.46,27.3,23,Saturday,Clear,Damaged,Rural Road,Intersection,Street Lights,Signal,Urban,Motorcycle,No,No,High
ACC12568,48,27,52.1,100.0,5.62,3,6.5,7,0.02,31.4,10,Wednesday,Clear,Dry,Urban Road,Crossroad,Daylight,Signal,Suburban,Car,Yes,No,High
ACC12569,30,24,28.1,35.7,10.23,2,8.1,3,16.55,28.7,22,Tuesday,Rain,Wet,Highway,Straight Road,Daylight,Uncontrolled,Urban,Car,No,No,Low
ACC12570,34,13,74.0,59.1,9.71,2,9.4,8,5.87,26.0,13,Tuesday,Fog,Dry,Urban Road,Crossroad,Daylight,Signal,Urban,SUV,No,No,High
ACC12571,49,38,73.1,47.4,10.28,4,8.7,9,0.82,25.9,5,Saturday,Clear,Dry,Residential,Straight Road,Daylight,Uncontrolled,Suburban,SUV,No,No,High
ACC12572,41,33,50.6,66.1,4.78,4,8.0,6,4.47,36.3,20,Wednesday,Fog,Dry,Rural Road,Intersection,Daylight,Uncontrolled,Urban,Motorcycle,No,Yes,High
ACC12573,34,19,70.7,49.3,10.85,2,8.8,6,0.79,38.8,17,Tuesday,Clear,Dry,Urban Road,Crossroad,Poor,Signal,Urban,Car,No,No,High
ACC12574,51,35,83.9,74.4,10.69,2,10.4,2,4.0,29.7,19,Sunday,Cloudy,Wet,Urban Road,T-Junction,Daylight,Uncontrolled,Urban,Truck,No,No,High
ACC12575,33,18,55.9,33.1,5.62,6,8.3,4,0.49,17.8,0,Friday,Clear,Dry,Highway,Straight Road,Street Lights,Signal,Urban,Car,Yes,No,High
ACC12576,32,14,73.7,87.8,8.49,3,8.9,8,7.6,20.6,10,Saturday,Cloudy,Dry,Urban Road,Straight Road,Daylight,Signal,Urban,Car,Yes,No,High
ACC12577,25,6,54.4,54.3,9.11,4,9.6,3,51.78,20.8,3,Thursday,Storm,Dry,Urban Road,T-Junction,Daylight,Stop Sign,Urban,Car,No,No,High
ACC12578,41,33,71.0,100.0,10.36,2,8.1,4,2.24,27.0,9,Monday,Cloudy,Wet,Highway,Intersection,Daylight,Uncontrolled,Rural,Motorcycle,No,No,Medium
ACC12579,24,7,96.6,100.0,7.57,3,5.1,7,0.22,25.9,17,Tuesday,Clear,Damaged,Highway,Roundabout,Daylight,Stop Sign,Rural,Car,No,No,High
ACC12580,50,44,72.7,63.4,7.31,5,7.8,4,0.94,24.3,10,Friday,,Wet,Urban Road,Straight Road,Street Lights,Uncontrolled,Urban,Motorcycle,No,No,High
ACC12581,29,15,53.0,48.3,7.92,4,4.5,4,0.48,14.0,7,Wednesday,Clear,Wet,Rural Road,T-Junction,Street Lights,Uncontrolled,Urban,Car,Yes,No,Medium
ACC12582,40,33,58.8,42.8,5.65,5,6.2,4,0.76,37.2,4,Tuesday,Fog,Dry,Residential,Roundabout,Daylight,Signal,Suburban,SUV,No,No,High
ACC12583,35,21,48.1,68.4,8.05,3,7.6,4,1.6,27.3,12,Saturday,Cloudy,Dry,Rural Road,Straight Road,Daylight,Stop Sign,Rural,SUV,Yes,No,Medium
ACC12584,41,32,58.8,70.2,9.34,1,11.5,4,0.56,35.2,4,Wednesday,Clear,Dry,Rural Road,Crossroad,Poor,Uncontrolled,Urban,Truck,No,No,Low
ACC12585,39,19,47.3,48.3,9.61,1,8.9,5,0.37,27.8,0,Friday,Cloudy,Dry,Urban Road,T-Junction,Daylight,Signal,Rural,Motorcycle,No,No,Low
ACC12586,36,13,56.8,36.6,,1,6.9,9,0.19,37.2,16,Friday,Cloudy,Wet,Urban Road,Crossroad,Daylight,Uncontrolled,Urban,Car,No,No,High
ACC12587,31,23,24.4,31.8,9.66,5,7.8,10,0.28,34.6,19,Sunday,Clear,Dry,Urban Road,Intersection,Street Lights,Uncontrolled,Rural,Truck,No,No,Low
ACC12588,38,18,50.3,85.5,8.44,4,8.5,4,33.52,33.0,10,Monday,Rain,Wet,Rural Road,Roundabout,Daylight,Signal,Urban,SUV,Yes,No,High
ACC12589,49,41,55.9,29.4,8.05,1,6.8,8,1.59,27.5,18,Wednesday,Clear,Dry,Residential,T-Junction,Poor,Traffic Police,Rural,Car,No,No,Medium
ACC12590,32,18,85.8,41.8,12.0,3,13.7,8,11.27,24.1,17,Thursday,Rain,Dry,Rural Road,Straight Road,Street Lights,Signal,Urban,Motorcycle,No,No,Medium
ACC12591,23,5,74.6,60.4,8.68,6,8.9,7,20.28,40.6,20,Monday,Rain,Dry,Residential,Straight Road,Daylight,Traffic Police,Rural,Car,Yes,No,High
ACC12592,42,26,58.5,78.9,7.68,3,9.0,7,20.13,26.0,20,Wednesday,Rain,Wet,Highway,Roundabout,Daylight,Signal,Urban,Car,No,No,High
ACC12593,38,32,36.0,64.7,8.36,5,9.5,6,0.79,31.2,16,Sunday,Cloudy,Wet,Highway,Crossroad,Street Lights,Uncontrolled,Urban,Motorcycle,No,No,Medium
ACC12594,50,38,56.9,30.1,8.03,2,5.1,6,3.34,28.9,11,Wednesday,Cloudy,Damaged,Highway,Crossroad,Daylight,Stop Sign,Rural,SUV,No,No,Medium
ACC12595,41,27,51.9,46.1,7.48,2,9.4,6,2.47,28.8,3,Sunday,Clear,Dry,Urban Road,T-Junction,Poor,Uncontrolled,Suburban,Car,No,No,Medium
ACC12596,49,36,45.8,40.2,9.78,1,9.6,5,14.16,32.6,20,Friday,Rain,Icy,Urban Road,T-Junction,Street Lights,Signal,Suburban,Motorcycle,No,No,Medium
ACC12597,54,36,72.0,83.2,8.24,2,8.3,5,0.17,29.2,14,Saturday,Clear,Dry,Rural Road,Crossroad,Daylight,Signal,Urban,SUV,No,No,High
ACC12598,32,9,47.7,77.1,10.65,3,11.4,10,2.18,21.5,14,Friday,Cloudy,Dry,Highway,T-Junction,Street Lights,Signal,Suburban,Motorcycle,Yes,No,Medium
ACC12599,34,16,53.7,28.7,7.67,3,8.1,5,1.43,15.7,21,Wednesday,Clear,Icy,Highway,Crossroad,Daylight,Uncontrolled,Rural,SUV,No,No,Low
ACC12600,47,30,32.9,52.1,12.0,5,8.3,3,0.21,30.7,5,Saturday,Clear,Dry,Highway,Roundabout,Daylight,Signal,Urban,Car,No,No,Low
ACC12601,36,28,59.6,62.8,7.98,4,9.2,2,1.76,27.1,18,Saturday,Cloudy,Wet,Urban Road,T-Junction,Street Lights,Uncontrolled,Suburban,SUV,No,Yes,Medium
ACC12602,31,19,73.9,,8.11,3,8.2,5,0.16,24.4,4,Friday,Clear,Dry,Highway,Crossroad,Street Lights,Uncontrolled,Rural,Car,No,No,High
ACC12603,32,16,47.0,82.5,6.71,1,9.1,3,12.56,25.6,20,Sunday,Rain,Dry,Highway,T-Junction,Street Lights,Traffic Police,Suburban,SUV,No,No,High
ACC12604,28,4,77.3,63.9,8.89,4,8.2,4,0.69,26.8,1,Sunday,Clear,Damaged,Highway,Straight Road,Daylight,Signal,Rural,Car,No,No,High
ACC12605,18,7,75.8,75.0,12.0,5,7.4,4,0.01,14.6,1,Sunday,Clear,Dry,Rural Road,Straight Road,Street Lights,Uncontrolled,Rural,Motorcycle,No,No,Medium
ACC12606,42,30,51.8,22.8,8.14,3,5.7,5,1.79,27.2,12,Wednesday,Cloudy,Wet,Highway,Intersection,Daylight,Signal,Suburban,Car,No,No,Low
ACC12607,27,10,81.3,57.8,10.06,5,8.1,11,0.59,21.7,18,Wednesday,Clear,,Highway,Crossroad,Street Lights,Uncontrolled,Suburban,Motorcycle,Yes,No,High
ACC12608,19,0,78.5,55.1,7.55,2,8.8,3,0.3,25.3,16,Saturday,Clear,Wet,Residential,Intersection,Street Lights,Uncontrolled,Rural,Car,No,No,Medium
ACC12609,45,29,69.4,35.3,1.83,3,5.1,7,6.91,30.3,11,Monday,Rain,Dry,Residential,Crossroad,Street Lights,Signal,Rural,SUV,No,No,Medium
ACC12610,19,11,96.4,51.9,12.0,2,9.3,4,0.14,30.6,6,Monday,Clear,Dry,Residential,T-Junction,Poor,Signal,Rural,Car,No,No,Medium
ACC12611,47,40,75.9,79.7,9.3,1,9.8,7,13.0,15.3,12,Thursday,Rain,Dry,Urban Road,Crossroad,Poor,Stop Sign,Urban,Truck,No,No,High
ACC12612,42,19,79.2,36.2,12.0,1,11.5,3,0.69,28.5,12,Monday,Clear,Dry,Urban Road,Straight Road,,Signal,Urban,Car,Yes,No,Medium
ACC12613,40,22,57.5,58.0,8.32,2,10.1,9,0.34,24.6,22,Tuesday,Clear,Damaged,Urban Road,T-Junction,Poor,Traffic Police,Suburban,Bus,Yes,No,High
ACC12614,22,13,42.6,94.4,7.55,5,9.0,6,18.43,25.7,5,Tuesday,Rain,Dry,Urban Road,Straight Road,Street Lights,Signal,Suburban,Motorcycle,No,No,Medium
ACC12615,18,0,46.1,17.7,7.96,2,6.6,4,0.96,30.5,7,Friday,Clear,Dry,Residential,T-Junction,Poor,Traffic Police,Urban,SUV,No,No,Medium
ACC12616,27,8,57.9,57.2,9.77,2,9.5,6,0.05,25.7,23,Saturday,Clear,Dry,Highway,Crossroad,Poor,Stop Sign,Urban,Motorcycle,No,No,Medium
ACC12617,18,0,73.8,42.2,7.56,2,7.3,4,1.11,25.4,22,Tuesday,Clear,Dry,Urban Road,Crossroad,Street Lights,Traffic Police,Urban,Car,No,No,Medium
ACC12618,18,0,55.1,70.6,6.91,2,6.8,7,0.2,19.2,18,Monday,Clear,Wet,Urban Road,Straight Road,Daylight,Uncontrolled,Suburban,Car,No,No,High
ACC12619,44,36,74.7,52.1,6.14,3,8.3,8,43.07,27.0,14,Saturday,Rain,Icy,Urban Road,Roundabout,Daylight,Uncontrolled,Rural,Truck,Yes,No,High
ACC12620,57,33,25.7,81.6,8.09,2,7.7,3,0.13,35.2,2,Thursday,Clear,Dry,Highway,Crossroad,Street Lights,Signal,Rural,Truck,No,No,Medium
ACC12621,36,11,41.4,69.2,10.31,5,11.8,5,16.08,27.1,4,Wednesday,Rain,Damaged,Rural Road,Roundabout,Daylight,Stop Sign,Urban,Bus,No,No,Medium
ACC12622,35,30,48.0,63.0,8.84,2,6.7,4,1.72,23.8,0,Thursday,Fog,Dry,Residential,T-Junction,Street Lights,Signal,Urban,Car,Yes,No,Medium
ACC12623,28,21,42.7,77.3,8.44,1,10.4,1,0.04,34.0,8,Monday,Clear,Dry,Residential,Roundabout,Daylight,Signal,Urban,Motorcycle,No,Yes,Medium
ACC12624,45,31,69.9,52.8,7.74,2,7.6,6,0.36,42.2,2,Monday,Fog,Wet,Urban Road,Straight Road,Daylight,Stop Sign,Urban,SUV,No,No,High
ACC12625,18,12,55.9,44.8,5.46,4,10.7,7,0.27,25.7,16,Monday,Clear,Dry,Urban Road,Intersection,Street Lights,Uncontrolled,Suburban,Car,No,No,Low
ACC12626,37,17,44.5,62.3,9.1,3,8.4,8,17.42,32.5,5,Friday,Storm,Wet,Urban Road,Intersection,Poor,Signal,Urban,Car,No,No,High
ACC12627,55,37,69.5,48.5,6.48,3,14.4,5,0.39,27.1,17,Tuesday,Clear,Damaged,Highway,Straight Road,Daylight,Stop Sign,Urban,Truck,No,Yes,High
ACC12628,37,16,88.2,30.8,8.51,3,13.7,3,3.71,21.0,8,Monday,Rain,Dry,Residential,Intersection,Poor,Stop Sign,Urban,Car,No,No,Medium
ACC12629,32,7,70.7,32.5,11.09,2,7.7,7,3.7,24.8,12,Wednesday,Cloudy,Damaged,Highway,Straight Road,Street Lights,Signal,Urban,Truck,No,Yes,High
ACC12630,52,28,47.8,27.8,7.46,5,5.6,8,0.25,39.1,4,Tuesday,Clear,Wet,Rural Road,Crossroad,Daylight,Stop Sign,Urban,Motorcycle,No,No,High
ACC12631,56,45,63.1,57.1,5.6,2,13.4,3,2.57,19.7,2,Tuesday,Cloudy,Dry,Highway,Roundabout,Daylight,Uncontrolled,Urban,SUV,No,No,Medium
ACC12632,52,39,45.9,58.5,9.57,4,9.1,7,24.22,26.0,5,Friday,Rain,,Urban Road,Intersection,Daylight,Signal,Urban,SUV,No,Yes,High
ACC12633,34,13,73.2,18.9,9.44,1,6.2,3,0.94,30.2,15,Thursday,Clear,Dry,Urban Road,Crossroad,Daylight,Uncontrolled,Urban,Truck,No,Yes,Medium
ACC12634,44,31,62.1,83.3,5.77,3,6.5,7,0.18,27.2,14,Saturday,Clear,Icy,Highway,Intersection,Daylight,Stop Sign,Urban,Car,No,No,High
ACC12635,52,33,82.0,84.7,5.79,2,8.5,9,16.0,18.1,19,Tuesday,Rain,Wet,Rural Road,T-Junction,Daylight,Uncontrolled,Suburban,Car,Yes,No,High
ACC12636,30,7,60.0,53.1,9.03,2,11.2,6,23.84,33.9,6,Tuesday,Rain,Dry,Urban Road,Straight Road,Daylight,Signal,Rural,SUV,No,No,Medium
ACC12637,25,12,62.2,79.0,10.75,4,8.9,6,15.54,23.0,2,Monday,Storm,Dry,Rural Road,Straight Road,Street Lights,Uncontrolled,Urban,Motorcycle,No,No,High
ACC12638,40,24,31.6,47.3,9.69,5,9.5,4,21.44,20.0,18,Wednesday,Rain,Wet,Rural Road,Crossroad,Street Lights,Signal,Suburban,Bus,Yes,No,Medium
ACC12639,24,2,24.6,20.5,6.74,1,7.8,9,27.99,22.9,19,Monday,Storm,Dry,Highway,T-Junction,Street Lights,Signal,Rural,Motorcycle,Yes,No,Medium
ACC12640,22,7,63.3,54.8,11.56,4,9.4,4,17.72,28.4,5,Wednesday,Rain,Dry,Rural Road,Roundabout,Daylight,Signal,Urban,Car,No,No,Low
ACC12641,29,18,29.4,48.9,6.94,3,8.8,4,0.11,26.5,14,Tuesday,Clear,Dry,Highway,T-Junction,Street Lights,Uncontrolled,Urban,Car,No,No,Low
ACC12642,26,16,43.2,64.2,11.01,2,9.4,7,0.3,19.7,23,Wednesday,Clear,,Rural Road,T-Junction,Poor,Uncontrolled,Urban,Car,No,No,Low
ACC12643,24,18,65.2,74.9,11.14,3,7.1,5,12.03,33.2,4,Monday,Rain,Dry,Rural Road,Roundabout,Daylight,Signal,Urban,Bus,No,No,Medium
ACC12644,37,25,51.7,84.5,9.76,2,8.8,11,1.18,33.6,0,Monday,Cloudy,Dry,Residential,Roundabout,Poor,Signal,Suburban,Truck,No,Yes,Medium
ACC12645,38,19,38.5,34.2,6.15,4,3.6,7,0.93,43.5,10,Thursday,Clear,Dry,Urban Road,T-Junction,Street Lights,Signal,Urban,Car,Yes,No,Low
ACC12646,20,14,47.0,100.0,11.09,4,10.9,7,1.44,24.2,4,Friday,Clear,Wet,Highway,Intersection,Street Lights,Signal,Rural,Truck,No,Yes,Medium
ACC12647,39,29,85.1,35.3,12.0,1,6.4,5,19.57,28.4,18,Thursday,Storm,Dry,Urban Road,Intersection,Street Lights,Stop Sign,Urban,SUV,No,No,High
ACC12648,37,30,60.3,58.1,11.03,3,7.5,7,5.72,17.7,6,Tuesday,Cloudy,Dry,Urban Road,T-Junction,Daylight,Uncontrolled,Rural,Truck,No,No,Medium
ACC12649,24,11,66.5,67.9,5.4,3,9.5,5,0.21,26.7,16,Wednesday,,Dry,Rural Road,Intersection,Daylight,Traffic Police,Rural,Motorcycle,No,No,Medium
ACC12650,35,28,59.9,52.5,5.0,3,10.9,5,0.57,25.7,19,Monday,Cloudy,Dry,Residential,Roundabout,Daylight,Traffic Police,Rural,Car,Yes,No,Medium
ACC12651,38,18,85.0,7.8,9.12,2,9.0,3,0.14,29.8,7,Monday,Clear,,Highway,Roundabout,Daylight,Uncontrolled,Rural,SUV,No,No,Low
ACC12652,39,15,64.5,28.0,5.07,1,6.7,6,0.58,19.5,10,Monday,Clear,Dry,Urban Road,Intersection,Daylight,Signal,Urban,Motorcycle,No,No,Medium
ACC12653,45,36,68.8,49.9,8.54,2,8.9,9,0.26,23.4,5,Saturday,Clear,Dry,Urban Road,Roundabout,Poor,Signal,Suburban,SUV,Yes,No,High
ACC12654,44,34,27.7,63.0,7.97,3,11.4,6,0.59,21.5,20,Monday,Clear,Wet,Highway,Straight Road,Daylight,Stop Sign,Urban,Bus,No,No,Medium
ACC12655,35,27,56.1,34.4,6.02,3,6.0,5,10.11,29.5,15,Saturday,Rain,Wet,Urban Road,Roundabout,Poor,Stop Sign,Rural,Bus,No,No,Medium
ACC12656,25,16,54.5,68.6,10.26,5,7.1,8,0.96,29.8,4,Tuesday,Clear,Wet,Urban Road,T-Junction,Street Lights,Stop Sign,Urban,SUV,No,No,High
ACC12657,30,19,37.9,67.4,5.69,3,7.2,2,8.49,22.3,11,Friday,Rain,Wet,Rural Road,Crossroad,Daylight,Traffic Police,Urban,Truck,No,No,High
ACC12658,37,26,32.7,73.1,9.88,2,11.7,5,0.89,24.1,22,Thursday,Fog,Wet,Urban Road,Intersection,Daylight,Uncontrolled,Rural,Car,No,No,Medium
ACC12659,49,36,52.6,56.5,7.69,3,9.6,4,0.09,21.6,19,Saturday,Clear,Dry,Highway,Intersection,Daylight,Signal,Urban,Car,No,Yes,Medium
ACC12660,18,3,106.6,48.9,8.12,4,9.9,7,21.15,25.7,9,Thursday,Rain,Wet,Rural Road,Roundabout,Poor,Signal,Urban,Car,Yes,No,High
ACC12661,36,16,39.6,68.8,7.76,6,10.2,11,0.49,25.9,15,Saturday,Cloudy,Dry,Urban Road,Roundabout,Street Lights,Uncontrolled,Urban,Car,Yes,No,Medium
ACC12662,33,10,62.2,54.7,7.82,3,9.9,4,2.69,27.8,1,Monday,Fog,Wet,Highway,Crossroad,Daylight,Uncontrolled,Suburban,Car,Yes,No,High
ACC12663,38,24,55.9,88.5,11.95,2,11.7,6,0.58,31.1,13,Monday,Clear,Wet,Rural Road,Crossroad,Poor,Signal,Suburban,Motorcycle,No,No,Medium
ACC12664,20,0,68.7,31.7,2.75,3,9.1,6,21.83,24.9,10,Wednesday,Rain,Dry,Rural Road,T-Junction,Street Lights,Uncontrolled,Suburban,Car,No,No,High
ACC12665,45,26,92.5,95.1,11.51,2,7.7,4,0.72,23.6,22,Monday,Cloudy,Dry,Highway,Straight Road,Daylight,Uncontrolled,Rural,Motorcycle,Yes,No,High
ACC12666,35,15,20.9,72.0,2.92,4,10.0,7,0.2,19.7,23,Thursday,Clear,Dry,Urban Road,T-Junction,Street Lights,Stop Sign,Urban,SUV,No,Yes,High
ACC12667,32,17,41.2,58.5,10.79,3,7.9,2,0.35,21.2,16,Wednesday,Clear,Wet,Rural Road,Intersection,Street Lights,Signal,Urban,Truck,Yes,No,Low
ACC12668,39,24,85.7,62.3,7.72,5,4.9,8,31.19,28.8,12,Sunday,Rain,Wet,Rural Road,Roundabout,Daylight,Uncontrolled,Suburban,SUV,Yes,No,High
ACC12669,39,23,64.8,59.5,9.36,2,7.5,8,13.69,30.1,21,Wednesday,Rain,Damaged,Urban Road,T-Junction,Street Lights,Uncontrolled,Suburban,Car,No,No,High
ACC12670,35,20,49.4,56.7,7.6,1,8.6,5,1.06,34.7,19,Monday,Clear,Dry,Urban Road,Roundabout,Daylight,Signal,Urban,Motorcycle,Yes,No,Medium
ACC12671,29,15,51.0,88.2,7.81,7,11.8,8,1.79,29.7,8,Sunday,Cloudy,Wet,Urban Road,Roundabout,Daylight,Uncontrolled,Urban,Car,No,No,Medium
ACC12672,33,13,28.5,93.9,8.22,4,9.2,5,0.03,28.2,6,Sunday,Clear,Dry,Urban Road,T-Junction,Daylight,Uncontrolled,Urban,Motorcycle,No,No,Medium
ACC12673,35,22,64.3,66.1,8.54,6,9.0,5,15.21,27.8,20,Wednesday,Rain,Damaged,Highway,T-Junction,Poor,Uncontrolled,Urban,Motorcycle,No,No,High
ACC12674,55,46,59.8,71.5,6.17,5,11.3,9,0.93,31.2,5,Friday,Clear,Dry,Urban Road,Crossroad,Street Lights,Signal,Urban,Car,Yes,No,High
ACC12675,36,28,58.4,31.4,4.83,5,8.7,5,0.74,23.0,20,Monday,Fog,Dry,Urban Road,Straight Road,Daylight,Traffic Police,Urban,Car,Yes,No,High
ACC12676,42,19,48.6,44.4,1.39,3,7.4,5,0.43,21.7,8,Friday,Clear,Dry,Rural Road,Crossroad,Daylight,Signal,Urban,Truck,No,No,Medium
ACC12677,44,22,62.1,67.1,7.92,2,10.9,7,0.39,27.9,8,Monday,Clear,Wet,Urban Road,Straight Road,,Stop Sign,Urban,Bus,Yes,No,High
ACC12678,35,25,41.5,55.8,12.0,5,7.8,5,1.09,29.0,10,Saturday,Clear,Damaged,Rural Road,T-Junction,Street Lights,Uncontrolled,Suburban,Motorcycle,Yes,No,Medium
ACC12679,50,43,46.9,67.0,3.81,2,12.0,8,0.64,31.5,7,Friday,Clear,Dry,Rural Road,Straight Road,Daylight,Signal,Rural,Car,No,No,Medium
ACC12680,18,0,64.5,27.4,12.0,3,7.0,9,1.13,24.6,12,Sunday,Cloudy,Dry,Urban Road,Intersection,Street Lights,Stop Sign,Urban,Motorcycle,No,No,Medium
ACC12681,38,23,50.7,64.5,8.61,1,8.4,8,0.15,33.4,6,Monday,Clear,Damaged,Rural Road,Crossroad,Poor,Uncontrolled,Urban,Car,Yes,No,High
ACC12682,47,40,59.2,100.0,7.93,2,8.3,7,24.82,24.0,20,Thursday,Rain,Dry,Rural Road,Crossroad,Street Lights,Stop Sign,Rural,SUV,No,No,High
ACC12683,41,32,50.7,37.1,9.76,5,7.6,5,0.04,28.3,23,Saturday,Clear,Wet,Highway,Crossroad,Daylight,Stop Sign,Urban,SUV,No,No,Low
ACC12684,18,0,66.5,65.1,7.32,3,7.5,9,0.57,31.7,2,Saturday,Clear,Dry,Urban Road,Roundabout,Daylight,Signal,Rural,Car,No,No,Medium
ACC12685,38,31,48.7,48.6,6.33,2,6.6,7,2.07,17.0,11,Saturday,Clear,Dry,Highway,Roundabout,Daylight,Signal,Urban,Car,No,No,Medium
ACC12686,35,21,63.5,79.3,4.16,3,14.1,5,0.01,32.1,16,Monday,Clear,Wet,Residential,T-Junction,Street Lights,Signal,Rural,Motorcycle,No,No,High
ACC12687,36,22,71.9,62.2,7.99,3,10.5,7,0.31,28.5,17,Thursday,Clear,Wet,Highway,T-Junction,Street Lights,Traffic Police,Urban,Car,No,No,High
ACC12688,32,13,57.1,47.2,7.52,3,10.0,6,1.15,24.3,13,Tuesday,Clear,Dry,Urban Road,Roundabout,Street Lights,Uncontrolled,Urban,SUV,No,No,Medium
ACC12689,44,35,54.3,40.2,,2,14.1,7,5.91,25.8,1,Saturday,Cloudy,Dry,Rural Road,Crossroad,,Traffic Police,Rural,Bus,Yes,No,Low
ACC12690,33,8,50.2,69.0,10.34,4,9.5,5,0.84,16.8,14,Tuesday,Clear,Wet,Highway,Roundabout,Poor,Signal,Rural,Car,No,No,Medium
ACC12691,49,41,54.5,48.5,7.17,7,8.1,7,4.99,26.0,22,Monday,Cloudy,Dry,Highway,Straight Road,Daylight,Uncontrolled,Urban,Car,No,No,Low
ACC12692,37,20,84.8,100.0,10.06,4,8.8,4,2.68,16.8,17,Saturday,Cloudy,Damaged,Rural Road,Crossroad,Daylight,Signal,Rural,Bus,No,No,High
ACC12693,28,16,77.7,62.4,4.79,4,10.9,3,0.08,36.4,4,Thursday,Clear,Dry,Highway,Roundabout,Street Lights,Uncontrolled,Urban,Motorcycle,No,No,High
ACC12694,56,48,67.5,69.7,10.46,5,3.0,9,0.41,15.7,15,Thursday,Cloudy,Dry,Rural Road,T-Junction,Daylight,Signal,Suburban,Truck,Yes,No,Medium
ACC12695,26,10,49.2,14.4,11.24,6,10.7,4,21.64,17.9,1,Saturday,Storm,Damaged,Rural Road,Roundabout,Street Lights,Signal,Urban,Car,No,No,High
ACC12696,31,23,81.9,62.1,8.15,3,13.5,5,0.26,35.2,4,Sunday,Cloudy,Wet,Highway,Intersection,Street Lights,Stop Sign,Urban,Car,No,No,Medium
ACC12697,39,20,90.8,,8.1,3,5.6,7,19.81,29.3,3,Wednesday,Rain,Dry,Urban Road,Roundabout,Street Lights,Signal,Suburban,Truck,No,No,High
ACC12698,19,13,26.0,52.1,9.94,3,6.5,8,0.08,38.4,18,Wednesday,Clear,Wet,Rural Road,Crossroad,Daylight,Uncontrolled,Urban,Motorcycle,No,No,Medium
ACC12699,37,22,56.5,79.3,9.43,2,6.9,6,3.16,24.0,12,Saturday,Rain,Dry,Residential,Roundabout,Daylight,Uncontrolled,Urban,Car,No,No,High
ACC12700,28,19,61.1,98.5,6.79,3,8.3,6,13.55,24.9,1,Sunday,Rain,Dry,Urban Road,T-Junction,Daylight,Uncontrolled,Urban,Car,Yes,No,High
ACC12701,60,36,50.0,85.8,8.34,1,9.7,8,3.4,31.1,14,Friday,Cloudy,Icy,Highway,Straight Road,Daylight,Traffic Police,Urban,Motorcycle,Yes,No,High
ACC12702,32,13,30.6,61.7,12.0,4,8.4,10,32.46,25.4,21,Wednesday,Storm,Wet,Urban Road,Intersection,Poor,Signal,Suburban,Truck,No,No,High
ACC12703,24,4,43.1,88.8,6.66,5,11.6,8,0.06,37.0,20,Monday,Clear,Wet,Rural Road,Crossroad,Street Lights,Stop Sign,Urban,Car,No,Yes,High
ACC12704,39,20,82.9,100.0,9.41,3,10.5,2,0.54,25.1,20,Wednesday,Clear,Dry,Rural Road,T-Junction,Daylight,Uncontrolled,Rural,Truck,No,No,Medium
ACC12705,36,18,41.0,34.3,9.25,5,10.4,6,47.64,27.5,21,Wednesday,Rain,Dry,Urban Road,Intersection,Poor,Stop Sign,Urban,Car,No,No,High
ACC12706,44,36,46.6,,8.22,3,8.4,8,19.81,27.3,17,Sunday,Rain,Dry,Residential,Roundabout,Street Lights,Signal,Urban,Car,Yes,No,High
ACC12707,26,1,60.7,40.0,11.04,2,6.3,2,0.44,28.5,8,Monday,Clear,Dry,Urban Road,Intersection,Daylight,Uncontrolled,Urban,Truck,No,No,Low
ACC12708,52,34,57.8,53.2,12.0,4,8.4,6,0.87,24.2,8,Monday,Clear,Wet,Rural Road,Straight Road,Daylight,Signal,Suburban,Truck,No,No,Low
ACC12709,39,16,48.4,68.2,11.84,4,12.9,10,0.06,29.0,19,Sunday,Clear,Dry,Highway,Intersection,Daylight,Signal,Urban,Car,No,No,Low
ACC12710,27,12,71.8,86.8,,1,3.0,7,0.36,28.5,8,Friday,Clear,Wet,Urban Road,Intersection,Poor,Signal,Urban,Car,No,No,High
ACC12711,36,25,71.4,52.7,11.49,4,10.3,5,37.89,20.6,17,Thursday,Rain,Dry,Urban Road,Roundabout,Daylight,Signal,Urban,Car,No,No,Medium
ACC12712,42,28,42.2,32.0,5.43,6,8.2,5,1.78,27.4,14,Wednesday,Cloudy,Dry,Urban Road,Roundabout,Poor,Signal,Rural,Bus,No,Yes,Medium
ACC12713,40,27,34.4,15.9,3.79,4,12.8,6,1.34,33.8,11,Saturday,Clear,Dry,Rural Road,Crossroad,Daylight,Signal,Urban,Car,No,No,Low
ACC12714,22,17,65.9,50.7,1.39,5,8.0,7,0.33,20.8,9,Saturday,Clear,Dry,Highway,Roundabout,Poor,Signal,Rural,Car,No,No,High
ACC12715,18,0,56.7,92.1,6.68,2,12.4,11,0.04,34.5,15,Tuesday,Clear,Dry,Urban Road,Intersection,Daylight,Signal,Urban,Car,No,Yes,High
ACC12716,20,0,66.3,45.6,12.0,4,8.6,7,0.23,30.8,19,Thursday,Clear,Damaged,Urban Road,Straight Road,Poor,Signal,Urban,Motorcycle,No,No,High
ACC12717,37,31,57.1,84.9,8.68,5,5.1,8,0.32,34.1,22,Monday,Cloudy,Dry,Urban Road,Roundabout,Poor,Uncontrolled,Urban,Bus,Yes,No,Medium
ACC12718,39,29,48.6,39.4,5.95,4,10.5,7,17.11,25.3,3,Saturday,Storm,Damaged,Rural Road,Crossroad,Daylight,Signal,Urban,Car,No,No,High
ACC12719,18,0,54.4,60.2,12.0,3,10.2,6,17.22,16.1,11,Sunday,Rain,Dry,Rural Road,Crossroad,Street Lights,Signal,Urban,Motorcycle,No,No,High
ACC12720,38,27,82.2,64.9,5.88,3,6.6,9,0.31,32.9,21,Wednesday,Clear,Icy,Urban Road,Intersection,Street Lights,Signal,Rural,Car,No,No,Medium
ACC12721,27,3,45.6,76.7,5.81,3,7.7,11,2.48,16.4,1,Friday,Fog,Dry,Highway,Roundabout,Poor,Signal,Urban,Motorcycle,No,No,High
ACC12722,22,15,54.2,32.3,6.43,6,4.8,3,12.96,21.9,9,Sunday,Rain,Damaged,Urban Road,Roundabout,Daylight,Signal,Urban,Car,No,No,Medium
ACC12723,28,4,33.6,,10.1,7,10.7,5,16.92,22.1,7,Tuesday,Rain,Dry,Residential,Crossroad,Daylight,Signal,Urban,Car,No,No,Medium
ACC12724,36,13,30.8,84.7,4.87,6,9.2,7,0.16,23.4,6,Thursday,Cloudy,Wet,Residential,Roundabout,Poor,Uncontrolled,Urban,Car,No,Yes,High
ACC12725,34,10,35.7,24.8,9.28,6,9.6,5,0.44,26.1,5,Wednesday,Clear,Damaged,Rural Road,Intersection,Street Lights,Stop Sign,Urban,Bus,No,No,Low
ACC12726,18,11,25.5,74.4,5.09,3,10.7,9,0.83,38.0,3,Monday,Clear,Dry,Residential,Straight Road,Daylight,Traffic Police,Rural,Truck,No,No,Medium
ACC12727,51,41,36.4,28.2,9.28,2,6.9,4,1.19,29.7,1,Thursday,Clear,Dry,Rural Road,Intersection,Street Lights,Stop Sign,Urban,Motorcycle,No,No,Low
ACC12728,42,32,66.1,53.9,9.61,4,7.4,6,0.97,37.9,12,Sunday,Clear,Dry,Rural Road,Roundabout,Daylight,Stop Sign,Suburban,Car,No,No,Medium
ACC12729,37,14,70.2,59.3,6.64,3,10.7,5,0.33,29.9,20,Sunday,Clear,Damaged,Highway,Intersection,Street Lights,Signal,Urban,Car,No,No,High
ACC12730,18,0,35.6,41.7,7.35,1,8.8,6,1.14,25.0,4,Tuesday,Cloudy,Dry,Urban Road,T-Junction,Daylight,Uncontrolled,Urban,Motorcycle,No,No,Medium
ACC12731,26,18,35.7,76.8,2.82,2,11.9,9,17.67,23.2,7,Monday,Rain,Dry,Urban Road,T-Junction,Daylight,Signal,Urban,SUV,No,Yes,High
ACC12732,34,26,55.8,61.7,8.79,4,7.2,5,1.01,24.7,17,Tuesday,Cloudy,Dry,Urban Road,Roundabout,Daylight,Stop Sign,Urban,SUV,No,No,Medium
ACC12733,44,30,99.2,72.9,7.7,3,7.3,11,0.17,35.2,10,Wednesday,Clear,Dry,Highway,Roundabout,,Signal,Urban,Truck,No,No,High
ACC12734,47,39,45.5,42.1,5.32,4,10.1,2,62.85,35.9,5,Thursday,Storm,Wet,Urban Road,Straight Road,Daylight,Uncontrolled,Urban,Car,No,No,High
ACC12735,63,48,52.6,89.3,11.84,4,12.3,3,1.16,25.6,14,Friday,Fog,Dry,Urban Road,Intersection,Daylight,Traffic Police,Urban,Truck,No,No,High
ACC12736,37,15,81.0,76.6,8.36,2,10.5,5,15.68,34.5,3,Sunday,Rain,Wet,Highway,Straight Road,Daylight,Traffic Police,Rural,Car,No,No,High
ACC12737,28,13,78.7,53.5,,5,13.1,3,40.72,37.1,3,Wednesday,Storm,Damaged,Urban Road,Roundabout,Daylight,Signal,Urban,Truck,No,Yes,High
ACC12738,43,24,71.3,29.3,11.44,3,10.5,8,1.44,35.4,6,Saturday,Cloudy,Dry,Highway,Roundabout,Street Lights,Signal,Suburban,Car,No,Yes,Low
ACC12739,24,14,76.1,90.8,3.19,2,7.5,5,61.47,22.6,0,Wednesday,Storm,Wet,Residential,Crossroad,Daylight,Uncontrolled,Urban,Car,No,No,High
ACC12740,39,29,80.3,34.4,5.83,5,7.7,9,1.14,25.0,20,Friday,Clear,Dry,Rural Road,Straight Road,Daylight,Stop Sign,Rural,Car,No,No,Low
ACC12741,59,42,48.6,68.3,7.03,3,8.6,5,0.38,29.9,10,Friday,Clear,Wet,Rural Road,Roundabout,Street Lights,Stop Sign,Urban,Motorcycle,No,No,Medium
ACC12742,32,10,67.1,60.1,3.12,3,8.1,6,0.55,26.8,22,Saturday,Clear,,Highway,T-Junction,Poor,Uncontrolled,Urban,Truck,No,No,High
ACC12743,28,12,50.8,56.0,7.07,4,9.0,11,0.58,31.9,21,Saturday,Clear,Wet,Highway,Crossroad,Street Lights,Stop Sign,Rural,Bus,No,No,Low
ACC12744,20,11,43.1,30.8,2.93,2,9.7,3,0.45,27.0,10,Monday,Clear,Dry,Urban Road,Intersection,Daylight,Traffic Police,Urban,Bus,No,No,Low
ACC12745,37,28,67.8,34.6,5.01,2,9.5,3,4.63,24.8,20,Tuesday,Cloudy,Dry,Residential,Crossroad,Street Lights,Stop Sign,Suburban,SUV,No,No,Low
ACC12746,19,2,54.0,92.6,8.69,7,13.2,5,24.28,23.8,11,Wednesday,Rain,Dry,Urban Road,Intersection,Poor,Stop Sign,Suburban,Car,No,No,High
ACC12747,23,16,55.6,64.8,7.4,5,11.7,6,2.33,44.9,9,Monday,Cloudy,Dry,Urban Road,T-Junction,Daylight,Stop Sign,Urban,Motorcycle,No,No,High
ACC12748,20,14,79.1,81.1,8.46,1,10.2,6,0.18,17.1,15,Saturday,Clear,Wet,Rural Road,Intersection,Poor,Uncontrolled,Rural,Motorcycle,Yes,No,High
ACC12749,47,40,64.7,5.0,5.11,4,9.5,6,4.62,19.5,14,Monday,Rain,Dry,Urban Road,Straight Road,Daylight,Stop Sign,Rural,Bus,No,No,Low
ACC12750,33,20,55.3,46.5,7.17,4,6.9,5,1.12,30.5,3,Wednesday,Cloudy,Wet,Highway,Intersection,Daylight,Stop Sign,Rural,Car,No,No,Medium
ACC12751,50,38,56.2,77.5,7.01,3,7.4,7,0.41,31.3,9,Tuesday,Clear,Dry,Urban Road,Intersection,Daylight,Traffic Police,Rural,Car,No,No,High
ACC12752,37,32,33.4,42.8,3.32,3,6.7,3,11.94,21.2,13,Friday,Rain,Wet,Urban Road,Crossroad,Street Lights,Stop Sign,Urban,Car,No,No,Medium
ACC12753,30,22,70.3,14.9,9.74,3,5.7,3,1.56,31.8,23,Wednesday,,Dry,Urban Road,T-Junction,Daylight,Signal,Urban,SUV,Yes,No,Medium
ACC12754,42,30,55.7,74.5,11.4,2,6.4,9,0.45,29.5,8,Tuesday,Clear,Dry,Urban Road,Intersection,Daylight,Uncontrolled,Suburban,SUV,No,No,Low
ACC12755,42,28,53.9,11.1,10.87,3,14.3,7,1.93,29.8,18,Friday,Fog,Dry,Rural Road,Straight Road,Daylight,Uncontrolled,Urban,Car,No,No,Medium
ACC12756,48,35,87.0,68.7,3.61,3,11.1,7,0.25,23.7,17,Sunday,Clear,Wet,Rural Road,Crossroad,Daylight,Signal,Urban,SUV,No,No,High
ACC12757,25,14,72.4,63.6,10.08,5,9.2,5,0.68,15.0,0,Sunday,Cloudy,Dry,Highway,T-Junction,Daylight,Stop Sign,Urban,Car,No,No,Medium
ACC12758,35,14,61.8,50.6,6.75,5,11.3,7,2.69,28.2,7,Sunday,Fog,Damaged,Residential,T-Junction,Street Lights,Uncontrolled,Rural,Car,No,No,High
ACC12759,22,9,65.1,59.0,12.0,3,10.0,4,28.46,29.0,8,Thursday,Rain,Damaged,Urban Road,Roundabout,Daylight,Stop Sign,Urban,Truck,No,No,Medium
ACC12760,38,20,78.2,57.7,7.65,3,5.8,5,0.17,31.5,11,Wednesday,Clear,Dry,Urban Road,Straight Road,Poor,Uncontrolled,Rural,Car,No,No,High
ACC12761,18,0,54.2,77.7,10.79,3,3.9,6,1.05,34.7,14,Sunday,Clear,Wet,Urban Road,Crossroad,Daylight,Stop Sign,Urban,Car,No,No,Medium
ACC12762,24,2,71.2,69.9,5.05,5,4.9,7,0.6,37.1,23,Saturday,Clear,Dry,Highway,Crossroad,Daylight,Traffic Police,Urban,SUV,No,No,High
ACC12763,27,5,38.9,82.7,8.07,4,6.9,4,3.7,32.1,13,Wednesday,Cloudy,Dry,Highway,Straight Road,Daylight,Signal,Rural,Truck,No,No,Medium
ACC12764,35,20,62.4,100.0,12.0,1,6.3,9,0.12,35.6,18,Saturday,Clear,Wet,Highway,T-Junction,Daylight,Signal,Rural,SUV,Yes,No,High
ACC12765,46,28,28.6,38.7,4.55,1,8.8,8,0.36,26.4,22,Tuesday,Clear,Wet,Rural Road,Intersection,Daylight,Signal,Urban,Car,No,Yes,Medium
ACC12766,18,7,60.8,54.7,8.46,1,9.7,4,15.23,30.8,2,Monday,Storm,Wet,Highway,Straight Road,Street Lights,Stop Sign,Urban,Car,No,No,High
ACC12767,44,22,80.6,38.0,9.84,3,6.0,1,5.55,27.9,16,Monday,Cloudy,Dry,Highway,Crossroad,Street Lights,Signal,Urban,Car,No,No,Low
ACC12768,39,30,48.8,87.7,6.88,3,12.5,6,0.68,30.2,9,Tuesday,Clear,Dry,Residential,Straight Road,Daylight,Signal,Rural,SUV,Yes,No,High
ACC12769,40,19,59.1,52.8,6.01,3,6.1,2,0.52,23.5,1,Wednesday,Cloudy,Dry,Urban Road,T-Junction,Daylight,Uncontrolled,Urban,Car,No,No,High
ACC12770,32,18,45.5,53.9,11.21,3,9.3,10,32.25,20.9,22,Wednesday,Rain,Wet,Highway,Roundabout,Daylight,Signal,Urban,Car,Yes,No,High
ACC12771,43,32,62.1,56.9,8.85,2,7.6,7,0.28,21.4,16,Saturday,Clear,Dry,Rural Road,Roundabout,Street Lights,Stop Sign,Suburban,Car,No,No,Medium
ACC12772,33,20,38.0,38.3,12.0,4,9.9,6,1.43,27.5,8,Wednesday,Clear,Wet,Highway,Intersection,Street Lights,Uncontrolled,Urban,Bus,No,No,Low
ACC12773,25,8,37.8,5.0,7.25,5,9.3,3,5.15,32.9,18,Thursday,Rain,Dry,Urban Road,Intersection,Daylight,Uncontrolled,Urban,Car,No,Yes,Low
ACC12774,33,9,66.5,64.9,8.88,4,10.1,3,3.0,35.5,12,Saturday,Cloudy,Dry,Highway,T-Junction,Daylight,Signal,Rural,Car,No,No,Low
ACC12775,36,29,40.8,41.5,5.48,4,10.0,6,3.85,38.1,11,Monday,Cloudy,Dry,Highway,Intersection,Poor,Stop Sign,Rural,Motorcycle,No,Yes,Medium
ACC12776,24,1,85.2,59.5,10.42,3,7.4,4,0.1,31.6,17,Sunday,Clear,Dry,Highway,Roundabout,Daylight,Signal,Rural,Car,No,No,Low
ACC12777,18,0,84.4,100.0,5.89,3,9.1,5,0.39,34.3,3,Thursday,Clear,Dry,Urban Road,T-Junction,Daylight,Uncontrolled,Urban,Car,No,No,High
ACC12778,42,25,40.5,98.0,9.46,2,7.4,2,1.69,32.9,23,Wednesday,Clear,Wet,Residential,T-Junction,Daylight,Uncontrolled,Rural,Car,No,No,Low
ACC12779,27,19,98.9,51.4,7.31,4,5.7,4,0.17,30.6,20,Sunday,Clear,Damaged,Rural Road,T-Junction,Street Lights,Signal,Suburban,SUV,No,No,High
ACC12780,18,0,57.1,66.1,7.91,3,9.7,2,0.69,26.0,12,Monday,Clear,Dry,Highway,Straight Road,Poor,Signal,Urban,Car,No,No,Medium
ACC12781,36,17,58.2,71.9,8.26,5,6.4,6,0.61,32.2,3,Sunday,Clear,Dry,Rural Road,Intersection,Poor,Signal,Suburban,Car,No,No,Medium
ACC12782,33,18,73.1,75.4,8.19,4,8.3,5,19.92,18.8,5,Saturday,Rain,Dry,Residential,Crossroad,Street Lights,Signal,Urban,Car,No,No,Medium
ACC12783,20,0,82.8,41.6,8.25,2,10.8,9,17.71,31.1,19,Wednesday,Storm,Damaged,Urban Road,Roundabout,Daylight,Stop Sign,Suburban,SUV,No,No,High
ACC12784,28,10,82.5,46.5,4.74,1,10.1,8,33.24,23.8,3,Saturday,Rain,Dry,Urban Road,Intersection,Daylight,Uncontrolled,Suburban,Car,No,No,High
ACC12785,46,35,94.8,76.5,9.04,3,11.9,8,1.25,28.8,13,Wednesday,Fog,Damaged,Highway,Roundabout,Daylight,Signal,Suburban,Bus,No,No,High
ACC12786,18,12,65.8,46.0,6.7,3,9.7,6,0.44,20.7,22,Tuesday,Clear,Dry,Rural Road,Intersection,Poor,Uncontrolled,Urban,SUV,Yes,No,High
ACC12787,29,9,65.5,80.8,9.3,3,9.6,4,18.49,26.6,8,Monday,Storm,Dry,Urban Road,Crossroad,Street Lights,Traffic Police,Suburban,Car,No,No,Medium
ACC12788,40,30,66.2,44.6,9.46,2,9.0,7,0.98,29.9,5,Wednesday,Clear,Damaged,Residential,Roundabout,Daylight,Uncontrolled,Urban,Car,No,No,Medium
ACC12789,18,7,61.0,86.9,6.02,2,14.5,10,3.69,13.4,14,Friday,Storm,Dry,Highway,Crossroad,Daylight,Signal,Rural,Truck,No,No,High
ACC12790,55,41,33.1,45.6,4.98,2,5.2,3,46.2,32.9,15,Friday,Storm,Dry,Highway,Roundabout,Daylight,Stop Sign,Suburban,Truck,No,No,Medium
ACC12791,44,24,21.2,68.9,9.1,1,5.3,3,4.59,36.7,7,Sunday,Rain,Dry,Urban Road,Straight Road,Poor,Stop Sign,Urban,Bus,No,Yes,Medium
ACC12792,54,31,40.0,79.3,7.91,3,5.7,10,38.36,34.8,5,Sunday,Storm,Dry,Urban Road,Straight Road,Daylight,Uncontrolled,Urban,Bus,No,No,High
ACC12793,35,26,73.2,42.6,8.39,2,6.9,6,3.69,33.7,4,Saturday,Cloudy,Dry,Rural Road,Roundabout,Daylight,Signal,Suburban,Car,No,Yes,Medium
ACC12794,52,29,54.5,100.0,6.97,5,4.7,3,0.1,38.7,20,Wednesday,Clear,Wet,Residential,Roundabout,Daylight,Signal,Urban,Truck,Yes,No,High
ACC12795,36,19,39.0,96.1,7.26,2,10.6,7,0.08,33.7,19,Sunday,Clear,Wet,Highway,Crossroad,Daylight,Stop Sign,Suburban,Car,Yes,No,High
ACC12796,32,10,79.5,56.8,6.08,3,7.6,5,2.97,24.3,11,Tuesday,Cloudy,Dry,Residential,T-Junction,Poor,Stop Sign,Urban,Motorcycle,No,No,High
ACC12797,23,1,47.3,73.6,8.29,2,8.6,6,0.38,30.3,16,Saturday,Clear,Damaged,Rural Road,Roundabout,Poor,Uncontrolled,Suburban,Truck,No,No,Medium
ACC12798,38,25,20.0,69.5,6.65,2,10.6,6,3.21,29.5,14,Wednesday,Cloudy,Dry,Highway,Intersection,Poor,Signal,Urban,Car,Yes,No,High
ACC12799,28,9,36.1,54.6,3.23,3,5.6,4,52.37,24.1,15,Sunday,Storm,Dry,Rural Road,Intersection,Street Lights,Stop Sign,Urban,Car,No,No,High
ACC12800,27,3,47.9,16.9,8.1,2,4.7,6,0.57,32.4,15,Sunday,Clear,Dry,Highway,Intersection,Street Lights,Signal,Rural,Car,No,No,Low
ACC12801,37,19,43.7,50.3,8.23,1,9.5,10,15.33,22.3,2,Friday,Rain,Dry,Highway,Straight Road,Street Lights,Signal,Suburban,Motorcycle,No,No,Low
ACC12802,54,40,55.8,24.1,12.0,4,9.5,3,1.57,18.9,11,Monday,,Dry,Urban Road,Crossroad,Daylight,Uncontrolled,Urban,SUV,No,No,Low
ACC12803,49,37,62.8,55.1,5.69,2,9.2,7,2.8,27.1,19,Sunday,Fog,Icy,Rural Road,Straight Road,Street Lights,Signal,Rural,Motorcycle,No,No,High
ACC12804,44,36,63.3,100.0,7.93,3,9.1,1,13.52,13.3,17,Tuesday,Storm,Dry,Urban Road,Intersection,Daylight,Signal,Urban,Truck,No,No,High
ACC12805,34,9,55.6,42.8,10.66,4,5.4,5,6.6,27.2,20,Wednesday,Cloudy,Dry,Rural Road,Roundabout,Street Lights,Uncontrolled,Suburban,Car,Yes,No,Low
ACC12806,36,18,75.3,24.2,8.53,2,9.9,5,32.65,22.6,3,Sunday,Storm,Dry,Rural Road,Intersection,Daylight,Uncontrolled,Urban,Car,No,No,High
ACC12807,51,40,77.7,79.0,9.77,2,12.2,7,3.62,20.0,0,Friday,Rain,Wet,Urban Road,Roundabout,Daylight,Signal,Urban,Car,Yes,No,High
ACC12808,41,35,67.6,63.0,8.54,3,10.4,5,1.14,26.1,16,Sunday,Clear,Damaged,Urban Road,Crossroad,Street Lights,Stop Sign,Urban,Car,No,No,Low
ACC12809,18,0,76.6,99.8,8.1,2,4.3,5,8.76,40.3,18,Sunday,Cloudy,Dry,Highway,T-Junction,Poor,Signal,Urban,Motorcycle,No,No,High
ACC12810,62,40,32.1,15.4,7.99,3,10.5,7,15.51,31.0,8,Monday,Rain,Dry,Highway,Roundabout,Daylight,Signal,Rural,SUV,No,No,Low
ACC12811,35,21,21.6,46.2,,1,7.9,7,0.78,20.4,18,Friday,Clear,Dry,Urban Road,Straight Road,Daylight,Stop Sign,Rural,Motorcycle,Yes,No,Low
ACC12812,36,12,40.2,31.1,10.46,4,8.1,9,1.7,22.5,18,Saturday,Cloudy,Dry,Highway,Intersection,Poor,Signal,Urban,Motorcycle,No,No,Medium
ACC12813,37,25,64.1,74.5,11.92,4,8.1,7,14.89,27.0,18,Tuesday,Rain,Dry,Urban Road,Intersection,Street Lights,Traffic Police,Urban,Car,Yes,No,High
ACC12814,36,16,75.8,78.6,4.34,3,7.4,5,0.6,25.2,19,Saturday,Clear,Dry,Urban Road,Intersection,Daylight,Signal,Rural,Car,No,No,High
ACC12815,33,23,39.0,43.7,5.83,3,8.4,9,0.59,27.1,2,Thursday,Cloudy,Dry,Urban Road,Roundabout,Street Lights,Uncontrolled,Urban,Car,No,No,Medium
ACC12816,19,7,64.8,69.3,11.16,7,5.0,6,10.49,23.1,1,Wednesday,Rain,Dry,Urban Road,Crossroad,Daylight,Uncontrolled,Urban,Truck,No,No,High
ACC12817,21,4,75.7,100.0,10.45,5,4.1,4,1.5,30.9,5,Saturday,Cloudy,Dry,Rural Road,Roundabout,Daylight,Traffic Police,Urban,Motorcycle,No,No,High
ACC12818,54,48,50.1,48.8,8.26,3,10.8,4,0.42,30.3,21,Monday,Clear,Damaged,Residential,Straight Road,Poor,Signal,Urban,Car,No,No,Medium
ACC12819,27,18,48.5,91.0,8.33,4,11.6,6,0.27,26.6,7,Tuesday,Clear,Damaged,Highway,Intersection,Daylight,Uncontrolled,Urban,Motorcycle,No,No,High
ACC12820,47,38,71.5,9.9,9.25,3,7.0,5,0.39,25.0,14,Sunday,Clear,Dry,Highway,Roundabout,Daylight,Traffic Police,Suburban,Motorcycle,No,No,Low
ACC12821,38,26,43.8,58.5,9.08,4,13.0,4,0.46,22.3,13,Sunday,Fog,Dry,Urban Road,Intersection,Daylight,Signal,Urban,Car,No,No,Medium
ACC12822,18,0,44.0,96.8,6.58,3,5.4,5,0.25,29.7,15,Tuesday,Clear,Dry,Highway,Straight Road,Daylight,Stop Sign,Rural,Truck,No,No,Medium
ACC12823,21,0,52.4,19.5,4.52,3,6.8,1,0.44,37.4,17,Sunday,Cloudy,Dry,Urban Road,T-Junction,Daylight,Signal,Urban,Bus,Yes,No,Medium
ACC12824,26,21,54.1,85.0,6.06,2,7.0,6,1.38,25.9,3,Sunday,Clear,Wet,Highway,T-Junction,Daylight,Stop Sign,Suburban,Car,Yes,No,High
ACC12825,43,33,50.9,30.7,7.67,4,3.6,7,0.35,29.6,17,Thursday,Clear,Dry,Residential,T-Junction,Daylight,Stop Sign,Urban,Truck,No,No,Medium
ACC12826,32,26,20.0,46.2,8.01,1,8.8,1,20.65,22.4,9,Thursday,Rain,Damaged,Urban Road,Intersection,Daylight,Signal,Suburban,Car,Yes,No,Medium
ACC12827,43,21,60.1,47.0,6.48,7,9.0,5,66.16,24.7,23,Wednesday,Rain,Damaged,Rural Road,Roundabout,Daylight,Uncontrolled,Urban,Bus,No,No,High
ACC12828,32,23,84.9,47.9,12.0,6,11.9,9,0.56,12.7,5,Saturday,Clear,Dry,Urban Road,Intersection,Daylight,Signal,Urban,SUV,No,Yes,High
ACC12829,42,22,54.4,76.1,5.79,3,9.8,3,0.63,33.3,18,Wednesday,Clear,Dry,Highway,Crossroad,Street Lights,Uncontrolled,Rural,Motorcycle,No,No,High
ACC12830,23,17,39.7,35.5,5.68,5,10.5,4,0.21,19.8,17,Saturday,Clear,Dry,Urban Road,Roundabout,Street Lights,Signal,Urban,Car,No,No,Low
ACC12831,30,17,70.9,100.0,7.58,3,7.2,1,1.9,29.1,22,Saturday,Cloudy,Dry,Highway,Straight Road,Daylight,Uncontrolled,Suburban,Car,Yes,No,High
ACC12832,38,26,51.1,55.4,5.5,3,8.1,9,26.91,22.1,18,Sunday,Rain,Dry,Urban Road,T-Junction,Street Lights,Signal,Rural,Car,No,No,High
ACC12833,32,20,45.6,83.9,11.3,4,10.4,6,0.69,26.0,18,Tuesday,Clear,Dry,Highway,Roundabout,Poor,Signal,Urban,Car,No,No,Medium
ACC12834,35,19,75.4,80.2,7.94,3,7.3,6,0.25,34.4,14,Saturday,Clear,Damaged,Highway,Roundabout,Poor,Uncontrolled,Urban,Truck,No,No,High
ACC12835,35,22,49.2,51.4,12.0,4,11.4,6,0.09,29.3,21,Wednesday,Clear,Dry,Urban Road,T-Junction,Daylight,Signal,Urban,Car,No,No,Low
ACC12836,44,31,62.4,61.9,11.71,3,8.2,6,10.71,25.2,4,Wednesday,Fog,Dry,Rural Road,Straight Road,Street Lights,Stop Sign,Rural,Car,No,No,Medium
ACC12837,35,26,77.3,49.0,7.32,2,6.1,6,28.93,22.6,7,Thursday,Storm,Wet,Residential,Intersection,Daylight,Traffic Police,Urban,Truck,No,No,High
ACC12838,34,21,60.2,67.2,6.17,2,10.9,7,0.9,40.3,16,Tuesday,Clear,Wet,Highway,Intersection,Daylight,Signal,Suburban,Truck,No,No,Medium
ACC12839,39,19,50.6,27.8,8.95,3,12.8,8,13.48,33.2,5,Friday,Rain,Dry,Urban Road,Roundabout,Daylight,Uncontrolled,Suburban,Car,No,No,Low
ACC12840,41,30,66.5,72.8,11.34,2,6.9,5,0.27,31.7,7,Friday,Clear,Damaged,Urban Road,T-Junction,Daylight,Signal,Urban,Truck,No,No,High
ACC12841,36,14,20.0,70.6,5.29,4,7.7,7,0.9,29.4,6,Monday,Clear,Dry,Residential,Crossroad,Daylight,Signal,Suburban,SUV,Yes,No,Medium
ACC12842,23,15,71.9,73.5,3.1,4,6.7,5,12.86,27.0,2,Thursday,Rain,Dry,Highway,Straight Road,Street Lights,Signal,Urban,Car,No,No,High
ACC12843,44,22,44.1,62.8,6.89,4,9.3,5,6.3,21.7,23,Monday,Fog,Dry,Highway,Intersection,Street Lights,Traffic Police,Urban,Motorcycle,Yes,No,High
ACC12844,42,25,60.0,27.3,6.06,6,11.5,6,42.61,19.0,0,Tuesday,Storm,Dry,Urban Road,Straight Road,Daylight,Signal,Suburban,Truck,No,No,High
ACC12845,31,18,58.8,39.0,10.47,1,7.9,3,2.41,19.3,2,Sunday,Cloudy,Wet,Highway,Straight Road,Daylight,Uncontrolled,Urban,Truck,No,Yes,Medium
ACC12846,41,35,64.1,70.8,5.37,5,6.6,7,1.37,22.0,22,Friday,Clear,Wet,Urban Road,Straight Road,Daylight,Traffic Police,Urban,Car,No,No,High
ACC12847,56,48,63.7,49.5,9.2,2,7.1,7,4.9,25.6,19,Sunday,Rain,Wet,Residential,T-Junction,Daylight,Signal,Suburban,Car,No,No,Medium
ACC12848,32,19,42.6,33.7,6.42,5,5.9,8,0.71,32.3,20,Friday,Clear,Dry,Residential,T-Junction,Poor,Stop Sign,Suburban,Bus,No,Yes,High
ACC12849,35,12,47.8,85.4,6.05,1,6.2,5,2.28,28.3,7,Friday,Cloudy,Dry,Urban Road,T-Junction,Street Lights,Uncontrolled,Urban,SUV,Yes,No,Medium
ACC12850,38,14,43.7,45.4,9.17,3,5.5,7,0.66,22.2,12,Monday,Clear,Dry,Highway,Roundabout,Poor,Signal,Suburban,Bus,No,No,Medium
ACC12851,67,43,50.9,47.0,4.83,1,6.7,5,25.41,36.2,2,Sunday,Rain,Dry,Urban Road,T-Junction,Street Lights,Signal,Urban,SUV,No,No,Medium
ACC12852,37,27,28.3,54.1,10.96,4,7.6,9,1.0,27.8,7,Wednesday,Clear,Wet,Highway,Roundabout,Daylight,Signal,Rural,Truck,Yes,No,Low
ACC12853,28,18,20.0,,8.65,5,7.6,10,0.37,28.2,18,Monday,Clear,Wet,Residential,Intersection,Daylight,Uncontrolled,Suburban,SUV,No,No,Medium
ACC12854,21,1,66.2,60.9,5.91,2,10.3,4,5.75,28.5,19,Sunday,Fog,Dry,Highway,Intersection,Daylight,Uncontrolled,Urban,Truck,Yes,No,High
ACC12855,31,7,84.8,,12.0,2,7.7,3,1.27,34.4,8,Friday,Clear,Dry,Urban Road,Intersection,Daylight,Signal,Urban,SUV,No,No,Medium
ACC12856,34,26,38.1,65.8,12.0,4,9.4,6,2.66,31.0,11,Thursday,Cloudy,Dry,Urban Road,Intersection,Street Lights,Signal,Suburban,Car,No,No,Low
ACC12857,42,29,70.3,69.1,3.23,4,6.6,3,0.17,28.2,21,Thursday,Clear,Dry,Rural Road,Intersection,Daylight,Traffic Police,Rural,Bus,Yes,Yes,High
ACC12858,35,13,33.7,38.5,7.08,3,9.9,10,0.59,21.1,15,Saturday,Clear,Dry,Highway,T-Junction,Daylight,Signal,Urban,Car,Yes,No,Medium
ACC12859,36,21,57.3,23.3,6.91,3,11.3,5,0.45,32.0,18,Sunday,Clear,Dry,Highway,Crossroad,Street Lights,Uncontrolled,Urban,Car,No,No,Medium
ACC12860,37,15,68.7,66.7,6.04,6,6.0,3,0.29,29.4,5,Monday,Clear,Dry,Urban Road,T-Junction,Poor,Signal,Urban,Motorcycle,Yes,No,High
ACC12861,37,30,89.8,99.9,11.03,4,4.8,5,5.06,31.7,12,Saturday,Fog,Dry,Urban Road,Crossroad,Daylight,Uncontrolled,Urban,Car,No,No,High
ACC12862,48,27,59.6,78.2,5.87,3,9.3,4,0.52,25.5,0,Saturday,Clear,Dry,Residential,T-Junction,Street Lights,Traffic Police,Suburban,Car,No,No,High
ACC12863,25,12,37.0,86.3,7.45,3,8.3,7,22.61,33.3,1,Monday,,Dry,Highway,Intersection,Daylight,Signal,Urban,SUV,Yes,No,High
ACC12864,56,37,58.4,61.3,7.35,3,10.8,8,4.82,29.4,15,Saturday,Cloudy,Wet,Highway,Straight Road,Daylight,Signal,Suburban,Truck,No,No,Medium
ACC12865,50,39,61.5,81.0,2.2,3,9.5,2,0.22,28.7,5,Tuesday,Clear,Dry,Highway,Crossroad,Daylight,Stop Sign,Rural,SUV,No,No,High
ACC12866,46,27,102.0,79.5,10.05,2,9.3,11,1.24,19.5,11,Monday,Cloudy,Icy,Rural Road,Straight Road,Daylight,Signal,Rural,SUV,No,No,High
ACC12867,26,7,98.8,50.0,12.0,2,4.2,3,1.24,30.0,20,Saturday,Cloudy,Dry,Urban Road,Intersection,Street Lights,Signal,Urban,Car,No,No,Medium
ACC12868,33,20,70.7,49.4,6.02,3,7.2,5,3.06,26.8,11,Saturday,Rain,Dry,Urban Road,Crossroad,Daylight,Uncontrolled,Suburban,Car,No,Yes,High
ACC12869,27,3,47.5,45.7,9.18,3,6.7,0,0.11,26.2,19,Monday,Clear,Dry,Highway,Straight Road,Street Lights,Signal,Rural,Car,No,No,Low
ACC12870,26,21,60.9,44.4,8.42,4,8.7,4,1.0,26.7,17,Friday,Clear,Dry,Rural Road,T-Junction,Poor,Signal,Urban,Motorcycle,Yes,No,High
ACC12871,32,14,36.7,16.2,9.87,3,10.9,6,8.96,24.9,17,Saturday,Fog,Wet,Rural Road,Intersection,Daylight,Uncontrolled,Urban,Truck,No,No,Medium
ACC12872,33,10,42.6,39.5,11.81,2,10.3,7,1.07,28.0,14,Wednesday,Fog,Dry,Residential,T-Junction,Street Lights,Stop Sign,Rural,Motorcycle,No,No,Low
ACC12873,31,9,78.7,40.3,7.76,7,7.8,5,0.28,18.9,14,Friday,Fog,Damaged,Highway,T-Junction,Daylight,Signal,Urban,Car,No,No,High
ACC12874,35,19,73.8,53.9,4.73,6,7.1,3,0.65,26.5,16,Wednesday,Clear,Damaged,Urban Road,Intersection,Daylight,Uncontrolled,Rural,Car,No,No,High
ACC12875,44,21,67.9,95.4,12.0,3,6.9,9,12.42,24.1,13,Friday,Rain,Dry,Residential,Crossroad,Street Lights,Uncontrolled,Urban,Motorcycle,Yes,No,High
ACC12876,43,36,49.2,66.7,7.88,5,10.9,9,1.4,41.3,14,Sunday,Cloudy,Dry,Highway,Roundabout,Street Lights,Stop Sign,Urban,Car,No,No,Medium
ACC12877,39,23,27.0,84.7,5.54,3,11.7,6,7.68,15.3,20,Friday,Cloudy,Wet,Highway,Roundabout,Daylight,Signal,Urban,SUV,Yes,No,High
ACC12878,34,9,56.0,12.1,7.07,2,12.1,7,1.65,26.1,0,Tuesday,Clear,Dry,Rural Road,Intersection,Poor,Signal,Urban,Car,Yes,No,Medium
ACC12879,31,6,39.0,84.6,7.67,4,10.4,5,2.48,29.8,20,Saturday,Cloudy,Wet,Highway,Roundabout,Daylight,Uncontrolled,Urban,Car,No,No,Medium
ACC12880,38,19,41.9,73.0,5.25,2,6.8,6,0.66,29.7,18,Sunday,Clear,Dry,Urban Road,Straight Road,Poor,Uncontrolled,Urban,Car,No,No,High
ACC12881,46,38,69.2,75.0,5.76,2,6.2,10,0.58,31.0,10,Wednesday,Clear,Dry,Rural Road,Crossroad,Daylight,Uncontrolled,Urban,Bus,No,Yes,High
ACC12882,49,42,101.2,53.8,10.49,3,8.5,3,4.38,25.0,1,Friday,Fog,Dry,Rural Road,T-Junction,Daylight,Signal,Urban,Car,No,No,High
ACC12883,21,0,56.1,100.0,8.72,5,10.6,4,0.1,13.5,16,Friday,Clear,Dry,Highway,T-Junction,Daylight,Stop Sign,Urban,Car,No,No,Medium
ACC12884,34,11,61.6,72.0,9.92,5,3.9,6,1.33,24.0,19,Wednesday,Clear,Damaged,Highway,Intersection,Daylight,Uncontrolled,Rural,Motorcycle,Yes,No,High
ACC12885,25,14,39.3,31.0,9.52,5,11.5,5,0.28,27.0,18,Sunday,Clear,Dry,Urban Road,T-Junction,Street Lights,Signal,Urban,SUV,No,No,Low
ACC12886,19,0,42.9,49.3,5.35,3,10.4,3,3.71,30.1,10,Tuesday,Fog,Wet,Urban Road,Straight Road,Street Lights,Signal,Rural,SUV,Yes,No,Medium
ACC12887,48,40,56.0,,7.93,2,7.7,5,2.28,28.6,22,Wednesday,Cloudy,Dry,Urban Road,Straight Road,Daylight,Stop Sign,Rural,Car,No,No,Medium
ACC12888,49,38,20.0,,11.44,3,3.0,6,0.89,24.3,13,Tuesday,Clear,Dry,Urban Road,Intersection,Daylight,Uncontrolled,Urban,Truck,No,Yes,High
ACC12889,33,15,39.3,63.3,8.15,2,10.4,6,20.93,26.8,19,Sunday,Rain,Dry,Residential,T-Junction,Daylight,Signal,Urban,Car,Yes,No,Medium
ACC12890,30,22,68.3,82.4,10.22,4,11.3,4,13.15,32.7,3,Tuesday,Rain,Dry,Rural Road,Roundabout,Daylight,Stop Sign,Rural,Car,No,No,Low
ACC12891,31,6,88.3,62.4,9.47,4,5.3,9,0.16,24.0,2,Thursday,Clear,Dry,Rural Road,Roundabout,Street Lights,Stop Sign,Suburban,Motorcycle,No,No,High
ACC12892,18,9,65.5,94.8,5.8,6,11.9,2,16.76,29.8,6,Tuesday,Rain,Dry,Highway,Crossroad,Street Lights,Stop Sign,Urban,Car,No,No,High
ACC12893,47,37,45.1,100.0,10.77,5,7.7,6,7.7,25.3,2,Thursday,Rain,,Urban Road,Intersection,Poor,Uncontrolled,Suburban,Bus,Yes,No,High
ACC12894,30,16,35.6,46.9,11.49,1,7.1,7,17.25,25.9,7,Saturday,Rain,Dry,Residential,Crossroad,Daylight,Stop Sign,Urban,SUV,Yes,Yes,Medium
ACC12895,32,11,53.5,91.6,8.19,3,11.6,6,0.89,39.4,19,Monday,Clear,Dry,Highway,Roundabout,Daylight,Signal,Urban,Car,Yes,No,Medium
ACC12896,38,31,54.6,28.1,10.6,2,4.2,1,1.76,18.5,13,Tuesday,Fog,Wet,Urban Road,Roundabout,Street Lights,Signal,Urban,Car,Yes,No,High
ACC12897,18,0,43.6,57.2,8.26,3,8.1,6,3.15,19.3,16,Wednesday,Cloudy,Wet,Highway,Roundabout,Poor,Stop Sign,Urban,Motorcycle,No,No,Medium
ACC12898,35,28,72.2,57.2,8.12,3,8.7,2,2.15,20.9,14,Thursday,Clear,Dry,Residential,Crossroad,Street Lights,Signal,Rural,Motorcycle,No,No,Medium
ACC12899,36,29,34.1,74.8,7.22,2,7.2,8,0.16,29.7,0,Sunday,Clear,Dry,Residential,Intersection,Daylight,Stop Sign,Rural,SUV,No,No,High
ACC12900,29,23,45.5,49.8,5.5,4,8.5,8,0.13,23.3,6,Sunday,Clear,Damaged,Urban Road,Straight Road,Daylight,Uncontrolled,Suburban,SUV,No,No,Medium
ACC12901,58,42,51.4,57.4,6.3,1,9.1,6,0.26,21.1,16,Monday,Clear,Dry,Residential,Straight Road,Street Lights,Signal,Urban,Truck,Yes,No,Medium
ACC12902,22,8,97.5,86.6,5.29,1,6.8,5,23.43,32.1,17,Saturday,Rain,Dry,Urban Road,Roundabout,Street Lights,Stop Sign,Urban,Car,No,No,High
ACC12903,40,29,74.2,100.0,11.04,5,7.0,5,0.93,25.3,10,Monday,Clear,Dry,Urban Road,Intersection,Poor,Stop Sign,Urban,Bus,No,No,High
ACC12904,24,8,66.2,87.0,8.09,5,7.5,7,1.59,20.9,7,Tuesday,Clear,Wet,Rural Road,Intersection,Daylight,Signal,Urban,Car,Yes,Yes,High
ACC12905,38,23,72.1,93.0,11.02,4,7.8,4,1.84,28.8,22,Wednesday,Cloudy,Dry,Residential,T-Junction,Poor,Stop Sign,Urban,SUV,No,No,Medium
ACC12906,23,9,62.1,36.0,2.76,6,8.7,5,3.1,36.6,15,Tuesday,Clear,Icy,Highway,T-Junction,Daylight,Traffic Police,Suburban,Car,No,Yes,High
ACC12907,45,37,62.8,19.2,5.35,2,6.7,10,59.73,33.0,8,Friday,Storm,Dry,Highway,Crossroad,Poor,Signal,Urban,Motorcycle,No,No,High
ACC12908,39,16,54.3,86.8,6.76,4,9.1,12,1.4,19.5,14,Monday,Clear,Wet,Rural Road,T-Junction,Poor,Stop Sign,Rural,Car,Yes,No,High
ACC12909,18,1,79.8,38.1,10.26,5,11.1,3,1.19,23.3,1,Friday,Clear,Dry,Rural Road,Crossroad,Street Lights,Signal,Rural,Motorcycle,No,No,Medium
ACC12910,37,29,60.7,44.9,8.47,8,5.7,6,1.12,25.1,7,Friday,Clear,Dry,Residential,Straight Road,Street Lights,Signal,Suburban,Truck,No,No,Low
ACC12911,29,19,49.6,67.8,7.99,2,10.6,3,0.44,27.7,9,Thursday,Clear,Damaged,Highway,Roundabout,Daylight,Signal,Suburban,Truck,No,No,High
ACC12912,33,13,75.4,68.6,3.86,7,6.7,4,0.3,27.1,9,Sunday,Clear,Dry,Residential,Intersection,Daylight,Uncontrolled,Urban,Bus,No,No,High
ACC12913,18,0,54.4,72.3,9.98,3,4.9,9,12.09,28.0,19,Friday,Rain,Dry,Residential,Straight Road,Daylight,Signal,Urban,Motorcycle,No,No,High
ACC12914,50,30,57.4,47.3,7.93,3,8.8,9,24.21,37.3,3,Monday,Storm,Dry,Urban Road,Straight Road,Daylight,Signal,Rural,Car,No,No,High
ACC12915,24,3,54.3,51.8,12.0,2,7.4,4,0.85,23.4,18,Monday,Clear,Dry,Rural Road,Crossroad,Daylight,Uncontrolled,Suburban,SUV,No,No,Low
ACC12916,32,15,86.8,,2.34,2,8.6,8,38.46,23.5,0,Wednesday,Rain,Dry,Highway,Roundabout,Daylight,Signal,Urban,Bus,No,No,High
ACC12917,25,14,55.9,38.2,7.68,1,4.4,6,7.83,26.3,11,Tuesday,Rain,Wet,Highway,Crossroad,Poor,Signal,Suburban,Car,No,No,Medium
ACC12918,32,20,62.3,48.8,5.2,1,7.1,7,15.28,27.0,17,Wednesday,Rain,Dry,Highway,Straight Road,Daylight,Signal,Rural,Bus,No,No,Low
ACC12919,34,19,20.0,95.4,5.1,2,12.5,6,0.32,22.0,23,Wednesday,Clear,Dry,Urban Road,Intersection,Street Lights,Signal,Urban,SUV,No,No,Medium
ACC12920,34,24,55.9,79.4,6.35,1,5.6,9,0.74,20.7,17,Sunday,Clear,Dry,Highway,T-Junction,Street Lights,Stop Sign,Urban,Truck,No,No,High
ACC12921,50,28,61.2,48.5,11.91,3,11.8,9,0.21,32.3,15,Tuesday,Clear,Wet,Residential,Crossroad,Daylight,Signal,Rural,Car,No,No,Low
ACC12922,34,14,84.0,17.5,8.13,2,3.9,10,20.45,34.0,0,Monday,Rain,Wet,Urban Road,Straight Road,Daylight,Signal,Urban,Truck,No,No,High
ACC12923,53,28,69.8,45.5,7.3,4,7.8,3,32.91,31.1,6,Thursday,Rain,Dry,Highway,T-Junction,Daylight,Uncontrolled,Urban,Car,No,No,High
ACC12924,19,6,56.9,72.7,7.37,1,7.0,9,0.05,28.5,12,Sunday,Clear,Dry,Residential,T-Junction,Street Lights,Uncontrolled,Urban,Truck,No,Yes,High
ACC12925,48,26,54.5,61.1,8.84,3,7.1,7,1.02,33.5,7,Friday,Clear,Damaged,Highway,Straight Road,Street Lights,Uncontrolled,Rural,Motorcycle,No,No,Medium
ACC12926,46,25,20.0,60.5,6.8,7,8.3,4,2.14,34.2,5,Thursday,Fog,Dry,Highway,Roundabout,Daylight,Uncontrolled,Rural,SUV,Yes,No,Medium
ACC12927,47,25,46.3,100.0,8.73,5,11.0,6,19.03,30.1,1,Friday,Rain,Damaged,Highway,Straight Road,Street Lights,Stop Sign,Urban,Truck,No,No,High
ACC12928,58,39,59.4,80.0,8.54,2,5.2,8,9.96,19.9,9,Tuesday,Storm,Damaged,Highway,Intersection,Daylight,Stop Sign,Urban,Car,Yes,No,High
ACC12929,18,6,20.7,87.5,7.74,3,14.2,7,31.43,28.3,12,Tuesday,Rain,Wet,Highway,T-Junction,Street Lights,Stop Sign,Urban,Truck,No,No,Medium
ACC12930,18,8,64.0,69.3,8.98,9,6.1,8,0.04,26.6,9,Wednesday,Clear,Dry,Rural Road,Intersection,Daylight,Uncontrolled,Urban,Car,Yes,No,High
ACC12931,36,26,81.3,88.6,6.1,2,8.8,7,2.59,23.6,7,Saturday,Cloudy,Wet,Highway,Crossroad,Street Lights,Stop Sign,Urban,Car,Yes,No,High
ACC12932,18,2,82.4,77.9,7.47,3,6.2,2,28.16,28.8,7,Saturday,Rain,Wet,Rural Road,T-Junction,Poor,Signal,Urban,Car,No,No,High
ACC12933,18,0,44.5,100.0,4.66,4,9.9,4,1.25,25.4,16,Tuesday,Clear,Dry,Highway,Roundabout,Street Lights,Uncontrolled,Urban,Car,Yes,No,High
ACC12934,32,18,86.3,24.9,3.58,4,5.4,7,0.8,19.5,16,Friday,Cloudy,Dry,Urban Road,Straight Road,Daylight,Uncontrolled,Rural,SUV,No,No,Medium
ACC12935,30,13,55.4,41.0,11.3,6,9.2,5,14.27,27.2,22,Saturday,Rain,Dry,Rural Road,Crossroad,Daylight,Uncontrolled,Urban,Motorcycle,Yes,Yes,High
ACC12936,18,0,41.2,26.6,9.88,6,9.0,3,0.55,25.7,5,Thursday,Clear,Dry,Rural Road,Intersection,Street Lights,Signal,Urban,Bus,No,No,Medium
ACC12937,28,6,50.4,48.1,11.34,4,8.6,4,23.28,21.5,2,Sunday,Rain,Dry,Highway,Crossroad,Daylight,Signal,Urban,Car,No,No,Low
ACC12938,43,25,58.8,,10.39,6,7.4,4,0.91,26.6,7,Thursday,Cloudy,Dry,Urban Road,Roundabout,Daylight,Signal,Suburban,Truck,No,No,Medium
ACC12939,40,22,20.0,91.7,6.21,6,5.4,3,11.27,37.7,2,Thursday,Storm,Dry,Urban Road,Straight Road,Street Lights,Stop Sign,Urban,Motorcycle,No,No,High
ACC12940,43,18,76.8,100.0,2.62,1,7.5,6,1.2,31.7,8,Saturday,Clear,Dry,Urban Road,Crossroad,Daylight,Signal,Urban,Motorcycle,No,No,High
ACC12941,30,8,23.5,60.8,6.13,2,10.2,5,1.51,30.8,8,Sunday,Clear,Dry,Urban Road,Intersection,Daylight,Signal,Suburban,SUV,No,No,Medium
ACC12942,48,28,54.2,61.0,9.14,4,7.3,4,2.09,30.3,0,Thursday,Cloudy,Wet,Rural Road,Crossroad,Poor,Signal,Rural,Motorcycle,No,No,High
ACC12943,55,33,76.7,65.7,8.22,3,9.5,4,0.16,18.7,1,Wednesday,Clear,Damaged,Urban Road,Straight Road,Daylight,Signal,Suburban,Truck,No,No,Medium
ACC12944,37,12,57.6,56.3,8.1,3,9.1,5,23.81,36.0,20,Saturday,Rain,Dry,Rural Road,Crossroad,Daylight,Uncontrolled,Urban,Car,No,No,High
ACC12945,30,15,67.3,42.0,7.04,3,9.2,7,13.45,28.4,14,Thursday,Rain,Dry,Urban Road,Intersection,Street Lights,Uncontrolled,Urban,Car,No,No,Medium
ACC12946,35,16,81.1,57.3,5.06,5,6.9,6,0.06,24.5,3,Friday,Clear,Dry,Urban Road,Straight Road,Poor,Signal,Suburban,SUV,No,No,Medium
ACC12947,21,0,72.8,43.4,12.0,6,10.2,6,10.39,26.4,19,Wednesday,Cloudy,Wet,Highway,Roundabout,Daylight,Stop Sign,Urban,Bus,No,No,Medium
ACC12948,31,17,62.7,53.2,9.53,4,9.2,7,1.4,16.9,6,Sunday,Cloudy,Wet,Urban Road,Roundabout,Street Lights,Signal,Urban,Motorcycle,Yes,No,Medium
ACC12949,42,18,107.8,60.8,9.3,4,14.1,5,0.16,28.4,8,Wednesday,Clear,Damaged,Residential,T-Junction,Street Lights,Signal,Rural,SUV,No,No,Medium
ACC12950,39,26,32.3,60.7,4.2,3,10.5,8,10.69,36.1,23,Saturday,Fog,Dry,Urban Road,Crossroad,Daylight,Uncontrolled,Rural,Motorcycle,No,No,Medium
ACC12951,40,30,65.4,59.7,7.54,2,12.9,5,12.89,29.0,8,Wednesday,Rain,Damaged,Highway,Intersection,Daylight,Uncontrolled,Rural,Motorcycle,No,No,Medium
ACC12952,18,0,68.4,46.7,9.41,4,9.1,3,13.4,21.9,16,Tuesday,Rain,Dry,Rural Road,Crossroad,Daylight,Uncontrolled,Rural,Car,No,No,Medium
ACC12953,43,36,25.9,75.4,12.0,4,12.0,8,9.61,37.8,3,Wednesday,Rain,Wet,Highway,Straight Road,Street Lights,Stop Sign,Suburban,Truck,No,No,Medium
ACC12954,29,21,47.0,82.9,10.73,5,5.3,6,0.81,17.8,10,Friday,Cloudy,Dry,Urban Road,T-Junction,Street Lights,Uncontrolled,Suburban,Car,No,No,Medium
ACC12955,33,9,39.1,32.6,7.15,4,10.0,4,2.62,19.3,1,Sunday,Fog,Damaged,Highway,Intersection,Daylight,Signal,Urban,Car,No,No,High
ACC12956,27,16,58.9,58.0,9.73,4,8.5,5,31.55,23.4,12,Saturday,Rain,Dry,Rural Road,Crossroad,Street Lights,Signal,Rural,SUV,Yes,No,Medium
ACC12957,52,46,51.0,66.6,8.93,7,6.3,10,7.98,34.8,22,Saturday,Rain,Wet,Residential,Intersection,Street Lights,Signal,Urban,Car,No,Yes,High
ACC12958,20,6,93.3,64.1,10.0,3,8.0,8,3.43,27.7,18,Thursday,Fog,Wet,Residential,Straight Road,Daylight,Uncontrolled,Suburban,Car,Yes,No,High
ACC12959,34,12,78.0,65.0,7.22,4,8.5,6,0.31,30.1,8,Sunday,Clear,Dry,Urban Road,T-Junction,Street Lights,Signal,Urban,Car,Yes,No,High
ACC12960,20,8,63.5,16.9,8.39,2,11.4,10,50.25,19.5,13,Tuesday,,Dry,Residential,Intersection,Daylight,Signal,Urban,Car,No,No,Low
ACC12961,46,33,57.2,99.9,5.89,3,10.4,5,0.43,41.6,20,Thursday,Clear,Damaged,Urban Road,Straight Road,Poor,Stop Sign,Suburban,Car,No,No,High
ACC12962,36,28,20.0,56.3,7.21,3,5.7,9,0.19,17.1,15,Monday,Clear,Dry,Urban Road,Roundabout,Street Lights,Signal,Urban,Car,No,No,Low
ACC12963,23,11,27.0,55.9,11.02,1,13.8,6,0.65,18.9,17,Tuesday,,Dry,Rural Road,Intersection,Street Lights,Signal,Suburban,Motorcycle,No,No,Low
ACC12964,36,12,65.9,76.7,8.55,6,11.0,3,29.18,14.5,4,Sunday,Storm,,Urban Road,T-Junction,Street Lights,Signal,Suburban,Motorcycle,No,No,High
ACC12965,26,3,61.7,21.4,4.48,4,8.4,7,8.03,40.4,6,Friday,Fog,Dry,Urban Road,Intersection,Street Lights,Signal,Urban,Bus,No,No,High
ACC12966,44,24,26.2,53.0,6.85,4,9.9,11,20.28,31.4,20,Tuesday,Rain,Dry,Urban Road,Intersection,Poor,Uncontrolled,Urban,SUV,No,No,Low
ACC12967,57,36,69.1,49.0,9.64,2,8.8,8,11.77,38.3,14,Wednesday,Rain,Dry,Highway,Straight Road,Street Lights,Stop Sign,Urban,Truck,No,No,Medium
ACC12968,20,2,50.5,87.3,3.62,5,9.0,4,2.43,28.0,19,Tuesday,Cloudy,Dry,Rural Road,Crossroad,Poor,Signal,Rural,Car,No,No,High
ACC12969,50,43,38.0,60.2,9.88,4,9.2,3,7.61,26.8,22,Wednesday,Fog,,Highway,Crossroad,Street Lights,Signal,Urban,Car,Yes,No,Medium
ACC12970,48,41,62.2,39.5,10.65,2,7.8,8,5.01,22.7,11,Thursday,Cloudy,Damaged,Urban Road,Intersection,Daylight,Uncontrolled,Urban,Bus,No,No,High
ACC12971,31,15,68.2,59.6,8.79,3,7.0,3,0.23,21.8,5,Tuesday,Clear,Icy,Highway,T-Junction,Poor,Stop Sign,Urban,Truck,No,No,High
ACC12972,43,26,45.9,57.4,6.48,2,8.8,7,0.37,26.7,9,Tuesday,Clear,Wet,Residential,T-Junction,Street Lights,Uncontrolled,Rural,Car,No,Yes,Medium
ACC12973,38,14,69.4,35.6,3.93,3,11.4,5,14.57,33.0,19,Friday,Rain,Dry,Rural Road,Straight Road,Street Lights,Stop Sign,Suburban,Car,No,No,Medium
ACC12974,35,21,44.2,55.1,5.36,3,7.3,6,22.94,27.9,14,Monday,Rain,Damaged,Urban Road,Intersection,Poor,Signal,Urban,Bus,No,No,High
ACC12975,30,7,48.4,86.6,11.94,2,9.7,5,0.23,22.4,6,Tuesday,Clear,Dry,Residential,Intersection,Daylight,Traffic Police,Rural,Motorcycle,No,No,Medium
ACC12976,43,18,20.0,71.5,7.64,2,7.4,10,0.37,31.5,16,Thursday,Clear,Dry,Rural Road,Crossroad,Daylight,Stop Sign,Rural,Motorcycle,No,No,Medium
ACC12977,29,7,64.1,92.3,11.1,3,5.3,4,15.48,42.5,19,Wednesday,Rain,Damaged,Urban Road,Straight Road,Daylight,Signal,Suburban,Car,No,No,High
ACC12978,46,33,28.3,68.2,7.2,2,13.3,4,1.11,30.7,16,Thursday,Clear,,Urban Road,Roundabout,Street Lights,Signal,Urban,Truck,No,No,Low
ACC12979,26,6,40.2,65.0,6.22,2,7.4,3,19.06,31.5,23,Sunday,Rain,Wet,Urban Road,T-Junction,Street Lights,Signal,Suburban,Bus,No,No,Medium
ACC12980,58,42,48.8,12.9,7.89,4,8.5,7,17.59,28.2,15,Saturday,Storm,Wet,Rural Road,T-Junction,Poor,Signal,Urban,SUV,No,Yes,High
ACC12981,22,13,77.8,75.5,11.14,5,6.9,5,0.56,24.6,19,Saturday,Clear,Dry,Urban Road,Intersection,Daylight,Traffic Police,Suburban,Truck,No,No,Medium
ACC12982,66,55,48.0,24.9,9.46,1,7.4,4,0.33,34.5,10,Friday,Clear,Dry,Highway,Straight Road,Street Lights,Uncontrolled,Rural,Motorcycle,No,No,Low
ACC12983,31,25,79.1,95.7,5.34,3,12.4,5,4.97,41.5,0,Saturday,Rain,Wet,Urban Road,Roundabout,Poor,Signal,Rural,Truck,No,No,High
ACC12984,44,32,30.8,58.8,6.24,3,5.1,4,31.13,27.8,12,Tuesday,Rain,Dry,Residential,T-Junction,Street Lights,Signal,Urban,Motorcycle,No,No,High
ACC12985,46,27,66.8,66.2,4.56,2,11.3,5,0.11,25.1,23,Sunday,Cloudy,Dry,Urban Road,Straight Road,Daylight,Uncontrolled,Rural,Car,Yes,No,High
ACC12986,37,14,73.3,50.4,11.27,5,8.0,4,26.58,25.4,21,Monday,Storm,Wet,Residential,Roundabout,Street Lights,Signal,Urban,SUV,No,No,High
ACC12987,47,36,56.5,28.2,8.47,4,9.4,2,0.24,30.3,1,Monday,Clear,Wet,Residential,Intersection,Poor,Stop Sign,Urban,Motorcycle,No,No,Low
ACC12988,28,12,77.3,69.9,8.71,2,6.0,5,1.36,21.8,1,Tuesday,Cloudy,Dry,Urban Road,Crossroad,Poor,Uncontrolled,Urban,Motorcycle,No,Yes,High
ACC12989,21,7,52.0,17.9,9.08,2,9.1,3,9.43,36.7,13,Monday,Rain,Wet,Highway,T-Junction,Street Lights,Uncontrolled,Suburban,SUV,No,No,Medium
ACC12990,36,29,59.2,48.3,7.91,2,10.8,6,7.45,21.4,7,Thursday,Fog,Wet,Urban Road,T-Junction,Poor,Uncontrolled,Urban,SUV,No,No,High
ACC12991,44,24,20.0,44.6,6.23,5,12.2,4,1.62,35.2,16,Wednesday,Clear,Wet,Residential,Roundabout,Daylight,Uncontrolled,Urban,Motorcycle,No,No,Low
ACC12992,29,14,48.9,41.2,3.04,4,7.7,8,8.93,23.5,5,Tuesday,Rain,Dry,Highway,Crossroad,Daylight,Traffic Police,Urban,Car,Yes,No,High
ACC12993,38,15,37.7,86.3,8.44,6,6.1,6,5.11,23.2,4,Saturday,Cloudy,Dry,Urban Road,Straight Road,Poor,Signal,Suburban,Car,No,No,Medium
ACC12994,21,0,74.8,57.2,12.0,1,7.2,4,0.68,28.8,10,Wednesday,Clear,Dry,Urban Road,Intersection,Daylight,Uncontrolled,Rural,SUV,No,No,Medium
ACC12995,38,27,72.9,44.8,5.61,3,7.6,6,0.97,24.2,10,Monday,Clear,Dry,Highway,Straight Road,Daylight,Signal,Suburban,Car,Yes,No,High
ACC12996,30,19,79.2,28.8,3.48,2,11.5,3,2.82,16.9,0,Friday,Fog,Dry,Residential,Roundabout,Daylight,Signal,Urban,SUV,No,No,High
ACC12997,37,21,20.0,72.4,7.24,2,9.3,5,0.44,34.3,7,Sunday,Clear,Dry,Rural Road,T-Junction,Street Lights,Signal,Rural,Car,No,No,Low
ACC12998,36,28,61.3,84.1,8.91,3,9.2,5,0.72,38.5,18,Wednesday,Clear,Dry,Residential,T-Junction,Street Lights,Uncontrolled,Suburban,Motorcycle,No,No,High
ACC12999,25,15,64.0,61.5,5.47,1,10.0,7,0.27,20.4,0,Sunday,Clear,Damaged,Highway,Straight Road,Daylight,Signal,Rural,Motorcycle,No,No,High
ACC13000,37,16,24.2,70.8,6.47,6,7.8,8,4.22,25.6,22,Sunday,Fog,Dry,Urban Road,Intersection,Poor,Uncontrolled,Suburban,Car,No,No,High
ACC13001,29,21,31.8,85.0,4.89,2,5.4,2,18.07,29.4,3,Friday,Rain,Wet,Residential,Roundabout,Poor,Stop Sign,Rural,SUV,No,No,High
ACC13002,45,29,96.7,61.1,8.11,3,8.8,5,7.99,26.8,4,Thursday,Rain,Wet,Urban Road,Intersection,,Signal,Rural,Truck,No,No,High
ACC13003,45,32,71.6,95.1,8.9,5,9.8,4,0.36,31.7,19,Friday,Clear,Dry,Residential,Roundabout,Daylight,Uncontrolled,Urban,Car,No,No,Medium
ACC13004,37,28,51.6,100.0,7.11,2,5.9,3,1.49,25.6,1,Wednesday,Cloudy,Damaged,Highway,Intersection,Street Lights,Uncontrolled,Urban,Car,No,No,High
ACC13005,36,12,77.8,69.9,5.72,3,8.4,3,1.8,24.4,1,Wednesday,Cloudy,Dry,Urban Road,Straight Road,Street Lights,Uncontrolled,Suburban,Truck,No,No,High
ACC13006,43,21,36.2,28.4,9.49,2,10.3,2,30.05,26.8,10,Tuesday,Rain,Dry,Rural Road,Crossroad,Daylight,Signal,Suburban,Car,No,No,Low
ACC13007,45,35,62.7,76.7,9.84,2,3.8,10,0.11,25.6,6,Saturday,Fog,Wet,Residential,Roundabout,Daylight,Uncontrolled,Suburban,SUV,No,No,High
ACC13008,52,31,71.1,66.3,7.5,3,11.9,9,0.27,35.2,0,Friday,Clear,Dry,Residential,Straight Road,Daylight,Uncontrolled,Urban,Car,No,No,High
ACC13009,32,27,32.5,25.3,8.9,3,7.9,7,16.05,28.3,6,Thursday,Rain,Wet,Urban Road,T-Junction,Daylight,Signal,Urban,Car,No,No,Medium
ACC13010,21,10,41.1,49.8,10.17,1,5.6,8,0.19,30.1,6,Tuesday,Clear,Dry,Urban Road,T-Junction,Daylight,Signal,Suburban,Car,No,No,Low
ACC13011,46,39,57.4,68.2,5.9,4,10.6,10,2.34,28.9,13,Tuesday,Cloudy,Wet,Highway,Intersection,Street Lights,Stop Sign,Rural,Car,No,No,High
ACC13012,52,39,79.2,59.5,4.41,3,10.2,5,1.34,24.8,10,Thursday,Clear,Dry,Highway,T-Junction,Street Lights,Uncontrolled,Suburban,Car,No,No,Medium
ACC13013,36,18,87.6,41.7,9.93,6,9.0,8,0.69,20.0,15,Tuesday,Clear,Wet,Rural Road,Crossroad,Street Lights,Signal,Urban,SUV,No,No,Medium
ACC13014,34,26,86.7,41.5,12.0,5,9.6,4,1.47,31.4,23,Thursday,,Dry,Urban Road,Roundabout,Daylight,Signal,Urban,Car,No,No,Low
ACC13015,53,43,71.7,38.9,2.99,5,4.6,10,0.47,23.4,0,Monday,Cloudy,Wet,Residential,Intersection,Street Lights,Uncontrolled,Urban,Car,No,No,High
ACC13016,23,10,59.1,56.1,11.96,3,10.7,9,0.91,33.6,1,Tuesday,Clear,Wet,Highway,Roundabout,Daylight,Signal,Urban,Car,Yes,No,High
ACC13017,32,14,109.1,56.8,7.84,4,7.2,9,9.27,20.8,0,Wednesday,Rain,Dry,Rural Road,Roundabout,Daylight,Traffic Police,Urban,Truck,Yes,No,High
ACC13018,28,17,62.4,100.0,10.43,3,7.1,5,0.02,19.4,18,Monday,Clear,Wet,Highway,Straight Road,Street Lights,Signal,Suburban,Truck,Yes,No,High
ACC13019,35,18,68.5,50.3,4.71,2,11.4,5,1.05,34.1,21,Tuesday,Clear,Dry,Highway,T-Junction,Street Lights,Stop Sign,Rural,Bus,No,No,Low
ACC13020,46,34,79.4,5.0,6.62,3,6.1,4,11.73,37.7,23,Thursday,Rain,Damaged,Residential,Roundabout,Daylight,Signal,Urban,Car,Yes,No,High
ACC13021,21,11,41.5,37.0,10.34,3,11.4,8,0.52,25.6,10,Monday,Clear,Dry,Highway,Crossroad,Street Lights,Traffic Police,Suburban,Truck,No,No,Low
ACC13022,46,24,76.4,41.3,10.37,3,9.5,7,0.38,32.6,8,Saturday,Clear,Wet,Residential,Crossroad,Poor,Uncontrolled,Suburban,Truck,No,No,High
ACC13023,26,13,42.6,62.4,7.26,4,11.0,5,23.91,35.9,12,Monday,Rain,,Residential,T-Junction,Street Lights,Traffic Police,Rural,Motorcycle,No,No,Medium
ACC13024,40,17,75.5,42.9,7.76,2,6.3,5,0.42,29.7,23,Wednesday,Clear,Dry,Rural Road,T-Junction,Street Lights,Uncontrolled,Rural,Car,No,No,Medium
ACC13025,18,7,77.3,100.0,6.85,1,10.6,3,1.43,25.3,18,Tuesday,Clear,Dry,Highway,Intersection,Poor,Signal,Urban,Bus,No,No,Medium
ACC13026,18,2,69.8,56.7,4.7,3,9.4,7,0.43,30.2,14,Tuesday,,Dry,Urban Road,Intersection,Street Lights,Signal,Urban,Car,Yes,No,High
ACC13027,33,27,62.2,43.5,8.29,1,8.4,5,5.34,27.0,0,Thursday,Fog,Wet,Urban Road,Intersection,Street Lights,Stop Sign,Urban,Car,No,No,High
ACC13028,49,30,84.5,46.1,7.66,2,6.6,6,1.86,42.9,6,Monday,Cloudy,Dry,Urban Road,T-Junction,Daylight,Stop Sign,Suburban,Car,No,No,Medium
ACC13029,47,26,31.3,53.5,7.01,3,8.3,8,19.7,24.6,13,Wednesday,Rain,Dry,Urban Road,Roundabout,Daylight,Traffic Police,Suburban,Motorcycle,No,No,Low
ACC13030,18,0,49.0,77.0,4.69,2,4.5,7,1.28,34.5,17,Thursday,Cloudy,Wet,Urban Road,Straight Road,Street Lights,Signal,Urban,Car,No,No,High
ACC13031,47,25,42.6,49.5,7.38,3,6.2,13,0.65,26.3,22,Saturday,Clear,Dry,Urban Road,Intersection,Street Lights,Uncontrolled,Rural,Truck,No,No,Low
ACC13032,41,30,54.9,65.0,8.49,4,8.4,8,0.92,25.3,4,Thursday,Clear,Wet,Highway,Straight Road,Daylight,Traffic Police,Urban,SUV,No,No,High
ACC13033,40,24,55.5,63.3,9.46,5,7.4,13,16.31,21.0,17,Wednesday,Rain,Dry,Highway,Crossroad,Poor,Signal,Rural,Motorcycle,Yes,No,High
ACC13034,60,43,54.8,27.9,8.4,2,10.3,11,0.0,19.1,4,Tuesday,Clear,Dry,Urban Road,T-Junction,Daylight,Uncontrolled,Urban,Motorcycle,No,No,Medium
ACC13035,28,22,103.7,67.2,4.06,5,8.7,13,2.78,35.5,12,Wednesday,Clear,Wet,Urban Road,Crossroad,Street Lights,Signal,Urban,Bus,No,No,High
ACC13036,46,40,48.7,69.0,7.31,3,9.7,4,0.72,28.3,17,Tuesday,Clear,Dry,Rural Road,Intersection,Daylight,Uncontrolled,Urban,Truck,No,No,Medium
ACC13037,35,23,55.5,70.6,10.37,5,11.5,8,0.43,20.5,12,Friday,Clear,Dry,Highway,Roundabout,Daylight,Signal,Urban,Car,No,No,Medium
ACC13038,53,33,92.9,49.8,6.59,4,11.8,5,18.67,26.4,19,Monday,Storm,Damaged,Highway,Intersection,Street Lights,Signal,Suburban,Truck,No,No,High
ACC13039,39,28,73.7,53.1,3.01,1,10.3,7,0.42,28.9,5,Wednesday,Clear,Dry,Highway,Straight Road,Daylight,Signal,Urban,Truck,Yes,No,High
ACC13040,29,7,65.1,45.4,6.75,2,7.7,5,2.35,30.5,7,Saturday,Cloudy,Icy,Rural Road,Intersection,Daylight,Traffic Police,Suburban,Car,No,No,High
ACC13041,28,10,84.6,77.9,6.5,1,11.9,4,0.26,24.1,4,Saturday,Clear,Icy,Highway,Roundabout,Daylight,Uncontrolled,Urban,Car,No,No,High
ACC13042,38,24,40.2,27.8,10.73,2,3.0,7,30.25,22.0,11,Sunday,Storm,Dry,Highway,Roundabout,Daylight,Signal,Urban,Car,No,No,Medium
ACC13043,26,10,79.9,61.1,9.69,6,7.7,6,2.08,19.4,2,Thursday,Clear,Dry,Residential,T-Junction,Street Lights,Traffic Police,Rural,SUV,No,No,High
ACC13044,18,6,83.5,,12.0,1,11.6,8,1.97,30.6,14,Tuesday,Clear,Wet,Rural Road,T-Junction,Poor,Stop Sign,Rural,Car,No,No,Medium
ACC13045,49,25,86.8,60.4,8.73,4,6.1,7,10.5,25.4,17,Monday,Rain,Dry,Highway,Roundabout,Daylight,Uncontrolled,Urban,Car,Yes,No,High
ACC13046,47,38,68.6,95.0,12.0,3,11.6,9,2.44,19.8,14,Saturday,Rain,Dry,Highway,Roundabout,Street Lights,Signal,Rural,Motorcycle,Yes,No,High
ACC13047,35,13,50.7,48.6,12.0,3,8.4,4,1.38,22.0,1,Monday,Clear,Wet,Urban Road,Straight Road,Street Lights,Signal,Suburban,SUV,No,No,Low
ACC13048,43,24,79.5,63.6,9.52,3,6.9,5,0.75,25.6,7,Wednesday,Clear,Dry,Highway,Intersection,Poor,Uncontrolled,Urban,Car,No,No,Medium
ACC13049,43,24,35.8,39.8,10.37,6,10.1,6,0.92,36.7,7,Thursday,Clear,Damaged,Residential,T-Junction,Poor,Signal,Rural,Bus,Yes,No,Medium
ACC13050,36,14,71.7,21.0,10.41,5,11.3,3,0.85,26.5,16,Saturday,Clear,Dry,Highway,Straight Road,Street Lights,Stop Sign,Urban,Truck,No,No,Low
ACC13051,18,10,66.8,42.7,9.84,3,10.4,5,0.24,31.3,17,Wednesday,Clear,Dry,Residential,Intersection,Daylight,Signal,Urban,Truck,No,No,Medium
ACC13052,39,20,63.9,41.2,5.79,4,8.6,4,6.18,26.6,19,Thursday,Cloudy,Dry,Highway,T-Junction,Daylight,Signal,Suburban,Bus,No,No,Medium
ACC13053,32,11,57.0,42.2,7.54,3,3.6,3,1.69,26.0,9,Friday,Clear,Damaged,Residential,Straight Road,Daylight,Signal,Urban,Car,Yes,No,High
ACC13054,57,32,87.0,70.7,7.45,3,7.8,3,3.2,38.0,3,Wednesday,Clear,Wet,Highway,Crossroad,Street Lights,Traffic Police,Urban,SUV,No,No,Medium
ACC13055,42,22,68.4,50.0,10.68,3,11.9,9,19.43,36.2,18,Sunday,Rain,Wet,Urban Road,Crossroad,Street Lights,Signal,Urban,Bus,No,No,Medium
ACC13056,42,18,74.6,43.8,9.39,3,6.9,2,17.55,21.2,5,Tuesday,Storm,Dry,Highway,T-Junction,Street Lights,Signal,Suburban,SUV,No,No,Medium
ACC13057,51,29,60.0,47.9,8.46,1,11.0,7,8.64,36.3,17,Wednesday,Cloudy,,Urban Road,Straight Road,Street Lights,Stop Sign,Suburban,Bus,No,No,Medium
ACC13058,36,13,79.1,46.4,4.95,4,5.4,4,2.17,31.7,16,Wednesday,Clear,Dry,Urban Road,Intersection,,Uncontrolled,Urban,SUV,Yes,No,High
ACC13059,57,34,52.0,50.8,6.71,2,11.3,4,0.39,26.6,7,Saturday,Clear,Dry,Rural Road,Intersection,Street Lights,Uncontrolled,Rural,Car,No,No,Medium
ACC13060,24,8,37.4,92.8,6.59,6,4.3,10,34.22,24.7,20,Sunday,Storm,Dry,Urban Road,Straight Road,Daylight,Uncontrolled,Urban,Car,No,No,High
ACC13061,34,15,49.0,81.7,12.0,1,7.0,3,0.31,24.8,11,Friday,Clear,Wet,Rural Road,Crossroad,Daylight,Signal,Suburban,Car,Yes,No,Medium
ACC13062,50,43,47.3,5.0,7.47,1,7.1,2,0.3,22.1,4,Saturday,Clear,Dry,Urban Road,Straight Road,Daylight,Signal,Rural,Car,No,Yes,Low
ACC13063,21,9,20.0,46.7,5.87,2,4.7,5,3.43,25.8,14,Friday,Cloudy,Damaged,Urban Road,Crossroad,Poor,Uncontrolled,Rural,Truck,No,No,High
ACC13064,31,8,58.3,77.0,8.39,1,9.2,6,3.23,29.8,18,Saturday,Cloudy,Dry,Residential,Crossroad,Daylight,Traffic Police,Urban,Car,No,Yes,Medium
ACC13065,40,15,33.7,61.6,8.71,7,7.9,4,0.76,28.9,2,Wednesday,Cloudy,Damaged,Highway,Intersection,Street Lights,Stop Sign,Suburban,Car,No,No,Low
ACC13066,41,34,53.0,44.3,7.65,3,7.5,8,0.97,18.2,2,Thursday,Clear,Dry,Highway,T-Junction,Daylight,Signal,Urban,Bus,No,No,Medium
ACC13067,28,11,58.8,17.9,11.69,3,4.9,7,1.27,30.5,6,Friday,Clear,Dry,Highway,Roundabout,Daylight,Signal,Suburban,SUV,No,No,Medium
ACC13068,51,31,46.1,77.4,10.98,3,6.4,3,44.03,22.6,13,Friday,Storm,Dry,Highway,Straight Road,Poor,Signal,Urban,Bus,No,No,High
ACC13069,24,9,60.9,66.1,6.35,3,4.9,8,0.1,32.0,14,Thursday,Clear,Dry,Residential,Crossroad,Street Lights,Uncontrolled,Urban,Bus,No,No,High
ACC13070,37,27,54.9,7.6,6.05,5,11.2,6,18.7,15.6,21,Monday,Rain,Dry,Rural Road,Straight Road,Daylight,Signal,Urban,Motorcycle,No,No,Medium
ACC13071,28,22,39.9,5.0,4.38,2,5.3,10,18.98,19.0,13,Sunday,Rain,Dry,Highway,T-Junction,Daylight,Signal,Urban,SUV,No,Yes,High
ACC13072,18,0,45.1,68.6,12.0,5,9.4,3,2.54,30.5,0,Friday,Cloudy,Dry,Residential,T-Junction,Poor,Signal,Suburban,Motorcycle,No,No,Medium
ACC13073,27,17,70.1,79.2,6.41,3,10.2,4,1.44,37.6,23,Friday,Clear,Wet,Urban Road,Roundabout,,Stop Sign,Rural,SUV,No,No,High
ACC13074,32,21,66.3,56.3,8.03,2,4.4,7,0.59,27.9,7,Thursday,Clear,Wet,Highway,Roundabout,Street Lights,Signal,Urban,Car,No,No,High
ACC13075,21,3,102.8,100.0,6.85,4,7.8,4,1.5,18.8,9,Thursday,Cloudy,Wet,Residential,Crossroad,Daylight,Stop Sign,Urban,Bus,Yes,No,High
ACC13076,49,35,45.4,68.2,4.85,6,6.4,7,3.4,37.2,1,Wednesday,Fog,Dry,Highway,Roundabout,Daylight,Uncontrolled,Urban,Truck,No,No,High
ACC13077,37,24,54.1,51.8,11.35,3,7.4,9,3.56,28.8,12,Sunday,Fog,Wet,Rural Road,Crossroad,Daylight,Signal,Suburban,Motorcycle,Yes,No,Medium
ACC13078,38,31,45.1,70.9,9.22,4,6.0,6,0.26,30.4,21,Wednesday,Clear,,Rural Road,Intersection,Street Lights,Stop Sign,Urban,Truck,No,No,Medium
ACC13079,34,9,39.0,28.3,7.37,3,12.1,5,0.16,29.7,17,Monday,Clear,Dry,Rural Road,Crossroad,Street Lights,Signal,Urban,Bus,No,Yes,Low
ACC13080,34,23,44.9,42.6,3.42,2,3.8,3,9.31,28.9,8,Monday,Fog,Dry,Residential,Roundabout,Daylight,Signal,Urban,SUV,No,No,High
ACC13081,41,34,42.5,27.8,7.69,2,7.9,11,14.91,34.5,2,Monday,Rain,Dry,Urban Road,Straight Road,Street Lights,Stop Sign,Rural,Car,No,No,Low
ACC13082,30,11,61.2,76.6,9.27,7,9.7,5,6.61,34.0,3,Tuesday,Fog,Dry,Urban Road,Roundabout,Poor,Stop Sign,Urban,Car,No,No,High
ACC13083,18,0,46.8,80.2,5.45,3,12.4,9,0.88,30.9,21,Thursday,Clear,Dry,Highway,T-Junction,Poor,Uncontrolled,Urban,Car,Yes,No,High
ACC13084,18,12,49.1,71.9,10.33,4,7.0,3,0.34,21.0,5,Friday,Cloudy,Dry,Rural Road,Roundabout,Daylight,Stop Sign,Suburban,Car,No,No,Medium
ACC13085,38,28,46.7,63.6,11.0,4,10.8,5,16.7,35.0,3,Thursday,Rain,Wet,Urban Road,Intersection,Daylight,Uncontrolled,Urban,Car,No,No,Medium
ACC13086,32,23,46.4,8.2,9.21,3,9.2,6,13.98,30.2,6,Thursday,Rain,Wet,Urban Road,Crossroad,Poor,Signal,Urban,Truck,Yes,No,Low
ACC13087,64,43,54.1,94.3,5.6,8,12.7,8,0.04,35.4,4,Monday,Clear,Damaged,Urban Road,T-Junction,Daylight,Stop Sign,Urban,Motorcycle,No,No,High
ACC13088,45,36,99.8,5.0,6.41,4,8.2,3,0.3,22.0,1,Thursday,Clear,Wet,Residential,Crossroad,Daylight,Uncontrolled,Rural,Bus,No,No,Medium
ACC13089,39,29,65.5,59.8,9.19,4,10.0,5,2.87,23.5,0,Tuesday,Cloudy,Dry,Rural Road,Crossroad,Poor,Signal,Urban,Motorcycle,No,No,High
ACC13090,18,0,69.5,43.5,10.87,3,10.1,5,1.04,33.7,11,Saturday,Clear,Damaged,Highway,Roundabout,Daylight,Signal,Urban,Motorcycle,No,No,Medium
ACC13091,28,9,22.8,49.3,6.81,3,9.3,2,0.77,25.1,2,Friday,Cloudy,Damaged,Urban Road,Straight Road,Daylight,Stop Sign,Urban,Car,Yes,No,Low
ACC13092,46,33,57.8,44.1,7.78,2,6.2,7,32.45,23.4,20,Saturday,Storm,Dry,Highway,T-Junction,Daylight,Signal,Rural,Bus,No,No,High
ACC13093,37,17,45.1,58.5,6.31,3,6.2,3,0.28,28.8,14,Monday,Clear,Dry,Urban Road,Intersection,Street Lights,Signal,Urban,Bus,No,No,Medium
ACC13094,25,11,64.0,91.8,7.16,3,7.2,7,17.7,26.1,12,Sunday,Rain,Icy,Urban Road,Intersection,Daylight,Stop Sign,Suburban,Car,Yes,Yes,High
ACC13095,22,13,74.7,58.6,11.25,5,9.4,6,0.35,28.4,12,Wednesday,Clear,Dry,Residential,Straight Road,Poor,Traffic Police,Rural,Car,No,No,Medium
ACC13096,41,26,59.4,58.3,7.92,3,7.6,6,31.3,27.0,0,Sunday,Rain,,Residential,Straight Road,Street Lights,Uncontrolled,Rural,Car,No,Yes,High
ACC13097,28,8,55.3,45.2,5.37,5,5.7,7,17.98,20.2,8,Sunday,Storm,Dry,Urban Road,Roundabout,Daylight,Signal,Suburban,Bus,No,No,High
ACC13098,30,21,56.3,40.5,4.54,5,9.0,5,0.76,28.9,15,Saturday,Clear,Dry,Urban Road,Intersection,Daylight,Stop Sign,Urban,Truck,No,Yes,High
ACC13099,33,18,52.9,72.0,7.43,2,8.1,7,1.03,22.2,10,Friday,Clear,Dry,Urban Road,T-Junction,Daylight,Signal,Urban,Truck,No,No,Low
ACC13100,50,43,20.1,,11.69,5,5.2,5,0.4,34.3,3,Saturday,Clear,Dry,Highway,Straight Road,Street Lights,Signal,Urban,Car,No,No,Low
ACC13101,32,10,53.6,72.7,5.41,3,7.9,10,1.11,17.8,4,Wednesday,Clear,Wet,Urban Road,Straight Road,Daylight,Uncontrolled,Suburban,Car,Yes,No,High
ACC13102,50,29,39.6,87.5,9.4,6,7.5,6,2.57,30.5,6,Wednesday,Rain,Icy,Urban Road,Straight Road,Poor,Signal,Suburban,Car,No,No,High
ACC13103,31,13,20.0,41.4,9.8,5,9.9,9,0.46,24.3,10,Thursday,Fog,Dry,Urban Road,T-Junction,Daylight,Signal,Rural,Car,No,No,Low
ACC13104,19,0,61.8,100.0,4.69,3,4.7,8,0.53,28.4,23,Friday,Clear,Dry,Rural Road,Intersection,Daylight,Traffic Police,Urban,Car,No,No,High
ACC13105,32,19,28.9,62.1,5.6,1,8.7,11,0.01,21.4,22,Tuesday,Clear,Wet,Rural Road,T-Junction,Daylight,Uncontrolled,Suburban,Car,No,No,Medium
ACC13106,35,27,59.8,57.2,6.63,1,8.9,5,0.39,27.8,2,Thursday,Clear,Wet,Highway,T-Junction,Street Lights,Uncontrolled,Rural,Motorcycle,Yes,No,Medium
ACC13107,18,0,44.8,68.0,9.44,3,5.8,4,43.47,19.0,7,Wednesday,Rain,Dry,Highway,Roundabout,Daylight,Uncontrolled,Rural,Car,No,Yes,Medium
ACC13108,24,9,34.3,71.6,3.07,2,10.8,5,1.17,22.8,15,Saturday,Clear,Dry,Residential,Straight Road,Daylight,Uncontrolled,Suburban,Motorcycle,No,No,Medium
ACC13109,41,26,71.1,70.4,11.16,3,9.3,6,1.18,25.3,14,Friday,Cloudy,Wet,Residential,Intersection,Poor,Signal,Suburban,Motorcycle,No,No,High
ACC13110,30,24,68.4,,5.48,3,7.1,9,12.02,27.9,23,Thursday,Cloudy,Wet,Urban Road,Roundabout,Street Lights,Stop Sign,Urban,Truck,No,No,High
ACC13111,44,28,67.1,40.4,6.67,5,7.7,7,2.1,30.3,22,Friday,Cloudy,Dry,Urban Road,Roundabout,Street Lights,Signal,Urban,Truck,Yes,No,Medium
ACC13112,20,2,49.2,13.3,2.55,3,7.4,12,0.88,20.3,5,Saturday,Clear,Dry,Highway,Crossroad,Street Lights,Signal,Urban,Car,No,No,Medium
ACC13113,26,12,38.8,36.4,6.45,3,8.3,3,29.88,31.5,6,Monday,Rain,Icy,Urban Road,Straight Road,Street Lights,Uncontrolled,Urban,Bus,No,Yes,High
ACC13114,43,20,47.2,51.5,12.0,5,11.4,4,0.59,21.1,19,Tuesday,Clear,Wet,Highway,Intersection,Daylight,Stop Sign,Urban,SUV,No,No,Low
ACC13115,36,16,55.0,26.1,5.51,3,4.9,2,0.49,29.8,22,Tuesday,Clear,Dry,Highway,Intersection,Daylight,Signal,Suburban,Car,Yes,No,Medium
ACC13116,18,12,33.1,46.7,11.64,3,7.8,3,6.83,21.0,19,Tuesday,Fog,Dry,Highway,Intersection,Street Lights,Signal,Suburban,Car,Yes,No,Low
ACC13117,38,22,65.1,28.6,3.89,6,6.3,5,4.95,24.4,0,Wednesday,Rain,Wet,Urban Road,Straight Road,Daylight,Signal,Urban,SUV,No,No,High
ACC13118,51,26,84.8,21.5,5.68,4,9.2,5,0.13,26.8,1,Wednesday,Clear,Dry,Highway,Intersection,Street Lights,Uncontrolled,Urban,SUV,No,No,Medium
ACC13119,33,24,51.4,73.4,8.01,3,8.9,5,0.81,29.6,2,Tuesday,Clear,Dry,Residential,T-Junction,Daylight,Stop Sign,Urban,Car,No,No,High
ACC13120,29,12,57.5,82.4,8.73,4,11.6,4,0.58,41.4,17,Friday,Clear,Dry,Urban Road,T-Junction,Daylight,Stop Sign,Urban,Car,Yes,No,High
ACC13121,46,36,91.6,46.4,,3,8.5,1,0.04,33.0,9,Monday,Clear,Dry,Rural Road,Straight Road,Daylight,Stop Sign,Urban,Bus,No,No,Medium
ACC13122,29,17,70.2,85.1,4.37,3,11.2,2,0.25,23.3,3,Wednesday,Clear,Wet,Urban Road,Intersection,Daylight,Uncontrolled,Rural,Car,No,No,High
ACC13123,41,35,62.9,81.1,11.78,2,9.8,6,0.83,35.5,13,Saturday,Clear,Dry,Urban Road,Crossroad,Street Lights,Uncontrolled,Urban,SUV,No,Yes,High
ACC13124,32,13,47.5,34.5,7.58,2,8.2,4,1.03,13.1,1,Thursday,Cloudy,Wet,Highway,Crossroad,Daylight,Stop Sign,Urban,Car,Yes,No,Medium
ACC13125,23,3,76.4,58.8,10.24,4,9.4,6,32.14,27.7,14,Thursday,Rain,Dry,Urban Road,Crossroad,Daylight,Traffic Police,Urban,SUV,No,No,Medium
ACC13126,29,9,59.2,41.3,6.15,6,6.3,5,3.5,28.8,11,Wednesday,Cloudy,Dry,Urban Road,T-Junction,Poor,Traffic Police,Suburban,Car,No,No,Medium
ACC13127,18,0,62.7,65.0,8.86,5,10.2,12,16.67,30.1,5,Tuesday,Rain,Dry,Urban Road,Crossroad,Daylight,Traffic Police,Suburban,Car,No,No,High
ACC13128,44,22,20.0,50.8,7.06,7,7.8,4,0.35,21.1,8,Friday,Clear,Damaged,Highway,Intersection,Street Lights,Uncontrolled,Urban,SUV,No,No,Medium
ACC13129,42,33,76.8,100.0,10.58,3,7.4,9,42.37,26.5,9,Monday,Storm,Damaged,Rural Road,Intersection,Poor,Traffic Police,Rural,Car,No,No,High
ACC13130,38,28,60.7,23.1,9.47,3,7.6,7,5.87,19.7,11,Thursday,Rain,Dry,Urban Road,Crossroad,Poor,Signal,Rural,Car,Yes,No,High
ACC13131,28,8,46.4,36.3,8.76,5,9.7,7,37.58,20.8,9,Wednesday,Rain,Wet,Rural Road,Roundabout,Poor,Uncontrolled,Urban,SUV,No,No,Low
ACC13132,44,23,73.8,62.5,8.1,1,7.2,5,16.46,11.2,9,Friday,Rain,Wet,Urban Road,Crossroad,Daylight,Traffic Police,Urban,Car,No,No,High
ACC13133,42,35,65.0,61.9,3.78,5,6.4,8,3.07,29.2,1,Tuesday,Fog,Icy,Highway,Roundabout,Poor,Traffic Police,Urban,Car,No,No,High
ACC13134,44,39,75.1,36.5,11.75,3,7.0,5,7.96,22.6,12,Monday,Cloudy,Dry,Highway,Straight Road,Street Lights,Uncontrolled,Urban,Car,No,No,Medium
ACC13135,39,26,44.9,41.2,12.0,4,4.9,4,0.34,34.9,22,Monday,Clear,Wet,Rural Road,Straight Road,Street Lights,Signal,Rural,Truck,No,No,Low
ACC13136,32,13,48.4,50.0,8.63,2,7.2,10,5.72,29.7,8,Thursday,Cloudy,Dry,Residential,Intersection,Daylight,Signal,Urban,Truck,No,No,Low
ACC13137,33,11,50.1,34.9,6.27,3,6.4,5,9.46,25.8,22,Sunday,Rain,Dry,Residential,T-Junction,Poor,Signal,Urban,SUV,No,No,High
ACC13138,18,10,42.7,43.8,7.35,2,9.5,7,4.01,30.3,8,Thursday,Rain,Damaged,Urban Road,Intersection,Street Lights,Uncontrolled,Urban,Motorcycle,No,No,Medium
ACC13139,22,1,53.0,55.3,11.17,6,7.5,8,4.43,29.5,1,Saturday,Cloudy,Dry,Residential,Intersection,Street Lights,Signal,Urban,Car,Yes,No,Medium
ACC13140,40,21,71.6,47.6,,4,8.6,13,1.64,38.1,17,Wednesday,Clear,,Urban Road,T-Junction,,Stop Sign,Rural,Car,Yes,No,High
ACC13141,52,44,44.1,40.7,11.81,4,3.1,6,1.67,22.8,17,Sunday,Clear,Dry,Residential,Intersection,Daylight,Stop Sign,Urban,Bus,No,No,Low
ACC13142,44,22,63.7,66.1,9.05,2,8.1,4,4.37,21.0,2,Monday,Fog,Wet,Urban Road,T-Junction,Poor,Stop Sign,Urban,Truck,Yes,No,High
ACC13143,32,8,20.3,31.1,5.54,4,8.0,4,3.58,17.5,14,Tuesday,Cloudy,Wet,Highway,Intersection,Daylight,Traffic Police,Suburban,SUV,No,No,Low
ACC13144,26,16,65.5,64.6,10.51,2,10.0,5,1.43,27.1,15,Tuesday,Cloudy,Dry,Urban Road,Straight Road,Daylight,Uncontrolled,Urban,SUV,No,No,Medium
ACC13145,43,35,65.6,53.9,9.99,3,10.5,15,0.25,27.3,15,Sunday,,Damaged,Urban Road,Roundabout,Street Lights,Uncontrolled,Urban,Car,No,No,Medium
ACC13146,37,13,49.4,23.1,6.32,3,4.3,6,1.4,11.9,11,Wednesday,Clear,Dry,Rural Road,Intersection,Daylight,Stop Sign,Urban,Motorcycle,No,No,Medium
ACC13147,26,21,47.7,30.7,8.61,3,14.1,5,4.45,26.2,18,Monday,Fog,,Residential,Roundabout,Daylight,Uncontrolled,Urban,Truck,No,No,Medium
ACC13148,37,13,74.8,5.0,4.91,5,8.1,9,24.83,35.1,15,Thursday,Rain,Damaged,Highway,Crossroad,Daylight,Signal,Urban,Car,No,No,High
ACC13149,43,34,37.7,79.6,8.08,1,7.7,6,9.71,38.7,5,Saturday,Rain,Dry,Rural Road,Intersection,Daylight,Signal,Urban,Car,No,No,High
ACC13150,18,4,87.4,51.0,9.49,1,5.9,7,1.93,32.0,22,Tuesday,Cloudy,Dry,Rural Road,Straight Road,Daylight,Traffic Police,Urban,SUV,No,No,Medium
ACC13151,34,23,56.4,65.8,6.46,1,10.7,6,3.88,27.6,18,Friday,Cloudy,,Urban Road,T-Junction,Daylight,Uncontrolled,Suburban,Motorcycle,No,No,Medium
ACC13152,49,41,47.9,77.1,9.93,3,6.9,6,0.11,31.7,8,Wednesday,Clear,Wet,Urban Road,Straight Road,Daylight,Uncontrolled,Urban,Motorcycle,No,Yes,High
ACC13153,46,34,27.0,34.1,7.58,2,12.1,1,22.2,30.2,2,Tuesday,Rain,Dry,Urban Road,Roundabout,Street Lights,Stop Sign,Rural,Motorcycle,No,No,Low
ACC13154,35,19,69.7,44.6,6.77,4,8.0,7,0.88,21.4,10,Friday,Clear,Damaged,Highway,T-Junction,Poor,Signal,Urban,Bus,No,No,High
ACC13155,24,17,59.5,45.1,12.0,1,8.1,6,0.72,21.7,17,Sunday,Clear,Wet,Urban Road,Straight Road,Daylight,Stop Sign,Suburban,Car,No,No,Low
ACC13156,19,0,69.3,81.9,10.53,3,13.0,10,5.19,29.2,6,Friday,Cloudy,Dry,Urban Road,Straight Road,Daylight,Signal,Rural,Truck,Yes,No,High
ACC13157,45,24,83.0,70.0,1.96,2,8.3,7,6.3,28.2,23,Tuesday,,Wet,Urban Road,Straight Road,Daylight,Stop Sign,Urban,Motorcycle,No,No,High
ACC13158,29,8,44.4,46.3,11.26,5,6.4,7,2.61,22.2,13,Wednesday,Clear,Dry,Urban Road,T-Junction,Street Lights,Stop Sign,Suburban,SUV,No,No,Medium
ACC13159,42,23,50.4,94.6,8.2,6,8.3,5,5.6,22.2,6,Friday,Rain,Dry,Residential,Straight Road,Poor,Stop Sign,Rural,Motorcycle,No,No,High
ACC13160,48,34,40.2,15.9,8.89,4,9.8,5,0.17,26.1,20,Friday,Clear,Wet,Urban Road,Straight Road,Daylight,Stop Sign,Urban,SUV,Yes,No,Low
ACC13161,27,5,44.6,73.2,6.94,7,8.3,6,0.68,24.4,15,Monday,Clear,Damaged,Highway,Roundabout,Daylight,Traffic Police,Rural,Car,No,No,High
ACC13162,31,9,76.9,40.8,5.58,1,7.7,2,0.08,28.7,15,Saturday,Clear,Dry,Highway,Straight Road,Street Lights,Uncontrolled,Urban,SUV,Yes,No,High
ACC13163,48,37,72.5,34.9,11.68,3,12.2,4,0.48,31.1,6,Saturday,Clear,Dry,Highway,Straight Road,Street Lights,Uncontrolled,Urban,SUV,No,No,Low
ACC13164,33,18,60.1,100.0,7.36,5,8.0,7,0.22,29.4,12,Saturday,Cloudy,Dry,Urban Road,Crossroad,Daylight,Stop Sign,Suburban,Motorcycle,No,No,High
ACC13165,41,32,68.0,100.0,6.95,5,9.5,4,0.57,29.6,2,Monday,Clear,Dry,Urban Road,T-Junction,Street Lights,Stop Sign,Urban,Car,Yes,No,High
ACC13166,31,21,90.2,100.0,4.4,2,5.3,4,0.78,30.7,2,Saturday,Cloudy,,Urban Road,Crossroad,Street Lights,Signal,Suburban,Car,No,No,High
ACC13167,22,12,51.0,47.1,9.62,4,9.4,10,6.56,26.3,4,Monday,Fog,Dry,Highway,Roundabout,Poor,Signal,Rural,Bus,No,No,Medium
ACC13168,41,19,73.1,49.9,5.52,4,6.0,12,0.56,18.8,8,Friday,Clear,Wet,Urban Road,Crossroad,Daylight,Stop Sign,Rural,Motorcycle,No,No,Medium
ACC13169,52,42,69.3,72.2,5.38,3,11.0,5,15.81,23.3,1,Friday,Rain,Dry,Highway,Intersection,Poor,Signal,Urban,Motorcycle,No,Yes,High
ACC13170,40,24,44.1,81.1,10.46,4,8.7,5,0.72,14.4,12,Wednesday,Clear,Dry,Rural Road,T-Junction,Daylight,Uncontrolled,Rural,Truck,Yes,No,High
ACC13171,42,24,56.0,23.2,1.23,4,4.5,5,22.14,30.7,8,Thursday,Rain,Wet,Highway,Straight Road,Street Lights,Stop Sign,Urban,Truck,No,No,Low
ACC13172,42,22,46.2,77.0,,5,7.8,7,0.19,29.6,22,Monday,Clear,Wet,Highway,Crossroad,Street Lights,Uncontrolled,Urban,Car,Yes,No,High
ACC13173,53,47,85.2,32.2,9.73,3,14.0,7,0.03,24.8,16,Saturday,Clear,Dry,Highway,Crossroad,Daylight,Traffic Police,Urban,Car,No,No,Medium
ACC13174,32,17,37.5,50.8,10.74,2,11.4,5,0.24,22.0,19,Thursday,Clear,Dry,Rural Road,Straight Road,Street Lights,Signal,Suburban,Car,No,No,Low
ACC13175,18,7,20.4,58.1,4.56,3,8.8,7,0.03,28.2,12,Monday,Clear,Wet,Urban Road,Straight Road,Daylight,Signal,Urban,Car,No,No,Low
ACC13176,49,27,29.8,54.6,11.47,2,6.6,4,0.62,31.8,16,Saturday,Clear,Dry,Rural Road,Roundabout,Daylight,Uncontrolled,Suburban,Motorcycle,No,No,Low
ACC13177,19,13,48.0,35.9,9.8,5,10.0,3,12.56,25.9,13,Sunday,Rain,Dry,Rural Road,Crossroad,Daylight,Signal,Urban,Bus,Yes,No,Medium
ACC13178,30,21,63.0,48.3,5.94,5,9.3,8,4.83,35.4,10,Sunday,Fog,Wet,Highway,Crossroad,Daylight,Signal,Urban,Car,No,No,High
ACC13179,26,15,31.3,65.1,9.82,3,8.0,7,6.18,26.1,11,Monday,Rain,Dry,Urban Road,Intersection,Daylight,Uncontrolled,Rural,Car,No,No,Low
ACC13180,26,19,62.5,61.7,8.61,4,5.3,8,12.05,28.8,11,Saturday,Rain,Dry,Highway,Intersection,Poor,Traffic Police,Urban,Motorcycle,No,No,High
ACC13181,45,32,64.5,75.3,7.28,1,8.6,7,1.17,25.8,16,Wednesday,Clear,Dry,Urban Road,Crossroad,Daylight,Uncontrolled,Urban,SUV,No,No,Low
ACC13182,43,23,51.2,21.0,9.51,3,7.2,5,2.37,28.4,16,Wednesday,Clear,Dry,Urban Road,Intersection,Daylight,Stop Sign,Suburban,Car,No,No,Low
ACC13183,26,17,54.9,74.1,6.43,5,9.4,9,0.89,32.6,21,Sunday,Clear,Dry,Urban Road,Crossroad,Daylight,Signal,Urban,SUV,Yes,No,High
ACC13184,49,29,67.1,92.0,,1,6.9,4,0.26,33.8,0,Tuesday,Clear,Icy,Urban Road,T-Junction,Daylight,Stop Sign,Rural,Car,No,Yes,High
ACC13185,32,16,63.0,81.9,6.58,2,9.2,4,5.54,28.1,10,Monday,Cloudy,Dry,Highway,Roundabout,Daylight,Stop Sign,Urban,Car,No,No,High
ACC13186,56,44,60.3,7.6,9.2,4,13.6,6,7.4,28.0,6,Monday,Cloudy,Dry,Rural Road,Intersection,Daylight,Stop Sign,Urban,Truck,No,No,Low
ACC13187,31,19,22.4,61.4,6.34,2,13.7,3,0.77,23.1,5,Sunday,Clear,Dry,Urban Road,Crossroad,Daylight,Signal,Urban,Motorcycle,No,No,Low
ACC13188,30,23,47.1,59.7,7.39,3,9.4,8,0.17,24.4,10,Monday,Clear,Damaged,Residential,Intersection,Daylight,Traffic Police,Urban,Bus,Yes,No,High
ACC13189,31,21,37.3,40.6,5.42,3,12.2,5,6.29,33.8,20,Wednesday,Rain,Dry,Residential,Roundabout,Street Lights,Uncontrolled,Suburban,SUV,Yes,No,Medium
ACC13190,25,5,69.0,83.7,5.1,3,7.6,10,19.94,26.2,11,Saturday,Rain,Dry,Residential,T-Junction,Street Lights,Uncontrolled,Urban,Car,Yes,No,High
ACC13191,41,19,49.5,72.4,11.06,3,6.4,5,0.39,30.8,18,Monday,Clear,Damaged,Rural Road,Straight Road,Daylight,Traffic Police,Rural,Truck,No,No,Medium
ACC13192,27,17,84.1,63.9,10.4,5,11.3,8,1.81,32.9,12,Tuesday,Fog,Dry,Highway,Straight Road,Daylight,Signal,Urban,Truck,No,No,High
ACC13193,32,15,79.6,36.0,11.57,3,6.5,5,25.76,26.4,8,Friday,Storm,Dry,Urban Road,Intersection,Poor,Signal,Urban,SUV,No,No,High
ACC13194,40,34,82.2,59.0,9.17,2,11.3,3,0.38,32.6,6,Tuesday,Clear,Dry,Highway,Crossroad,Daylight,Uncontrolled,Suburban,Motorcycle,Yes,No,Medium
ACC13195,57,50,51.3,87.3,12.0,4,5.5,10,0.65,30.9,12,Saturday,Clear,Dry,Highway,Roundabout,Poor,Traffic Police,Suburban,Car,Yes,No,High
ACC13196,28,4,46.5,97.4,5.98,1,9.4,5,1.63,33.2,11,Friday,Cloudy,Dry,Rural Road,T-Junction,Daylight,Stop Sign,Suburban,Motorcycle,No,No,Medium
ACC13197,29,6,51.5,48.9,8.84,3,6.2,5,1.66,26.2,19,Wednesday,Fog,Wet,Residential,T-Junction,Daylight,Signal,Suburban,SUV,No,No,High
ACC13198,28,21,75.0,45.2,2.46,6,7.0,4,7.04,24.1,8,Sunday,Fog,Dry,Highway,T-Junction,Street Lights,Uncontrolled,Urban,Car,No,No,High
ACC13199,40,19,79.1,67.6,8.79,4,11.0,4,2.57,24.4,0,Saturday,Clear,Dry,Urban Road,Straight Road,Poor,Signal,Suburban,Car,No,Yes,High
ACC13200,30,23,53.3,30.5,5.45,3,11.6,6,0.56,33.8,10,Thursday,Clear,Dry,Urban Road,Roundabout,Daylight,Stop Sign,Urban,Car,No,No,Medium
ACC13201,25,3,78.4,7.8,7.53,3,7.0,10,3.55,25.6,9,Saturday,Cloudy,Dry,Urban Road,Straight Road,Daylight,Signal,Urban,Bus,No,No,Low
ACC13202,36,13,53.7,49.8,4.43,4,11.0,8,3.34,25.6,7,Wednesday,Cloudy,Dry,Highway,Intersection,Daylight,Traffic Police,Rural,Car,No,No,Low
ACC13203,41,33,61.6,70.2,5.98,3,7.6,7,0.41,36.2,17,Thursday,Clear,Damaged,Highway,T-Junction,Poor,Stop Sign,Urban,Car,Yes,No,High
ACC13204,30,22,50.0,38.1,12.0,3,8.7,4,7.02,26.6,2,Friday,Fog,Dry,Rural Road,Roundabout,,Uncontrolled,Suburban,Truck,No,No,Low
ACC13205,36,12,94.0,72.1,9.7,1,7.2,4,17.73,11.2,0,Thursday,Rain,Wet,Highway,T-Junction,Daylight,Signal,Urban,Car,No,No,High
ACC13206,38,27,91.7,48.0,5.17,2,7.3,6,29.7,25.7,23,Friday,Rain,Dry,Residential,Straight Road,Daylight,Signal,Urban,Car,No,No,High
ACC13207,35,21,72.2,69.4,8.0,4,7.0,4,4.51,26.8,2,Saturday,Fog,Dry,Highway,Straight Road,Daylight,Traffic Police,Urban,Motorcycle,No,No,High
ACC13208,39,28,53.7,70.7,10.96,3,5.4,5,12.16,34.3,20,Thursday,Rain,Dry,Rural Road,Straight Road,Daylight,Signal,Suburban,Car,No,No,Medium
ACC13209,26,6,27.2,82.1,2.77,2,7.0,3,0.19,19.3,15,Friday,Clear,Dry,Urban Road,T-Junction,Daylight,Stop Sign,Urban,Car,No,No,Medium
ACC13210,23,14,59.2,38.9,,2,6.9,5,0.51,28.7,8,Saturday,Cloudy,Dry,Residential,Roundabout,Street Lights,Signal,Urban,Car,No,No,Low
ACC13211,26,11,68.4,36.9,7.62,5,12.8,4,0.21,25.2,20,Thursday,Clear,Dry,Rural Road,Roundabout,Daylight,Uncontrolled,Rural,Car,No,No,Medium
ACC13212,18,0,32.5,31.6,12.0,3,10.5,9,6.61,29.0,15,Friday,Rain,Wet,Urban Road,Intersection,Daylight,Signal,Urban,Bus,Yes,No,Medium
ACC13213,22,0,89.5,66.0,5.91,1,7.5,12,0.61,29.1,6,Tuesday,Clear,Dry,Urban Road,T-Junction,Street Lights,Signal,Urban,Motorcycle,No,No,High
ACC13214,43,31,83.5,,9.99,3,8.1,8,26.31,26.3,13,Monday,Rain,Dry,Residential,Intersection,Daylight,Uncontrolled,Rural,Motorcycle,No,No,High
ACC13215,42,35,41.7,83.8,3.02,2,9.1,8,0.43,28.2,10,Tuesday,Clear,Dry,Urban Road,Intersection,Daylight,Signal,Rural,Car,No,No,Medium
ACC13216,21,0,60.6,32.3,7.63,3,8.5,3,0.7,31.8,20,Wednesday,Clear,Dry,Highway,Intersection,Daylight,Signal,Urban,Car,No,No,Medium
ACC13217,18,11,62.0,62.3,7.44,2,7.1,5,0.76,20.1,12,Sunday,Clear,Dry,Urban Road,Intersection,Daylight,Uncontrolled,Rural,SUV,No,No,Medium
ACC13218,35,14,57.3,84.9,6.01,2,10.2,4,0.05,30.5,22,Sunday,Clear,Dry,Rural Road,Straight Road,Street Lights,Stop Sign,Urban,Car,No,No,Medium
ACC13219,41,22,62.7,67.6,7.87,4,7.5,7,49.61,16.5,15,Thursday,Rain,Dry,Rural Road,Intersection,Street Lights,Signal,Urban,Car,No,Yes,High
ACC13220,26,9,46.7,24.2,9.53,4,9.9,6,36.04,19.9,12,Sunday,Rain,Wet,Highway,Roundabout,Daylight,Stop Sign,Rural,SUV,Yes,No,Low
ACC13221,28,4,55.8,100.0,12.0,4,11.1,3,2.91,23.9,10,Saturday,Cloudy,Damaged,Highway,Intersection,Daylight,Traffic Police,Rural,Truck,Yes,No,High
ACC13222,44,33,60.9,86.3,8.78,3,9.1,9,0.34,22.5,0,Friday,Clear,Dry,Residential,Straight Road,Daylight,Signal,Urban,Bus,No,No,High
ACC13223,53,46,46.8,55.8,7.89,4,7.7,9,1.01,35.5,23,Tuesday,Clear,Dry,Rural Road,Crossroad,Street Lights,Stop Sign,Urban,Truck,Yes,No,High
ACC13224,29,4,71.1,55.2,8.59,3,10.5,9,1.0,15.7,22,Tuesday,Clear,Damaged,Residential,Crossroad,Daylight,Uncontrolled,Urban,Car,No,No,High
ACC13225,41,27,58.4,61.0,9.27,3,10.9,5,0.29,25.8,3,Saturday,Clear,Dry,Highway,Crossroad,Daylight,Signal,Urban,SUV,Yes,No,Medium
ACC13226,35,21,49.1,90.3,8.05,4,12.1,6,9.46,33.2,4,Friday,Fog,Dry,Urban Road,T-Junction,Daylight,Signal,Suburban,SUV,No,No,High
ACC13227,47,40,41.7,45.4,11.48,4,11.9,4,0.27,25.2,11,Thursday,Clear,Dry,Highway,Roundabout,Daylight,Stop Sign,Urban,Car,No,No,Low
ACC13228,23,3,69.3,94.8,7.15,4,7.6,4,0.42,26.0,13,Saturday,Clear,Dry,Rural Road,Straight Road,Street Lights,Uncontrolled,Urban,Bus,No,No,High
ACC13229,35,16,59.7,51.4,4.25,2,4.7,8,0.13,23.4,11,Wednesday,Clear,Dry,Urban Road,Crossroad,Poor,Signal,Suburban,Motorcycle,Yes,No,High
ACC13230,28,20,44.4,86.2,7.23,3,8.0,6,0.49,16.4,15,Wednesday,Clear,Dry,Urban Road,Straight Road,Poor,Uncontrolled,Rural,Truck,No,No,Medium
ACC13231,34,24,52.3,54.7,8.38,2,7.1,6,0.85,21.7,3,Saturday,Cloudy,Dry,Urban Road,Straight Road,Daylight,Uncontrolled,Urban,Car,No,No,Low
ACC13232,45,40,51.7,71.5,8.78,3,9.3,7,1.16,34.8,7,Wednesday,Cloudy,Dry,Highway,T-Junction,Street Lights,Signal,Suburban,Motorcycle,Yes,No,High
ACC13233,35,12,73.2,44.9,10.36,3,8.2,9,0.36,22.8,2,Sunday,Clear,Wet,Rural Road,Crossroad,Street Lights,Stop Sign,Rural,Car,No,No,Medium
ACC13234,27,17,85.6,50.8,11.45,1,5.2,4,0.31,33.8,1,Friday,Clear,,Urban Road,Intersection,Poor,Traffic Police,Urban,Motorcycle,No,No,High
ACC13235,45,21,55.4,64.3,5.12,3,11.0,5,1.44,23.6,10,Tuesday,Clear,Dry,Rural Road,Straight Road,Daylight,Signal,Rural,Car,Yes,No,High
ACC13236,41,25,64.7,67.6,7.87,3,7.0,8,1.37,19.6,4,Saturday,Clear,Dry,Residential,Crossroad,Street Lights,Stop Sign,Suburban,Motorcycle,No,No,Medium
ACC13237,38,24,69.3,15.1,12.0,1,8.5,4,0.16,31.5,9,Wednesday,Clear,Wet,Urban Road,Straight Road,Daylight,Stop Sign,Urban,Truck,No,Yes,Medium
ACC13238,22,17,37.3,42.9,4.74,7,11.4,4,35.93,22.5,13,Tuesday,Storm,Wet,Rural Road,T-Junction,Street Lights,Signal,Urban,SUV,No,No,High
ACC13239,40,33,58.9,81.2,6.13,2,7.7,4,0.9,32.7,21,Saturday,Cloudy,Wet,Residential,T-Junction,Daylight,Signal,Suburban,Car,Yes,No,Medium
ACC13240,28,20,66.1,38.8,8.86,4,7.7,4,1.95,28.8,21,Wednesday,Cloudy,Dry,Residential,Intersection,Street Lights,Signal,Urban,SUV,No,No,Low
ACC13241,24,17,67.4,85.7,2.83,1,10.2,5,0.42,36.8,5,Wednesday,Clear,Wet,Urban Road,T-Junction,Poor,Signal,Urban,Car,Yes,No,High
ACC13242,25,15,53.3,42.9,4.1,1,10.2,5,0.89,21.0,5,Saturday,Clear,Wet,Urban Road,Crossroad,Daylight,Signal,Urban,Bus,No,No,Medium
ACC13243,41,33,34.6,61.8,9.64,5,5.0,7,4.72,34.9,15,Thursday,Cloudy,Dry,Urban Road,T-Junction,Daylight,Uncontrolled,Suburban,Motorcycle,No,No,Medium
ACC13244,40,22,67.0,49.2,9.65,4,9.2,6,13.46,23.1,3,Friday,Rain,Dry,Rural Road,Intersection,Daylight,Traffic Police,Urban,SUV,No,No,Medium
ACC13245,35,24,62.3,91.3,9.52,1,9.5,5,23.77,31.5,20,Thursday,Rain,Dry,Rural Road,Roundabout,Daylight,Signal,Urban,Truck,No,Yes,High
ACC13246,18,0,73.0,100.0,8.75,1,5.7,3,0.72,26.1,1,Sunday,Clear,Wet,Rural Road,Straight Road,,Signal,Urban,Motorcycle,No,No,High
ACC13247,47,39,20.4,40.9,5.72,2,11.3,8,2.95,21.0,3,Tuesday,Cloudy,Dry,Urban Road,Straight Road,Daylight,Signal,Suburban,Car,No,No,Low
ACC13248,44,35,58.6,61.2,7.8,2,10.0,5,0.46,31.7,12,Sunday,Clear,Dry,Urban Road,Crossroad,Poor,Signal,Urban,SUV,No,No,High
ACC13249,29,8,52.1,33.5,10.62,1,11.4,1,1.8,24.3,20,Tuesday,Fog,Damaged,Highway,Intersection,Daylight,Signal,Urban,Bus,No,No,Low
ACC13250,50,32,49.2,36.2,4.03,6,10.4,7,1.76,30.0,4,Saturday,Cloudy,Wet,Highway,Intersection,Street Lights,Signal,Urban,Car,Yes,No,High
ACC13251,24,17,36.0,83.2,10.71,2,8.2,7,2.49,26.0,1,Friday,Cloudy,Damaged,Rural Road,Intersection,Poor,Traffic Police,Urban,Car,No,No,Medium
ACC13252,36,12,40.4,56.6,4.39,3,8.6,4,0.31,26.8,7,Wednesday,Clear,Icy,Highway,Straight Road,Poor,Signal,Urban,Bus,No,No,High
ACC13253,36,16,60.5,59.9,10.04,3,6.7,4,3.32,29.3,22,Friday,Cloudy,Dry,Urban Road,T-Junction,Street Lights,Stop Sign,Suburban,SUV,No,No,Medium
ACC13254,38,22,44.7,66.1,6.35,2,9.6,4,0.24,29.1,1,Wednesday,Clear,Wet,Urban Road,Straight Road,Daylight,Signal,Suburban,Car,Yes,No,High
ACC13255,20,8,40.5,42.4,6.8,1,4.8,6,0.23,27.9,11,Monday,Clear,Dry,Urban Road,Straight Road,Street Lights,Signal,Suburban,SUV,Yes,Yes,Medium
ACC13256,18,11,56.9,24.9,4.92,1,8.5,2,0.04,18.1,19,Sunday,Clear,Damaged,Urban Road,Straight Road,Daylight,Uncontrolled,Urban,Car,No,No,Medium
ACC13257,34,22,43.3,32.7,12.0,4,5.9,7,6.57,26.2,12,Monday,Rain,Dry,Urban Road,T-Junction,Poor,Signal,Urban,SUV,Yes,No,High
ACC13258,25,14,56.7,43.1,8.95,5,10.8,3,1.31,26.9,7,Friday,Clear,Icy,Urban Road,Roundabout,Street Lights,Traffic Police,Rural,Truck,No,No,Low
ACC13259,39,32,56.1,90.8,11.37,2,3.0,10,0.17,22.1,14,Sunday,Clear,Wet,Urban Road,Crossroad,Street Lights,Signal,Urban,Car,No,No,High
ACC13260,36,15,61.4,65.3,3.54,3,6.4,6,4.46,33.9,10,Monday,Fog,Wet,Urban Road,Roundabout,Daylight,Stop Sign,Suburban,Car,Yes,Yes,High
ACC13261,50,37,41.1,57.7,10.24,1,7.5,4,0.02,30.7,3,Monday,Clear,Dry,Rural Road,Roundabout,Street Lights,Traffic Police,Rural,Truck,No,No,Low
ACC13262,49,26,73.3,24.6,10.64,4,7.8,6,6.19,31.5,19,Sunday,Cloudy,Dry,Urban Road,Straight Road,Street Lights,Signal,Suburban,Motorcycle,No,No,Low
ACC13263,36,28,71.5,24.4,8.2,8,9.2,4,0.36,18.5,2,Sunday,Clear,Wet,Rural Road,Roundabout,Poor,Signal,Urban,SUV,Yes,No,High
ACC13264,51,40,57.2,42.5,6.98,3,7.9,7,0.15,27.8,23,Tuesday,Clear,Dry,Rural Road,Straight Road,Daylight,Uncontrolled,Urban,Bus,No,No,Low
ACC13265,37,26,63.8,52.0,5.73,4,7.0,4,7.43,20.6,20,Wednesday,Rain,Wet,Highway,Straight Road,Poor,Signal,Urban,Motorcycle,No,No,High
ACC13266,35,13,65.8,40.0,9.61,3,9.5,7,0.49,27.5,16,Saturday,Clear,Dry,Residential,Crossroad,Daylight,Uncontrolled,Suburban,SUV,No,No,Low
ACC13267,54,39,68.0,38.5,5.75,4,10.1,10,4.32,25.0,18,Monday,Cloudy,Wet,Urban Road,Intersection,Street Lights,Signal,Suburban,Motorcycle,No,No,High
ACC13268,25,17,67.0,45.0,8.6,3,12.3,3,4.24,34.4,6,Thursday,Cloudy,Dry,Rural Road,Straight Road,Street Lights,Signal,Suburban,Bus,No,No,Low
ACC13269,18,6,66.3,41.4,10.79,3,7.4,6,2.54,30.0,9,Sunday,Cloudy,Wet,Residential,Roundabout,Daylight,Signal,Urban,Bus,Yes,No,Medium
ACC13270,32,8,63.0,52.8,11.82,4,8.2,7,10.02,23.3,15,Tuesday,Rain,Wet,Residential,Crossroad,Daylight,Traffic Police,Rural,SUV,Yes,No,High
ACC13271,37,21,64.8,62.3,9.25,3,9.1,4,0.23,42.4,11,Wednesday,Clear,Dry,Urban Road,Roundabout,Street Lights,Signal,Suburban,Car,No,No,Medium
ACC13272,42,36,20.0,76.3,7.14,2,6.3,6,0.84,31.7,16,Tuesday,Clear,Dry,Urban Road,Intersection,Daylight,Signal,Urban,Motorcycle,No,No,Medium
ACC13273,22,16,37.6,31.8,9.54,4,6.1,4,20.42,32.6,5,Thursday,Rain,Dry,Urban Road,T-Junction,Daylight,Stop Sign,Urban,Motorcycle,No,No,Medium
ACC13274,33,23,67.9,,9.98,1,9.9,8,2.59,27.8,19,Saturday,Cloudy,Dry,Highway,Intersection,Street Lights,Signal,Suburban,Motorcycle,No,No,High
ACC13275,22,5,38.8,100.0,4.19,2,10.8,5,15.85,29.6,1,Wednesday,Rain,Dry,Rural Road,Crossroad,Street Lights,Signal,Urban,Motorcycle,No,No,High
ACC13276,32,22,58.2,,7.44,3,8.2,8,9.09,26.1,8,Friday,Rain,Wet,Urban Road,Intersection,Street Lights,Signal,Urban,Bus,No,No,High
ACC13277,50,28,43.3,57.4,6.33,2,9.6,5,10.03,28.6,3,Friday,Rain,Dry,Highway,Intersection,Daylight,Uncontrolled,Urban,Car,No,No,Medium
ACC13278,37,19,62.1,36.8,9.65,4,7.7,10,1.97,20.9,4,Tuesday,Cloudy,Dry,Rural Road,Crossroad,,Stop Sign,Suburban,Motorcycle,No,No,Medium
ACC13279,25,14,20.0,74.2,2.1,3,10.1,10,0.54,32.1,10,Saturday,Clear,Dry,Highway,Crossroad,Street Lights,Signal,Urban,Car,No,No,High
ACC13280,18,5,63.0,41.5,7.36,3,7.5,8,39.42,35.2,3,Friday,,Dry,Residential,Roundabout,,Signal,Urban,Car,No,No,High
ACC13281,31,18,55.3,100.0,9.2,5,11.8,12,8.35,25.1,19,Sunday,Cloudy,Dry,Rural Road,Straight Road,Street Lights,Stop Sign,Rural,Truck,No,No,High
ACC13282,35,24,40.5,45.8,4.87,5,9.5,12,0.09,36.6,14,Wednesday,Clear,Icy,Urban Road,T-Junction,Street Lights,Uncontrolled,Suburban,Car,No,No,Medium
ACC13283,35,17,74.1,50.1,7.95,4,6.5,4,4.2,24.2,15,Thursday,Fog,Damaged,Highway,T-Junction,Daylight,Signal,Suburban,Car,No,No,Medium
ACC13284,20,11,88.3,65.1,8.94,5,7.6,2,10.9,22.9,0,Thursday,Fog,Dry,Urban Road,T-Junction,Daylight,Signal,Urban,Motorcycle,No,No,High
ACC13285,37,26,20.0,100.0,2.15,6,8.0,2,4.8,29.7,2,Friday,Cloudy,Dry,Highway,Intersection,Poor,Signal,Suburban,Car,No,No,High
ACC13286,18,11,46.0,27.8,7.98,4,8.0,8,2.57,27.7,11,Monday,Clear,Wet,Residential,Crossroad,Daylight,Uncontrolled,Suburban,Car,No,No,Medium
ACC13287,36,23,30.6,83.4,6.12,2,9.1,6,1.12,24.0,1,Monday,Clear,Dry,Residential,Crossroad,Street Lights,Traffic Police,Rural,SUV,No,Yes,Medium
ACC13288,33,27,26.1,66.4,5.65,2,8.0,2,10.6,25.5,0,Saturday,Rain,Dry,Highway,Crossroad,Poor,Signal,Urban,Bus,Yes,No,High
ACC13289,42,37,59.7,10.4,10.49,2,5.1,9,4.77,23.8,22,Monday,Fog,Dry,Urban Road,Straight Road,Poor,Signal,Urban,Car,No,No,Medium
ACC13290,47,29,38.6,51.9,12.0,2,8.4,1,1.01,29.6,4,Friday,Clear,Dry,Urban Road,Crossroad,Street Lights,Signal,Urban,Car,Yes,Yes,Medium
ACC13291,18,10,38.6,59.8,9.76,2,6.9,3,0.47,29.2,19,Friday,Clear,Damaged,Highway,Crossroad,Daylight,Signal,Suburban,SUV,No,No,Low
ACC13292,42,36,44.3,59.3,9.72,2,9.0,6,0.76,19.6,22,Friday,Fog,Wet,Urban Road,Intersection,Poor,Signal,Urban,Car,No,No,Medium
ACC13293,47,41,56.7,90.3,3.67,4,9.0,9,1.33,20.9,13,Sunday,Clear,Dry,Highway,Roundabout,Street Lights,Traffic Police,Urban,Motorcycle,No,No,High
ACC13294,43,34,77.9,37.9,6.74,5,5.6,7,1.71,21.3,12,Wednesday,Cloudy,Dry,Urban Road,T-Junction,Daylight,Signal,Urban,Motorcycle,No,No,High
ACC13295,29,10,63.8,26.7,8.56,4,5.1,9,24.88,24.8,23,Monday,Storm,Wet,Urban Road,Intersection,Street Lights,Uncontrolled,Urban,Bus,No,No,High
ACC13296,47,42,63.3,16.5,5.96,1,8.3,6,0.77,34.3,20,Tuesday,Clear,Wet,Urban Road,Intersection,Daylight,Signal,Urban,SUV,No,No,Low
ACC13297,29,9,42.8,82.9,12.0,5,8.8,4,0.65,33.7,4,Saturday,Cloudy,Wet,Residential,Intersection,Poor,Uncontrolled,Rural,Car,No,No,High
ACC13298,23,6,73.8,81.5,7.75,4,7.3,7,1.08,20.0,3,Wednesday,Clear,Wet,Rural Road,T-Junction,Daylight,Stop Sign,Suburban,Motorcycle,No,Yes,High
ACC13299,35,20,77.2,58.3,11.77,4,9.1,10,0.08,29.5,20,Saturday,Clear,Dry,Urban Road,Intersection,Street Lights,Signal,Urban,Truck,No,No,High
ACC13300,34,11,73.7,39.0,9.25,5,9.4,9,4.34,31.3,20,Saturday,Rain,Wet,Urban Road,Roundabout,Street Lights,Traffic Police,Urban,SUV,No,No,High
ACC13301,45,23,44.3,56.3,9.18,3,9.9,8,0.38,29.4,4,Wednesday,Clear,Wet,Highway,Crossroad,Street Lights,Signal,Urban,SUV,No,No,Medium
ACC13302,28,15,72.3,100.0,8.98,2,6.4,5,20.47,13.3,2,Friday,Storm,Dry,Urban Road,Roundabout,Street Lights,Stop Sign,Suburban,Truck,Yes,No,High
ACC13303,36,31,79.8,57.2,12.0,4,10.1,6,5.3,36.4,21,Friday,Cloudy,Wet,Highway,Crossroad,Poor,Uncontrolled,Urban,SUV,No,No,High
ACC13304,22,3,72.8,67.4,7.65,2,6.8,6,0.1,41.3,12,Wednesday,Clear,Dry,Rural Road,Crossroad,Daylight,Signal,Rural,Car,No,Yes,High
ACC13305,50,44,54.7,12.7,5.3,2,6.8,6,0.33,27.9,15,Friday,Clear,Dry,Highway,Intersection,Daylight,Stop Sign,Suburban,Car,No,Yes,Medium
ACC13306,41,30,42.9,68.8,7.69,4,10.1,6,0.88,23.2,14,Monday,,Dry,Highway,Intersection,Street Lights,Uncontrolled,Urban,Car,No,No,Medium
ACC13307,18,3,61.3,75.5,5.31,4,8.5,8,2.68,21.7,10,Wednesday,Clear,Dry,Highway,T-Junction,Daylight,Traffic Police,Rural,Car,Yes,No,High
ACC13308,48,41,48.8,44.4,5.6,4,7.6,8,0.06,34.9,3,Sunday,Clear,Dry,Residential,Straight Road,Daylight,Uncontrolled,Suburban,Truck,No,No,Low
ACC13309,37,18,20.0,52.9,6.74,3,5.4,7,0.27,24.4,3,Sunday,Clear,Dry,Residential,Roundabout,Daylight,Signal,Urban,SUV,No,No,Medium
ACC13310,36,25,46.3,70.2,6.38,1,10.3,5,3.36,22.6,4,Saturday,Cloudy,Dry,Highway,T-Junction,Daylight,Uncontrolled,Urban,Truck,No,No,Medium
ACC13311,55,43,62.7,51.9,1.18,4,5.9,2,11.44,28.9,0,Sunday,Rain,Dry,Urban Road,T-Junction,Street Lights,Uncontrolled,Suburban,Truck,No,No,High
ACC13312,18,0,65.8,85.2,7.87,4,3.4,3,14.23,19.6,23,Wednesday,Rain,Dry,Highway,Roundabout,Street Lights,Uncontrolled,Urban,Car,No,No,Medium
ACC13313,40,27,85.6,26.3,9.63,4,6.7,6,4.39,20.7,1,Sunday,Rain,Dry,Urban Road,Roundabout,Daylight,Uncontrolled,Urban,Truck,No,No,Medium
ACC13314,31,22,82.6,60.4,7.31,2,9.9,5,1.18,29.2,9,Wednesday,Clear,Wet,Highway,Crossroad,Street Lights,Signal,Urban,Motorcycle,No,No,Medium
ACC13315,25,16,66.5,71.5,12.0,2,7.9,6,0.57,21.6,14,Friday,Clear,Dry,Highway,Straight Road,Daylight,Signal,Urban,Truck,Yes,No,High
ACC13316,50,31,43.3,60.5,9.54,3,7.5,9,20.35,16.3,23,Sunday,Rain,Dry,Urban Road,Intersection,Street Lights,Stop Sign,Urban,Car,No,No,Medium
ACC13317,25,5,59.9,31.9,9.91,4,6.0,6,0.71,32.3,9,Wednesday,Cloudy,,Urban Road,Straight Road,Daylight,Traffic Police,Rural,Motorcycle,No,No,Medium
ACC13318,28,19,50.2,79.9,4.29,3,8.5,11,0.16,32.6,5,Tuesday,Clear,Wet,Highway,Straight Road,Street Lights,Stop Sign,Suburban,Motorcycle,No,No,High
ACC13319,38,27,20.0,24.0,7.93,4,8.4,12,19.75,20.9,16,Tuesday,Rain,Damaged,Residential,Intersection,Daylight,Traffic Police,Suburban,Motorcycle,No,No,Low
ACC13320,48,24,106.0,36.6,10.04,2,5.1,8,7.76,25.6,5,Monday,Rain,Dry,Highway,Straight Road,Daylight,Traffic Police,Suburban,Car,No,No,High
ACC13321,31,6,38.0,57.7,6.37,6,4.2,8,9.21,20.5,10,Wednesday,Cloudy,Dry,Rural Road,T-Junction,,Traffic Police,Suburban,Car,No,No,Medium
ACC13322,44,27,24.6,70.4,12.0,4,11.1,5,0.98,32.5,15,Sunday,Clear,Wet,Urban Road,T-Junction,Daylight,Traffic Police,Rural,Car,Yes,No,Low
ACC13323,54,34,24.1,37.5,10.6,1,12.9,5,5.16,14.9,11,Wednesday,Rain,Dry,Highway,Intersection,Poor,Uncontrolled,Urban,Truck,Yes,No,Low
ACC13324,55,35,54.1,18.8,9.62,3,10.4,8,3.78,19.0,1,Saturday,Cloudy,Dry,Highway,Intersection,Street Lights,Uncontrolled,Suburban,Truck,No,No,Low
ACC13325,49,36,75.9,68.2,7.62,3,8.6,9,23.46,35.5,0,Friday,Rain,Dry,Rural Road,Roundabout,Daylight,Uncontrolled,Urban,SUV,No,No,High
ACC13326,49,43,45.1,15.4,1.83,4,7.3,3,10.91,31.3,10,Saturday,Rain,Wet,Urban Road,Roundabout,Street Lights,Signal,Rural,Truck,No,No,High
ACC13327,46,26,67.5,65.3,10.17,2,8.3,10,19.32,31.4,23,Sunday,Rain,Dry,Highway,Straight Road,Daylight,Signal,Rural,Car,No,No,Medium
ACC13328,20,12,64.4,67.4,6.45,1,9.9,1,7.93,25.3,16,Thursday,Cloudy,Damaged,Urban Road,Straight Road,Daylight,Signal,Rural,Bus,No,No,High
ACC13329,40,29,52.2,97.0,6.16,4,9.2,5,0.16,35.2,6,Saturday,Clear,Damaged,Urban Road,Intersection,Poor,Signal,Urban,Motorcycle,Yes,No,High
ACC13330,40,29,39.2,71.7,7.13,6,13.7,7,7.93,27.6,8,Sunday,Rain,Dry,Residential,Straight Road,Daylight,Signal,Urban,Car,No,No,High
ACC13331,41,29,73.2,45.6,4.57,3,10.0,8,2.81,18.8,15,Thursday,Cloudy,Wet,Urban Road,Crossroad,Street Lights,Traffic Police,Urban,Truck,No,No,High
ACC13332,25,11,60.8,62.6,5.47,2,9.9,6,16.92,30.2,13,Sunday,Rain,Wet,Urban Road,T-Junction,Daylight,Uncontrolled,Urban,Car,No,No,High
ACC13333,41,26,57.9,79.8,9.86,3,10.3,8,0.93,35.5,22,Wednesday,,Wet,Highway,Straight Road,Street Lights,Signal,Urban,Car,Yes,No,High
ACC13334,46,31,80.4,65.9,9.34,3,9.2,7,0.51,34.5,23,Monday,Clear,Dry,Residential,Straight Road,Daylight,Uncontrolled,Urban,Bus,No,Yes,High
ACC13335,38,30,63.3,55.2,8.63,3,8.1,4,13.69,34.5,8,Tuesday,Fog,Wet,Highway,Roundabout,Daylight,Stop Sign,Suburban,Bus,No,No,Medium
ACC13336,23,5,44.1,88.7,,2,7.6,2,8.5,15.2,19,Wednesday,Rain,Dry,Rural Road,Crossroad,Poor,Signal,Urban,Bus,No,No,High
ACC13337,29,8,76.4,32.5,11.22,4,9.3,7,0.16,26.1,4,Wednesday,Fog,Damaged,Residential,Straight Road,Daylight,Uncontrolled,Rural,Car,Yes,No,High
ACC13338,39,25,82.1,21.7,9.37,3,10.7,2,24.64,27.1,9,Monday,Rain,Dry,Urban Road,T-Junction,Street Lights,Signal,Urban,SUV,No,No,Medium
ACC13339,37,15,65.0,10.5,3.84,1,9.0,9,2.71,22.6,15,Monday,Cloudy,Dry,Highway,Straight Road,Street Lights,Uncontrolled,Urban,Truck,No,No,Medium
ACC13340,19,5,54.2,92.6,10.03,3,6.5,2,39.49,28.3,23,Thursday,Rain,Wet,Highway,Intersection,Street Lights,Signal,Suburban,Bus,No,No,Medium
ACC13341,39,23,88.8,38.2,6.69,4,6.6,10,2.06,23.2,8,Sunday,Fog,Wet,Rural Road,Crossroad,Street Lights,Stop Sign,Suburban,Truck,No,No,High
ACC13342,23,17,86.0,50.1,9.37,4,9.1,10,0.77,14.1,8,Wednesday,Cloudy,Dry,Urban Road,Straight Road,Daylight,Uncontrolled,Urban,Motorcycle,Yes,No,High
ACC13343,24,16,65.5,60.9,3.81,5,9.2,4,3.33,22.4,8,Sunday,Cloudy,Dry,Urban Road,Crossroad,Daylight,Signal,Rural,Car,No,No,Medium
ACC13344,23,3,33.7,40.0,6.67,3,5.8,6,0.34,30.5,13,Wednesday,Clear,Dry,Rural Road,Straight Road,Poor,Traffic Police,Suburban,Truck,No,No,Medium
ACC13345,19,9,45.4,,1.9,4,5.3,8,1.68,28.7,12,Friday,Cloudy,Damaged,Highway,T-Junction,Street Lights,Signal,Rural,Truck,No,No,High
ACC13346,18,11,99.8,85.7,7.75,5,7.5,5,11.34,20.1,15,Tuesday,Rain,Wet,Highway,T-Junction,Daylight,Stop Sign,Rural,Car,No,No,High
ACC13347,20,4,46.4,72.7,9.41,2,6.6,13,0.26,31.1,23,Friday,Clear,Wet,Highway,Crossroad,Daylight,Traffic Police,Urban,Truck,Yes,No,Medium
ACC13348,37,30,79.1,56.6,6.13,2,9.1,9,0.68,32.6,8,Friday,Clear,Dry,Urban Road,Roundabout,Street Lights,Traffic Police,Rural,Motorcycle,No,No,High
ACC13349,37,18,38.7,43.8,8.46,3,9.7,1,0.14,27.6,16,Tuesday,Clear,Dry,Highway,Roundabout,Poor,Signal,Rural,Motorcycle,No,No,Low
ACC13350,31,12,45.4,31.6,4.77,3,8.9,6,0.71,26.5,17,Wednesday,Clear,Wet,Highway,Intersection,Poor,Signal,Rural,Car,No,No,Medium
ACC13351,31,17,48.4,63.5,7.81,5,8.4,6,0.79,29.1,3,Thursday,Clear,Wet,Residential,Roundabout,Poor,Uncontrolled,Rural,Car,No,No,High
ACC13352,36,17,67.9,44.5,11.51,2,7.9,5,0.22,20.0,16,Sunday,Clear,Dry,Urban Road,Crossroad,Daylight,Signal,Rural,Car,No,No,Medium
ACC13353,28,7,62.8,71.3,7.56,2,9.6,9,1.03,41.5,21,Tuesday,Fog,Damaged,Residential,Roundabout,Poor,Stop Sign,Urban,Bus,No,No,High
ACC13354,27,18,106.4,34.3,10.41,5,6.2,7,3.79,29.7,0,Monday,Cloudy,Dry,Highway,Intersection,Poor,Uncontrolled,Urban,Car,No,No,High
ACC13355,38,20,27.1,23.7,9.68,3,13.3,5,0.36,29.3,2,Wednesday,Clear,Dry,Urban Road,Straight Road,Daylight,Stop Sign,Rural,Car,Yes,No,Low
ACC13356,47,28,25.7,80.5,,3,5.7,3,1.16,17.9,21,Tuesday,Clear,Dry,Rural Road,Roundabout,Daylight,Signal,Suburban,SUV,Yes,No,Medium
ACC13357,26,17,47.1,54.1,4.15,6,9.0,5,21.41,35.8,4,Tuesday,Rain,Dry,Urban Road,Crossroad,,Stop Sign,Urban,Car,Yes,No,High
ACC13358,36,16,63.5,72.9,10.09,6,11.1,5,2.12,20.8,0,Saturday,Clear,Dry,Residential,Crossroad,Street Lights,Traffic Police,Urban,Truck,Yes,Yes,High
ACC13359,24,5,65.1,81.2,11.61,7,6.0,13,35.43,24.0,11,Sunday,Rain,Dry,Residential,Intersection,Daylight,Stop Sign,Suburban,SUV,No,No,High
ACC13360,40,32,56.4,47.2,12.0,1,8.8,2,24.77,26.6,10,Tuesday,Rain,Dry,Urban Road,Intersection,Daylight,Uncontrolled,Urban,Motorcycle,No,No,Low
ACC13361,63,52,39.9,,5.81,4,13.4,6,29.1,23.1,12,Thursday,Rain,Wet,Urban Road,T-Junction,Daylight,Signal,Urban,Bus,Yes,No,Medium
ACC13362,41,17,55.5,100.0,8.18,3,7.1,7,1.43,26.1,22,Friday,Clear,Dry,Highway,T-Junction,Daylight,Signal,Urban,SUV,No,No,Medium
ACC13363,39,33,40.7,100.0,4.7,6,7.5,6,21.47,21.7,8,Friday,Rain,Dry,Highway,T-Junction,Daylight,Signal,Suburban,SUV,No,No,High
ACC13364,40,30,57.3,66.8,6.74,5,9.0,6,0.05,31.8,7,Saturday,Clear,Dry,Highway,Straight Road,Street Lights,Stop Sign,Urban,Motorcycle,No,No,Medium
ACC13365,37,20,74.2,52.1,5.01,1,6.3,1,1.28,29.6,9,Tuesday,Fog,Dry,Urban Road,Crossroad,Daylight,Signal,Urban,Car,No,No,High
ACC13366,32,8,20.0,43.3,10.64,3,9.8,12,1.5,24.5,21,Tuesday,Cloudy,Wet,Highway,T-Junction,,Stop Sign,Suburban,Motorcycle,Yes,No,Medium
ACC13367,21,11,77.9,68.2,10.56,5,5.7,7,0.55,32.5,20,Friday,Clear,Dry,Urban Road,Crossroad,Poor,Uncontrolled,Suburban,Bus,No,No,Medium
ACC13368,35,14,24.4,73.8,9.5,2,10.5,7,1.38,27.8,21,Thursday,Clear,Wet,Rural Road,Intersection,Poor,Uncontrolled,Urban,SUV,No,No,Low
ACC13369,34,22,37.5,56.2,8.56,5,6.0,5,1.09,19.9,4,Wednesday,Clear,Wet,Rural Road,Straight Road,Street Lights,Signal,Urban,Bus,No,No,Medium
ACC13370,34,22,104.0,39.2,8.72,4,9.2,4,9.96,22.5,11,Friday,Rain,Dry,Highway,Intersection,Daylight,Uncontrolled,Suburban,Motorcycle,No,No,High
ACC13371,38,13,47.4,81.9,7.63,2,10.1,4,0.2,30.4,2,Tuesday,Clear,Dry,Residential,Crossroad,Daylight,Uncontrolled,Suburban,Motorcycle,No,No,Medium
ACC13372,41,20,75.7,42.3,9.61,4,7.4,5,2.39,31.6,6,Thursday,Cloudy,Dry,Urban Road,T-Junction,Daylight,Signal,Urban,Car,Yes,No,Medium
ACC13373,40,30,83.3,82.1,10.77,5,8.6,7,0.49,29.7,16,Sunday,Clear,Dry,Urban Road,Intersection,Poor,Signal,Urban,Car,No,No,Medium
ACC13374,32,23,76.1,50.7,9.94,7,9.8,5,11.02,26.1,12,Thursday,Rain,Wet,Highway,Roundabout,Daylight,Stop Sign,Rural,Bus,No,No,High
ACC13375,40,33,27.7,97.9,11.14,3,6.1,3,16.26,34.3,15,Sunday,Rain,,Highway,Straight Road,Street Lights,Signal,Rural,Car,No,Yes,Medium
ACC13376,26,11,52.4,32.1,12.0,3,7.3,7,10.61,20.8,6,Saturday,Rain,Dry,Highway,Crossroad,Street Lights,Signal,Urban,Car,No,No,Low
ACC13377,18,6,40.3,98.6,9.74,4,5.4,8,10.75,23.3,12,Tuesday,Rain,Dry,Residential,T-Junction,Poor,Signal,Urban,Bus,Yes,No,High
ACC13378,29,16,64.4,55.8,5.26,3,9.9,6,0.49,26.3,22,Monday,Clear,Dry,Residential,Intersection,Street Lights,Signal,Urban,Car,No,No,High
ACC13379,35,21,46.0,59.8,5.42,2,7.8,7,0.07,29.2,17,Thursday,Clear,Dry,Highway,Straight Road,Street Lights,Traffic Police,Urban,SUV,No,No,High
ACC13380,18,0,79.3,41.8,5.22,2,9.7,4,20.98,25.6,4,Friday,Rain,Dry,Rural Road,T-Junction,Daylight,Uncontrolled,Urban,Car,Yes,No,High
ACC13381,36,31,69.1,40.1,7.49,5,12.0,4,0.4,16.9,17,Monday,Clear,Dry,Urban Road,Intersection,Street Lights,Stop Sign,Urban,SUV,No,Yes,High
ACC13382,37,23,47.8,33.1,7.73,7,6.0,4,1.06,22.2,5,Saturday,Clear,Dry,Urban Road,Crossroad,Daylight,Traffic Police,Suburban,Motorcycle,Yes,No,High
ACC13383,44,38,56.8,37.9,8.05,5,6.5,4,1.4,16.8,11,Wednesday,Clear,Wet,Rural Road,Roundabout,Poor,Stop Sign,Urban,Car,Yes,No,High
ACC13384,39,21,65.1,68.8,8.05,2,6.6,11,0.22,22.5,8,Friday,Clear,Damaged,Highway,Roundabout,Daylight,Uncontrolled,Rural,Truck,No,No,High
ACC13385,20,14,56.1,97.9,8.83,4,11.0,5,0.21,21.4,6,Saturday,Clear,Dry,Highway,Crossroad,Daylight,Signal,Suburban,SUV,No,Yes,High
ACC13386,38,18,41.7,80.9,8.43,1,8.0,6,4.36,37.4,3,Sunday,Fog,Dry,Urban Road,Straight Road,Poor,Stop Sign,Suburban,Motorcycle,No,No,High
ACC13387,35,13,51.8,56.6,11.57,4,10.7,3,0.18,33.6,12,Saturday,Clear,,Highway,Crossroad,Daylight,Signal,Rural,Truck,No,No,Low
ACC13388,40,16,48.3,52.5,,3,14.3,6,4.32,30.3,9,Saturday,Cloudy,Dry,Urban Road,Intersection,Poor,Signal,Suburban,SUV,No,No,Low
ACC13389,47,40,21.6,100.0,7.48,3,5.4,16,1.3,36.0,0,Tuesday,Clear,Dry,Highway,Straight Road,Poor,Signal,Rural,Car,Yes,No,High
ACC13390,27,2,72.9,65.3,8.7,2,7.1,7,18.03,29.6,14,Monday,Rain,Dry,Urban Road,Roundabout,Street Lights,Signal,Urban,Bus,No,No,High
ACC13391,32,19,45.9,46.4,12.0,4,10.5,5,0.62,13.5,6,Saturday,Clear,Wet,Urban Road,Intersection,Daylight,Signal,Urban,Car,No,No,Medium
ACC13392,35,17,47.1,76.7,6.61,2,7.4,6,8.35,35.9,22,Saturday,Fog,Dry,Urban Road,T-Junction,Daylight,Signal,Urban,Motorcycle,No,Yes,High
ACC13393,30,25,71.1,64.6,5.79,1,5.7,7,4.77,31.2,9,Saturday,Fog,Damaged,Urban Road,T-Junction,Poor,Uncontrolled,Urban,Car,No,No,High
ACC13394,18,6,62.4,73.5,6.11,4,6.0,8,0.22,36.3,2,Friday,Clear,Wet,Residential,T-Junction,Poor,Signal,Urban,Motorcycle,No,No,High
ACC13395,44,32,51.7,97.9,4.58,2,6.7,7,2.91,23.5,18,Saturday,Fog,Wet,Urban Road,Roundabout,Daylight,Uncontrolled,Suburban,Car,Yes,No,High
ACC13396,18,3,60.5,33.0,6.52,1,4.9,5,35.63,22.6,8,Thursday,Storm,Wet,Urban Road,Crossroad,Daylight,Uncontrolled,Urban,Car,No,No,Medium
ACC13397,38,30,49.0,30.9,3.91,5,7.3,3,50.12,28.0,8,Tuesday,Rain,Dry,Highway,Straight Road,Daylight,Stop Sign,Suburban,Motorcycle,Yes,No,Medium
ACC13398,21,2,39.0,73.2,6.01,1,10.1,8,17.18,29.0,14,Monday,Rain,Dry,Highway,Roundabout,Poor,Signal,Urban,Truck,No,No,High
ACC13399,24,7,51.6,69.8,11.72,3,6.1,2,0.49,30.4,18,Thursday,Clear,Damaged,Urban Road,Intersection,Daylight,Traffic Police,Suburban,Truck,No,No,High
ACC13400,42,33,51.1,33.7,3.92,4,9.4,5,2.64,30.7,8,Saturday,Cloudy,Damaged,Urban Road,Intersection,Daylight,Signal,Urban,Motorcycle,No,No,Medium
ACC13401,49,24,43.7,98.3,7.82,3,7.4,6,1.07,27.5,8,Sunday,Clear,Dry,Residential,T-Junction,Street Lights,Uncontrolled,Rural,Car,No,No,Medium
ACC13402,39,34,32.6,69.6,5.96,3,9.9,10,0.87,28.3,15,Tuesday,Clear,Damaged,Rural Road,Straight Road,Daylight,Stop Sign,Urban,SUV,No,No,High
ACC13403,32,20,57.7,41.5,8.25,4,4.9,6,14.72,23.3,20,Tuesday,Storm,Dry,Highway,T-Junction,Poor,Signal,Rural,Car,No,No,Medium
ACC13404,33,23,20.0,53.9,7.79,1,7.7,8,0.15,26.2,10,Monday,Clear,Dry,Highway,Intersection,Daylight,Signal,Urban,Car,No,No,Low
ACC13405,49,33,57.9,10.6,9.59,1,10.3,7,4.45,33.1,12,Monday,Rain,Dry,Urban Road,Intersection,Daylight,Signal,Suburban,Motorcycle,No,No,Low
ACC13406,48,25,50.8,65.5,8.48,6,11.2,7,19.16,28.9,21,Monday,Rain,Dry,Urban Road,Crossroad,Daylight,Uncontrolled,Urban,Truck,No,No,High
ACC13407,41,23,55.1,29.2,4.49,3,8.9,6,3.02,29.1,20,Friday,Fog,Dry,Highway,Crossroad,Daylight,Uncontrolled,Rural,Car,No,No,Medium
ACC13408,48,42,59.7,49.8,8.15,4,7.9,12,23.26,19.1,7,Sunday,Storm,Dry,Residential,Crossroad,Daylight,Traffic Police,Suburban,Car,No,No,Medium
ACC13409,30,8,69.3,56.2,2.86,2,8.6,7,1.39,28.2,1,Tuesday,Clear,Dry,Urban Road,T-Junction,Daylight,Signal,Rural,Bus,Yes,No,High
ACC13410,43,33,46.4,100.0,3.17,2,8.4,5,0.9,22.5,7,Saturday,Clear,Dry,Rural Road,Straight Road,Daylight,Signal,Urban,Motorcycle,Yes,No,High
ACC13411,21,14,49.7,91.0,10.86,3,10.7,6,0.7,30.9,5,Wednesday,Clear,Dry,Urban Road,Crossroad,Poor,Signal,Rural,Motorcycle,No,No,High
ACC13412,29,15,59.5,5.8,,4,6.9,8,0.36,22.3,21,Thursday,Clear,Icy,Urban Road,Roundabout,Daylight,Traffic Police,Urban,SUV,No,No,Medium
ACC13413,31,8,39.2,37.3,6.22,3,5.4,5,0.43,24.7,22,Monday,Clear,Dry,Urban Road,Crossroad,Poor,Signal,Urban,Car,No,No,Medium
ACC13414,48,42,41.9,66.4,7.6,4,9.5,7,0.14,44.9,6,Tuesday,Clear,Dry,Urban Road,T-Junction,Street Lights,Signal,Urban,Truck,No,No,Medium
ACC13415,33,15,62.6,58.2,10.3,4,8.4,5,25.23,30.5,23,Sunday,Rain,Dry,Residential,Straight Road,Daylight,Traffic Police,Urban,Car,No,No,Medium
ACC13416,45,33,52.0,87.2,,4,8.0,6,1.3,36.1,2,Saturday,Cloudy,Dry,Highway,Crossroad,Daylight,Stop Sign,Suburban,Car,No,No,Medium
ACC13417,29,12,39.0,33.8,6.0,3,12.5,4,0.3,25.9,13,Thursday,Clear,Wet,Urban Road,Straight Road,Daylight,Stop Sign,Urban,Car,Yes,No,Medium
ACC13418,43,33,30.5,53.8,5.81,2,6.5,3,15.94,31.0,19,Wednesday,Rain,Dry,Residential,Roundabout,Daylight,Signal,Urban,Truck,No,No,Medium
ACC13419,41,17,55.7,38.3,3.81,6,4.2,4,0.58,33.4,7,Thursday,,Wet,Residential,Intersection,Daylight,Stop Sign,Suburban,Car,No,No,Medium
ACC13420,18,11,66.1,62.0,6.22,6,9.6,7,0.85,20.9,6,Wednesday,Clear,Dry,Rural Road,Straight Road,Daylight,Traffic Police,Rural,Motorcycle,No,Yes,High
ACC13421,46,38,70.4,48.2,4.79,5,6.9,6,4.55,24.7,23,Saturday,Rain,Dry,Residential,Crossroad,Street Lights,Stop Sign,Suburban,SUV,No,No,High
ACC13422,29,23,32.8,76.1,9.72,4,8.4,4,1.35,29.4,11,Monday,Cloudy,Dry,Urban Road,T-Junction,Street Lights,Signal,Suburban,Bus,No,No,Medium
ACC13423,21,0,65.0,45.2,,3,12.4,5,25.83,28.0,5,Friday,Rain,Dry,Rural Road,T-Junction,Daylight,Signal,Suburban,Car,No,No,Medium
ACC13424,25,18,38.9,41.1,5.13,3,3.8,4,0.49,33.7,16,Wednesday,Clear,Dry,Rural Road,T-Junction,Daylight,Signal,Suburban,Car,No,No,Low
ACC13425,29,18,88.8,100.0,5.73,4,6.8,9,7.66,22.9,4,Monday,Rain,Dry,Residential,T-Junction,Street Lights,Stop Sign,Rural,Motorcycle,No,No,High
ACC13426,26,17,52.5,90.8,7.13,1,10.7,4,4.43,41.4,19,Thursday,Cloudy,Dry,Rural Road,Straight Road,Daylight,Signal,Urban,Car,No,No,Medium
ACC13427,25,13,35.7,84.9,6.56,4,11.4,7,2.1,29.9,23,Saturday,Cloudy,Dry,Urban Road,T-Junction,Poor,Stop Sign,Urban,SUV,No,No,High
ACC13428,32,12,63.4,42.9,10.84,2,6.9,7,0.29,25.0,18,Sunday,Cloudy,Icy,Rural Road,Intersection,Street Lights,Stop Sign,Rural,SUV,No,No,Medium
ACC13429,40,16,56.5,33.1,12.0,2,8.6,8,4.37,27.9,9,Thursday,Fog,Dry,Urban Road,Roundabout,Poor,Uncontrolled,Rural,Motorcycle,Yes,No,Medium
ACC13430,48,25,70.7,9.4,5.4,5,9.3,3,0.34,29.9,22,Thursday,Cloudy,Dry,Urban Road,Straight Road,Daylight,Signal,Urban,Car,Yes,No,Medium
ACC13431,53,31,61.9,65.1,10.54,2,9.1,6,1.8,30.5,13,Saturday,Cloudy,Dry,Urban Road,Straight Road,Poor,Uncontrolled,Suburban,SUV,No,No,Medium
ACC13432,59,46,88.0,73.5,7.32,2,6.7,7,21.53,24.3,20,Saturday,Storm,Dry,Residential,T-Junction,Street Lights,Stop Sign,Suburban,Bus,No,No,High
ACC13433,38,17,51.1,,7.89,3,8.3,4,3.59,22.9,11,Friday,Rain,Dry,Urban Road,T-Junction,Street Lights,Signal,Urban,Motorcycle,No,Yes,Medium
ACC13434,33,12,73.5,68.3,8.44,5,7.1,3,0.04,24.5,17,Tuesday,Clear,Damaged,Highway,Straight Road,Daylight,Traffic Police,Urban,Car,No,No,High
ACC13435,43,33,46.1,15.4,6.59,5,9.5,7,3.74,37.4,20,Wednesday,Rain,Damaged,Highway,T-Junction,Daylight,Signal,Suburban,Motorcycle,No,No,Medium
ACC13436,22,12,61.9,100.0,5.96,3,5.5,6,0.08,26.0,7,Sunday,Clear,Dry,Residential,T-Junction,Poor,Stop Sign,Urban,SUV,Yes,No,High
ACC13437,32,17,49.2,33.9,6.54,2,7.0,8,0.67,25.4,8,Saturday,Clear,Dry,Urban Road,T-Junction,Street Lights,Signal,Urban,Car,No,No,Low
ACC13438,39,15,77.8,35.7,8.61,5,6.3,10,1.91,26.2,16,Tuesday,Cloudy,Dry,Rural Road,T-Junction,Daylight,Stop Sign,Rural,Bus,No,No,Low
ACC13439,25,18,75.2,39.2,8.8,3,8.9,9,9.96,30.0,10,Thursday,Fog,Wet,Residential,T-Junction,Daylight,Stop Sign,Suburban,Car,No,No,Medium
ACC13440,46,21,67.2,82.4,12.0,5,9.7,11,1.31,24.0,13,Sunday,Fog,Dry,Highway,Crossroad,Daylight,Signal,Rural,SUV,No,No,Medium
ACC13441,40,32,64.2,76.3,7.73,1,8.9,4,0.52,18.9,11,Friday,Clear,Dry,Highway,Crossroad,Street Lights,Uncontrolled,Rural,Motorcycle,No,No,Medium
ACC13442,31,16,70.5,62.0,6.65,5,11.8,4,4.24,32.2,10,Monday,Cloudy,Dry,Rural Road,Crossroad,Street Lights,Stop Sign,Suburban,Car,No,No,High
ACC13443,39,28,75.2,100.0,6.8,4,8.2,10,0.26,25.1,7,Friday,Clear,Wet,Residential,Straight Road,Daylight,Uncontrolled,Rural,Car,No,No,High
ACC13444,33,20,59.9,65.9,7.12,1,6.4,5,44.94,34.3,11,Saturday,Storm,Dry,Rural Road,Roundabout,Daylight,Signal,Urban,Motorcycle,No,No,High
ACC13445,18,0,67.9,67.1,7.67,2,7.0,4,35.26,41.7,13,Tuesday,Storm,Dry,Urban Road,Straight Road,Daylight,Signal,Suburban,Car,No,No,High
ACC13446,47,29,85.9,73.4,8.71,4,6.7,5,5.89,22.2,11,Thursday,Cloudy,Wet,Residential,Crossroad,Daylight,Uncontrolled,Suburban,Truck,No,Yes,High
ACC13447,34,23,54.5,46.2,12.0,4,7.8,7,23.13,23.5,9,Sunday,Rain,Dry,Highway,Straight Road,Daylight,Signal,Suburban,Car,Yes,No,Medium
ACC13448,38,20,62.7,18.8,7.68,7,5.2,5,5.94,29.7,12,Sunday,Rain,Damaged,Highway,Roundabout,Daylight,Uncontrolled,Urban,Car,No,No,Low
ACC13449,42,28,50.8,50.8,4.53,2,8.7,10,0.64,26.5,16,Sunday,Cloudy,Dry,Rural Road,T-Junction,Daylight,Signal,Urban,Motorcycle,No,No,High
ACC13450,18,0,82.3,16.0,11.77,3,9.3,9,0.06,36.2,19,Wednesday,Clear,Wet,Urban Road,Intersection,Poor,Signal,Urban,Motorcycle,No,Yes,High
ACC13451,34,22,53.6,80.3,9.16,3,8.9,7,3.13,26.8,19,Friday,Cloudy,Wet,Rural Road,Crossroad,Street Lights,Uncontrolled,Suburban,Motorcycle,No,No,Medium
ACC13452,27,10,67.2,65.8,3.87,2,11.5,4,12.23,23.7,16,Tuesday,Rain,Dry,Highway,Crossroad,Poor,Uncontrolled,Rural,Motorcycle,No,No,High
ACC13453,50,28,96.2,36.6,8.48,2,12.4,9,5.56,21.9,7,Tuesday,Rain,,Residential,Roundabout,Daylight,Stop Sign,Rural,Motorcycle,Yes,No,Medium
ACC13454,34,10,76.1,48.8,8.36,1,8.3,4,0.11,22.3,0,Monday,Clear,Dry,Urban Road,T-Junction,Poor,Uncontrolled,Urban,Motorcycle,No,Yes,High
ACC13455,33,12,53.6,69.8,9.93,4,10.9,5,0.97,32.0,1,Wednesday,Fog,Damaged,Highway,T-Junction,Street Lights,Uncontrolled,Urban,Car,No,No,High
ACC13456,30,6,72.8,72.5,12.0,3,5.5,4,0.24,15.9,18,Sunday,Clear,Dry,Rural Road,Intersection,Daylight,Stop Sign,Urban,Car,No,No,Medium
ACC13457,52,38,65.9,63.5,7.99,3,12.4,7,1.24,31.3,22,Tuesday,Cloudy,Wet,Urban Road,T-Junction,Daylight,Traffic Police,Urban,Car,Yes,No,High
ACC13458,27,7,30.1,20.3,7.08,5,8.8,9,20.21,27.9,12,Wednesday,Rain,Dry,Urban Road,Roundabout,Street Lights,Uncontrolled,Rural,Truck,No,No,Low
ACC13459,24,17,37.1,15.7,8.24,2,9.4,5,18.1,27.9,8,Thursday,Rain,Damaged,Residential,T-Junction,Poor,Stop Sign,Rural,Motorcycle,No,No,Medium
ACC13460,26,9,52.4,48.7,7.07,7,6.7,5,0.93,32.0,18,Saturday,Cloudy,Dry,Urban Road,Roundabout,Daylight,Signal,Urban,Motorcycle,No,Yes,High
ACC13461,28,23,64.4,74.3,4.56,4,10.2,4,0.41,27.0,10,Friday,Clear,Damaged,Residential,Crossroad,Daylight,Traffic Police,Urban,Bus,No,No,High
ACC13462,35,25,47.2,49.1,9.77,7,9.1,6,0.77,22.3,19,Tuesday,Clear,Damaged,Urban Road,Crossroad,Street Lights,Signal,Urban,Car,No,No,High
ACC13463,43,25,58.6,81.5,,2,10.7,5,0.96,16.2,16,Thursday,Cloudy,Dry,Highway,Crossroad,Poor,Signal,Urban,Motorcycle,Yes,No,High
ACC13464,26,18,48.6,98.0,4.61,5,7.7,3,8.2,25.4,12,Monday,Cloudy,Wet,Rural Road,Straight Road,Street Lights,Signal,Rural,Car,Yes,No,Medium
ACC13465,51,42,41.7,43.1,4.43,3,8.0,6,1.25,24.3,1,Wednesday,Clear,Icy,Rural Road,Crossroad,Daylight,Signal,Suburban,Truck,No,No,Medium
ACC13466,38,32,50.1,21.0,7.92,2,7.7,7,30.8,29.6,12,Saturday,Rain,Dry,Highway,Roundabout,Daylight,Signal,Suburban,Truck,No,No,Low
ACC13467,19,0,63.5,,6.52,5,11.0,9,0.74,32.8,16,Thursday,Cloudy,Dry,Highway,Intersection,Daylight,Uncontrolled,Suburban,Bus,No,No,High
ACC13468,18,4,67.0,100.0,10.19,3,5.1,4,19.05,29.5,1,Wednesday,Rain,Dry,Rural Road,T-Junction,Poor,Uncontrolled,Urban,SUV,Yes,No,High
ACC13469,35,12,51.7,57.5,10.89,4,10.5,8,10.06,26.8,23,Sunday,Rain,Dry,Urban Road,Crossroad,Street Lights,Signal,Urban,Bus,Yes,No,Medium
ACC13470,28,16,84.6,42.0,4.67,3,11.0,6,0.41,34.4,4,Sunday,Clear,Dry,Highway,Straight Road,,Uncontrolled,Urban,Bus,No,No,Medium
ACC13471,25,11,45.4,89.2,4.74,4,12.2,8,0.02,23.0,10,Saturday,Clear,Dry,Urban Road,Straight Road,Daylight,Stop Sign,Suburban,Car,No,No,Medium
ACC13472,28,13,62.6,70.0,4.31,3,9.9,10,16.31,16.1,6,Wednesday,Rain,Dry,Highway,Roundabout,Poor,Stop Sign,Rural,Car,No,No,High
ACC13473,28,6,50.6,61.7,11.14,1,6.5,5,2.29,27.5,9,Tuesday,Cloudy,Dry,Urban Road,Intersection,,Signal,Suburban,SUV,No,No,Low
ACC13474,38,27,42.9,53.8,8.27,4,10.0,3,10.43,27.1,11,Wednesday,Rain,Dry,Urban Road,Crossroad,Poor,Uncontrolled,Urban,SUV,No,No,High
ACC13475,40,34,41.9,58.0,5.83,3,12.5,6,7.02,21.3,8,Thursday,Rain,Damaged,Highway,Crossroad,Street Lights,Signal,Suburban,Motorcycle,No,No,High
ACC13476,34,16,56.3,36.2,9.66,3,9.1,5,11.13,24.4,19,Monday,Rain,Wet,Urban Road,Straight Road,Street Lights,Signal,Urban,Car,No,No,High
ACC13477,37,15,30.4,100.0,6.32,7,7.7,7,18.75,27.1,21,Tuesday,Storm,Dry,Urban Road,Roundabout,Street Lights,Signal,Urban,SUV,Yes,No,High
ACC13478,24,8,64.9,41.8,8.96,1,13.0,6,1.75,28.7,5,Friday,Cloudy,Wet,Rural Road,Straight Road,Daylight,Uncontrolled,Urban,Car,No,No,Medium
ACC13479,31,20,65.3,5.0,6.93,7,5.0,6,0.84,20.0,4,Monday,Cloudy,Wet,Highway,Straight Road,Poor,Uncontrolled,Urban,Car,No,Yes,Medium
ACC13480,37,19,69.5,55.8,4.91,1,7.5,5,0.18,24.8,4,Thursday,Clear,Damaged,Residential,Intersection,Daylight,Signal,Rural,Truck,No,No,High
ACC13481,35,10,88.1,69.6,10.17,6,12.0,8,0.05,18.8,6,Tuesday,Clear,Dry,Rural Road,Roundabout,Street Lights,Signal,Suburban,Car,No,No,Low
ACC13482,43,27,63.9,97.7,7.09,4,6.1,7,4.89,29.4,14,Saturday,Cloudy,Dry,Urban Road,Intersection,Poor,Uncontrolled,Urban,Car,Yes,Yes,High
ACC13483,36,25,39.1,47.4,10.36,5,11.5,5,0.43,28.9,12,Saturday,Clear,Damaged,Highway,Roundabout,Daylight,Uncontrolled,Urban,Bus,Yes,No,Low
ACC13484,18,8,50.4,26.6,12.0,2,4.3,11,3.35,26.8,9,Wednesday,Fog,Damaged,Urban Road,Crossroad,Street Lights,Signal,Urban,Car,No,No,Medium
ACC13485,29,4,58.4,87.2,9.88,5,10.3,4,5.55,26.8,23,Sunday,Cloudy,Wet,Rural Road,T-Junction,Street Lights,Uncontrolled,Urban,SUV,No,Yes,Medium
ACC13486,52,30,53.8,40.0,10.54,5,10.5,5,5.07,35.7,1,Monday,Cloudy,Wet,Residential,T-Junction,Street Lights,Traffic Police,Urban,SUV,No,No,Low
ACC13487,28,17,40.9,71.7,9.88,3,5.9,5,0.23,19.3,17,Tuesday,Clear,Dry,Highway,Roundabout,Poor,Signal,Suburban,Bus,No,No,Medium
ACC13488,33,23,45.6,32.8,6.76,4,8.5,9,0.01,32.4,15,Friday,Clear,Dry,Rural Road,T-Junction,Street Lights,Stop Sign,Urban,SUV,Yes,No,Medium
ACC13489,18,0,65.3,35.5,9.89,2,5.5,8,0.02,41.5,18,Sunday,Clear,Dry,Urban Road,Straight Road,Street Lights,Signal,Rural,Motorcycle,No,No,Medium
ACC13490,23,0,69.9,47.6,7.91,6,6.2,4,0.2,23.5,18,Friday,Clear,Dry,Highway,Crossroad,Daylight,Uncontrolled,Urban,Motorcycle,No,No,High
ACC13491,27,13,50.1,27.9,3.62,2,8.6,6,0.48,24.4,1,Friday,Clear,Wet,Residential,Crossroad,Daylight,Signal,Urban,Bus,No,No,Medium
ACC13492,56,46,62.3,18.8,,1,12.6,4,0.8,32.6,10,Saturday,Cloudy,Dry,Urban Road,T-Junction,Daylight,Signal,Urban,Motorcycle,Yes,No,Low
ACC13493,35,25,32.8,43.5,9.78,3,11.4,5,12.38,25.6,2,Tuesday,Fog,Dry,Urban Road,Roundabout,Street Lights,Uncontrolled,Suburban,Motorcycle,No,Yes,Medium
ACC13494,33,12,38.8,59.2,6.56,3,5.5,7,6.21,36.0,6,Monday,Fog,Damaged,Highway,Straight Road,Daylight,Uncontrolled,Urban,Truck,No,No,High
ACC13495,31,14,56.8,100.0,3.9,5,10.2,11,15.99,19.4,23,Wednesday,Rain,Dry,Rural Road,Roundabout,Street Lights,Signal,Urban,Truck,No,No,High
ACC13496,21,3,33.7,64.1,11.99,4,5.6,5,0.14,20.7,15,Monday,Clear,Icy,Highway,T-Junction,Daylight,Signal,Rural,Bus,No,No,Low
ACC13497,47,38,61.3,60.0,8.78,1,11.6,6,2.85,33.6,19,Wednesday,Fog,Icy,Residential,Crossroad,Street Lights,Signal,Urban,Truck,No,No,High
ACC13498,18,10,32.4,61.9,10.64,2,5.9,8,1.91,33.5,11,Monday,Fog,Dry,Urban Road,Crossroad,Daylight,Stop Sign,Rural,Truck,Yes,No,Low
ACC13499,33,28,80.5,68.5,7.1,5,10.8,11,0.85,21.6,19,Monday,Clear,Dry,Highway,Roundabout,Street Lights,Uncontrolled,Urban,Truck,Yes,No,High
ACC13500,18,0,81.3,57.5,7.61,1,7.5,2,17.35,21.0,19,Tuesday,Rain,Dry,Rural Road,Intersection,Street Lights,Stop Sign,Suburban,Motorcycle,No,No,High
ACC13501,29,17,83.3,84.5,5.42,3,4.2,7,0.02,33.2,15,Friday,Clear,Dry,Urban Road,Roundabout,Poor,Stop Sign,Urban,Car,Yes,No,High
ACC13502,18,0,41.2,65.8,12.0,2,8.3,8,16.98,23.4,17,Sunday,Rain,Dry,Rural Road,Intersection,Street Lights,Uncontrolled,Urban,Bus,Yes,No,Medium
ACC13503,26,3,72.5,54.5,12.0,4,7.2,5,14.67,22.9,18,Friday,Storm,Dry,Urban Road,Roundabout,Street Lights,Stop Sign,Urban,Car,No,No,High
ACC13504,45,28,46.9,35.7,7.65,4,10.2,8,0.3,30.8,19,Friday,Clear,Icy,Urban Road,Intersection,Poor,Stop Sign,Urban,SUV,No,No,High
ACC13505,19,6,24.1,69.1,8.53,5,6.5,4,0.96,32.6,20,Sunday,Fog,Dry,Urban Road,Intersection,Street Lights,Stop Sign,Suburban,Bus,No,Yes,High
ACC13506,28,22,44.4,86.3,11.88,3,11.1,11,0.89,25.9,20,Friday,Cloudy,Wet,Residential,Intersection,Daylight,Uncontrolled,Rural,Truck,No,No,Medium
ACC13507,45,33,74.2,76.5,3.15,7,13.1,3,30.09,19.0,16,Monday,Storm,Dry,Highway,Intersection,Poor,Signal,Urban,SUV,Yes,No,High
ACC13508,59,48,63.3,46.2,12.0,4,6.6,5,2.74,13.4,21,Friday,Cloudy,Dry,Rural Road,Straight Road,Street Lights,Signal,Urban,Truck,No,No,Medium
ACC13509,38,22,47.5,58.3,12.0,2,7.5,4,6.07,21.5,13,Monday,Rain,Damaged,Urban Road,Intersection,Daylight,Signal,Urban,Car,No,Yes,Medium
ACC13510,30,10,54.4,99.7,5.16,2,13.1,5,0.52,26.0,0,Wednesday,Clear,Dry,Highway,Intersection,Street Lights,Uncontrolled,Suburban,Motorcycle,No,No,High
ACC13511,32,13,47.2,82.6,5.47,2,9.4,4,1.77,22.6,9,Thursday,Clear,Dry,Highway,Crossroad,Poor,Signal,Urban,Car,Yes,No,Medium
ACC13512,27,5,55.2,71.3,4.32,5,7.2,7,0.45,24.5,11,Sunday,Clear,Wet,Residential,Straight Road,Poor,Signal,Urban,Car,Yes,No,High
ACC13513,32,26,82.7,42.7,4.5,3,9.1,7,18.3,29.9,8,Sunday,Storm,Wet,Rural Road,Intersection,Poor,Traffic Police,Suburban,Motorcycle,No,No,High
ACC13514,68,51,51.2,69.2,9.58,4,7.3,4,15.07,30.9,5,Thursday,Rain,Wet,Rural Road,T-Junction,Daylight,Traffic Police,Urban,Bus,No,Yes,High
ACC13515,45,36,90.7,100.0,5.89,6,8.1,6,4.43,28.1,19,Wednesday,Fog,Dry,Urban Road,Straight Road,Daylight,Traffic Police,Urban,Motorcycle,No,Yes,High
ACC13516,42,18,39.6,60.9,8.9,3,8.2,8,5.07,27.1,9,Monday,Fog,Dry,Highway,Crossroad,Daylight,Signal,Urban,Motorcycle,No,No,High
ACC13517,39,26,67.8,5.0,11.29,5,8.9,5,0.17,32.5,12,Sunday,Clear,Damaged,Highway,Roundabout,Daylight,Uncontrolled,Suburban,Car,No,No,Low
ACC13518,36,19,75.1,100.0,10.27,3,10.1,7,0.87,30.8,13,Friday,Clear,Damaged,Residential,Crossroad,Poor,Signal,Urban,Motorcycle,No,No,High
ACC13519,36,24,33.9,80.8,10.52,4,11.2,5,0.89,28.1,1,Tuesday,Clear,Dry,Urban Road,Crossroad,Daylight,Signal,Rural,Car,No,No,Low
ACC13520,53,44,63.6,39.6,9.83,2,9.4,7,0.79,34.3,22,Monday,Clear,Wet,Urban Road,Straight Road,Street Lights,Signal,Urban,Car,No,Yes,Medium
ACC13521,37,18,34.0,54.4,10.8,5,7.2,2,0.24,21.8,22,Monday,Clear,Dry,Highway,Straight Road,Street Lights,Stop Sign,Urban,Bus,No,Yes,Medium
ACC13522,33,9,91.3,52.4,8.13,2,11.6,5,3.91,32.9,1,Sunday,Cloudy,Dry,Urban Road,T-Junction,Street Lights,Signal,Suburban,Car,No,No,Medium
ACC13523,24,18,81.4,,6.52,2,11.1,6,0.37,26.5,18,Wednesday,Clear,Dry,Urban Road,T-Junction,Daylight,Stop Sign,Urban,Car,No,No,High
ACC13524,37,15,69.9,56.1,4.63,2,6.7,7,0.01,29.1,3,Wednesday,Clear,Dry,Residential,Straight Road,Daylight,Uncontrolled,Urban,Car,Yes,No,High
ACC13525,28,16,58.4,76.7,10.18,4,9.1,8,0.12,22.2,20,Tuesday,Clear,Dry,Highway,Straight Road,Daylight,Signal,Urban,Truck,No,No,High
ACC13526,33,26,48.6,97.3,10.5,5,8.4,6,0.35,16.5,5,Friday,Clear,Dry,Residential,Straight Road,Daylight,Signal,Urban,Bus,No,No,Medium
ACC13527,24,5,46.1,42.2,,2,7.7,4,52.06,22.8,0,Thursday,Storm,Dry,Rural Road,Roundabout,Poor,Signal,Suburban,SUV,No,No,High
ACC13528,36,29,84.1,79.4,6.89,4,9.4,10,6.51,22.9,8,Saturday,Rain,Wet,Urban Road,Crossroad,Street Lights,Traffic Police,Urban,Truck,No,No,High
ACC13529,28,8,61.0,38.0,7.88,5,12.6,5,18.29,20.9,22,Friday,,Wet,Highway,T-Junction,Daylight,Signal,Suburban,Motorcycle,No,No,High
ACC13530,21,7,80.7,86.5,7.49,4,8.8,3,0.14,26.0,13,Friday,Clear,Wet,Urban Road,T-Junction,Poor,Signal,Suburban,Car,No,No,High
ACC13531,49,41,81.7,66.7,5.48,4,6.4,2,0.2,30.1,6,Saturday,Clear,Damaged,Residential,Intersection,Daylight,Signal,Suburban,Car,No,No,High
ACC13532,19,11,56.2,57.0,12.0,3,7.4,8,26.63,26.2,23,Saturday,Rain,Dry,Highway,Roundabout,Street Lights,Uncontrolled,Suburban,Truck,No,Yes,Low
ACC13533,26,6,54.8,51.6,6.76,6,6.2,6,0.09,29.0,6,Monday,Clear,Dry,Highway,Straight Road,Daylight,Signal,Suburban,Motorcycle,Yes,No,High
ACC13534,39,17,53.3,85.3,9.2,4,8.1,8,0.09,28.0,21,Tuesday,Clear,Wet,Urban Road,Straight Road,Street Lights,Signal,Urban,Truck,No,No,High
ACC13535,46,27,42.9,25.4,6.67,2,10.2,5,0.98,17.0,8,Sunday,Clear,Dry,Highway,Roundabout,Daylight,Signal,Urban,Car,Yes,No,Medium
ACC13536,35,16,56.0,85.3,6.12,2,6.4,10,2.24,30.4,18,Monday,Clear,Dry,Urban Road,T-Junction,Daylight,Uncontrolled,Urban,Car,No,No,Medium
ACC13537,34,12,57.3,44.5,7.2,4,5.6,4,0.49,31.9,5,Wednesday,Clear,Dry,Highway,Straight Road,Daylight,Signal,Suburban,Car,No,No,Medium
ACC13538,21,7,69.9,77.1,5.56,4,4.0,7,0.24,41.0,13,Saturday,Clear,Damaged,Rural Road,Intersection,Daylight,Stop Sign,Suburban,Bus,No,No,High
ACC13539,27,19,56.0,61.9,4.09,4,5.5,5,11.47,23.0,2,Thursday,Rain,Dry,Rural Road,T-Junction,Street Lights,Signal,Urban,Car,No,No,High
ACC13540,18,5,72.0,30.9,7.45,3,11.8,2,0.93,28.9,13,Sunday,Clear,Damaged,Urban Road,Crossroad,Daylight,Traffic Police,Rural,Truck,No,Yes,High
ACC13541,33,8,68.4,49.8,8.84,6,12.0,5,0.12,30.7,22,Tuesday,Clear,Dry,Highway,Roundabout,Street Lights,Stop Sign,Suburban,Car,No,No,Medium
ACC13542,40,26,71.1,36.6,9.37,4,7.8,2,5.92,25.2,4,Sunday,Rain,Wet,Residential,T-Junction,Street Lights,Stop Sign,Urban,Motorcycle,Yes,No,High
ACC13543,39,16,60.7,25.2,7.86,3,11.3,11,0.23,36.0,13,Tuesday,Clear,Wet,Urban Road,Crossroad,Street Lights,Signal,Urban,Car,No,No,Medium
ACC13544,18,0,66.9,66.9,6.9,4,8.7,2,0.21,24.3,9,Friday,Clear,Wet,Residential,Intersection,Street Lights,Signal,Urban,Car,No,No,High
ACC13545,42,22,62.2,17.3,8.9,3,7.5,5,0.7,20.8,10,Monday,Fog,Dry,Urban Road,Roundabout,Daylight,Signal,Suburban,Car,No,No,Low
ACC13546,49,40,30.6,39.7,5.65,7,13.0,3,0.51,21.3,5,Friday,Clear,Dry,Rural Road,Straight Road,Street Lights,Stop Sign,Urban,Car,No,No,Medium
ACC13547,31,19,50.4,67.5,11.47,2,8.1,7,1.78,19.6,7,Friday,Clear,Wet,Highway,Straight Road,,Traffic Police,Urban,Car,Yes,No,High
ACC13548,52,32,41.8,33.5,7.92,3,10.3,2,4.9,20.3,12,Tuesday,Cloudy,Dry,Highway,Crossroad,Street Lights,Signal,Rural,Bus,No,No,Low
ACC13549,30,12,85.1,87.4,10.4,4,7.8,8,0.83,30.3,8,Thursday,Clear,Dry,Residential,T-Junction,Street Lights,Uncontrolled,Suburban,Car,No,No,Medium
ACC13550,18,0,74.9,100.0,9.39,3,4.6,7,4.59,28.4,18,Wednesday,Cloudy,Dry,Urban Road,Intersection,Street Lights,Signal,Urban,Car,No,No,Medium
ACC13551,33,24,62.4,96.3,7.63,2,8.3,3,10.8,28.5,2,Friday,Rain,Damaged,Urban Road,Crossroad,Daylight,Traffic Police,Urban,Truck,No,No,High
ACC13552,32,12,64.9,,8.43,2,8.7,3,0.61,23.3,11,Saturday,Clear,Dry,Highway,Intersection,Street Lights,Signal,Urban,Truck,Yes,No,Medium
ACC13553,47,41,83.5,54.3,5.11,4,5.9,5,0.75,24.4,23,Thursday,Cloudy,Wet,Rural Road,Intersection,Poor,Signal,Rural,Car,Yes,No,High
ACC13554,24,13,48.7,60.9,8.71,3,8.3,2,3.69,26.5,21,Saturday,Cloudy,Dry,Urban Road,Intersection,Daylight,Stop Sign,Rural,Truck,No,No,Low
ACC13555,39,21,80.3,,6.04,3,6.9,6,0.43,33.3,23,Friday,Clear,Dry,Rural Road,Roundabout,Poor,Uncontrolled,Suburban,Bus,Yes,No,High
ACC13556,18,0,90.3,27.2,6.16,4,11.2,3,1.79,31.3,17,Thursday,Cloudy,Wet,Highway,Crossroad,Daylight,Uncontrolled,Urban,Car,Yes,No,High
ACC13557,29,4,59.3,15.1,10.94,5,7.0,5,0.9,27.7,10,Monday,Clear,Dry,Urban Road,Roundabout,Daylight,Stop Sign,Urban,Motorcycle,No,No,Low
ACC13558,31,17,43.9,52.7,6.5,4,7.9,5,4.19,28.4,14,Saturday,Cloudy,Dry,Rural Road,T-Junction,Poor,Stop Sign,Urban,Car,No,No,Medium
ACC13559,29,9,54.7,63.8,10.81,3,7.7,3,1.07,38.1,14,Wednesday,Clear,Wet,Urban Road,T-Junction,Street Lights,Signal,Urban,Car,No,No,Low
ACC13560,18,1,77.3,82.7,5.9,5,8.1,5,1.35,20.7,19,Tuesday,Cloudy,Wet,Highway,Straight Road,Poor,Signal,Urban,SUV,No,No,High
ACC13561,29,10,68.2,80.7,10.42,4,5.6,6,0.29,30.0,14,Monday,Clear,Dry,Urban Road,Straight Road,Poor,Signal,Suburban,Car,No,No,High
ACC13562,35,15,63.1,94.7,5.81,2,8.4,3,7.46,32.9,4,Friday,Rain,Damaged,Highway,Straight Road,Daylight,Stop Sign,Urban,Car,No,No,High
ACC13563,47,31,42.3,58.6,8.04,4,11.9,9,0.85,18.6,6,Friday,Clear,Wet,Highway,T-Junction,Street Lights,Stop Sign,Urban,SUV,No,No,Medium
ACC13564,27,6,59.3,56.4,8.63,4,8.4,8,0.95,27.1,0,Wednesday,Clear,Damaged,Highway,Intersection,Daylight,Uncontrolled,Suburban,Truck,No,No,Low
ACC13565,24,7,63.9,61.6,9.12,1,11.0,4,1.42,21.6,12,Sunday,Cloudy,Dry,Highway,Intersection,Daylight,Uncontrolled,Urban,Motorcycle,No,No,Medium
ACC13566,60,53,50.0,30.9,8.08,5,4.4,3,2.51,25.7,13,Sunday,Rain,Dry,Highway,Crossroad,Daylight,Signal,Rural,Truck,Yes,No,High
ACC13567,18,0,50.8,91.3,4.96,2,3.7,9,7.99,31.7,3,Saturday,Cloudy,Damaged,Urban Road,T-Junction,Street Lights,Uncontrolled,Urban,Truck,No,No,High
ACC13568,27,16,71.7,50.3,3.87,4,10.9,6,22.64,28.2,14,Saturday,Rain,Damaged,Highway,Straight Road,Daylight,Signal,Urban,Bus,Yes,No,Medium
ACC13569,23,0,69.1,50.6,7.83,2,8.3,4,5.57,32.8,11,Wednesday,Rain,Dry,Residential,T-Junction,Street Lights,Uncontrolled,Urban,Car,Yes,No,High
ACC13570,18,7,59.0,63.8,12.0,1,8.9,6,0.47,33.0,7,Wednesday,Fog,Dry,Residential,Intersection,Street Lights,Signal,Rural,Motorcycle,No,Yes,High
ACC13571,34,12,54.7,38.9,6.82,3,8.4,6,0.25,24.5,12,Friday,Clear,Dry,Urban Road,Intersection,Daylight,Uncontrolled,Suburban,Car,No,No,Medium
ACC13572,47,28,56.3,52.4,11.58,4,10.2,6,2.4,28.0,2,Friday,Cloudy,Dry,Urban Road,Roundabout,Street Lights,Stop Sign,Urban,Car,No,No,Low
ACC13573,46,34,76.9,70.2,10.64,4,6.3,5,10.76,30.4,1,Tuesday,Rain,Dry,Residential,Roundabout,Daylight,Signal,Urban,Motorcycle,Yes,No,High
ACC13574,41,17,68.7,92.4,9.85,2,8.9,8,17.0,21.2,10,Wednesday,Storm,Dry,Highway,Crossroad,Daylight,Uncontrolled,Suburban,Truck,No,No,High
ACC13575,48,31,61.7,64.5,5.1,2,9.8,6,1.1,36.7,14,Thursday,Fog,Damaged,Highway,T-Junction,Street Lights,Signal,Urban,Car,No,Yes,High
ACC13576,32,10,87.8,100.0,9.39,6,7.1,5,0.04,31.3,18,Sunday,Clear,Dry,Rural Road,Roundabout,Daylight,Signal,Rural,Car,No,No,High
ACC13577,35,14,46.1,52.3,9.31,1,7.3,10,0.69,34.3,11,Tuesday,Clear,Wet,Urban Road,Roundabout,Poor,Stop Sign,Rural,Truck,Yes,No,High
ACC13578,38,32,37.7,16.5,8.05,4,5.6,9,1.8,32.8,11,Thursday,Cloudy,Dry,Highway,T-Junction,Street Lights,Uncontrolled,Suburban,Motorcycle,No,No,Low
ACC13579,49,39,20.0,22.8,8.78,2,6.4,12,13.33,28.3,21,Sunday,Rain,Dry,Residential,Intersection,Street Lights,Signal,Rural,SUV,No,No,Low
ACC13580,31,17,67.9,69.5,6.5,1,4.0,9,0.29,26.6,12,Monday,Cloudy,Dry,Rural Road,Crossroad,Street Lights,Signal,Urban,Bus,Yes,Yes,High
ACC13581,48,24,86.1,51.5,9.63,3,10.1,6,0.89,31.4,17,Wednesday,Cloudy,Dry,Urban Road,Crossroad,Daylight,Stop Sign,Urban,SUV,No,No,Medium
ACC13582,52,46,84.7,84.1,10.68,2,3.0,3,8.03,35.1,13,Tuesday,Rain,Wet,Urban Road,Crossroad,Daylight,Stop Sign,Urban,Motorcycle,No,No,High
ACC13583,38,29,47.3,62.9,2.94,3,5.1,7,0.3,27.2,1,Saturday,Clear,Damaged,Urban Road,Roundabout,Daylight,Signal,Urban,Truck,Yes,No,High
ACC13584,44,27,43.9,60.4,8.19,2,8.9,7,1.53,26.0,12,Sunday,Fog,Dry,Rural Road,Intersection,Daylight,Uncontrolled,Rural,SUV,Yes,No,High
ACC13585,22,4,20.0,32.1,4.27,3,7.8,10,0.37,28.0,0,Tuesday,Clear,Dry,Urban Road,Crossroad,Daylight,Stop Sign,Urban,Bus,No,No,Medium
ACC13586,41,33,46.0,5.0,6.2,4,7.7,7,0.37,34.4,14,Monday,Clear,Dry,Urban Road,T-Junction,Poor,Signal,Rural,Truck,No,No,Medium
ACC13587,41,17,38.3,47.1,8.85,3,9.7,5,0.74,23.1,9,Monday,Cloudy,Damaged,Residential,Crossroad,Daylight,Signal,Suburban,Motorcycle,No,No,Medium
ACC13588,38,29,80.6,30.2,8.78,3,7.4,3,11.07,28.9,14,Monday,Rain,Wet,Urban Road,Straight Road,Street Lights,Stop Sign,Urban,Car,Yes,No,High
ACC13589,45,36,61.1,20.8,6.71,2,8.8,5,0.35,22.6,11,Sunday,Clear,Dry,Urban Road,Intersection,Daylight,Uncontrolled,Urban,SUV,Yes,No,Medium
ACC13590,37,19,59.2,62.0,12.0,5,9.0,4,0.02,38.6,14,Tuesday,,Wet,Urban Road,Straight Road,Daylight,Signal,Urban,Bus,No,No,Medium
ACC13591,31,18,45.3,78.0,8.61,2,8.7,4,29.42,27.3,19,Friday,Storm,Wet,Urban Road,Intersection,Daylight,Traffic Police,Urban,Bus,No,No,High
ACC13592,34,28,33.7,68.2,6.5,6,7.4,9,0.11,26.2,14,Thursday,Clear,Dry,Highway,T-Junction,Street Lights,Signal,Urban,Car,No,Yes,High
ACC13593,34,11,34.8,67.2,8.88,3,8.8,7,1.17,35.0,2,Saturday,Cloudy,Dry,Residential,Roundabout,Daylight,Stop Sign,Urban,Car,No,No,Low
ACC13594,35,28,39.7,38.3,3.83,5,11.8,8,1.94,25.3,3,Saturday,Cloudy,Damaged,Residential,Roundabout,Daylight,Signal,Suburban,Motorcycle,No,Yes,High
ACC13595,31,23,72.2,27.3,9.01,2,8.6,7,4.17,35.0,21,Thursday,Cloudy,Wet,Highway,Intersection,Street Lights,Uncontrolled,Suburban,Bus,No,No,Medium
ACC13596,30,7,33.0,33.3,7.25,4,6.7,6,0.64,27.3,22,Saturday,Cloudy,Dry,Highway,Crossroad,Street Lights,Uncontrolled,Urban,SUV,No,No,Low
ACC13597,42,31,67.7,83.1,11.33,4,10.7,2,0.26,18.8,15,Monday,Clear,Dry,Highway,Straight Road,Daylight,Signal,Urban,Car,No,No,Medium
ACC13598,36,15,112.0,53.4,5.31,1,12.8,4,3.17,34.8,9,Saturday,Cloudy,Dry,Urban Road,T-Junction,Street Lights,Traffic Police,Rural,Truck,No,Yes,High
ACC13599,22,14,50.5,100.0,10.17,2,6.4,5,0.45,20.9,17,Friday,Clear,Dry,Urban Road,Crossroad,Street Lights,Signal,Urban,Car,No,Yes,High
ACC13600,41,35,64.4,83.3,7.97,5,10.5,3,19.21,24.0,19,Friday,Rain,Wet,Residential,Roundabout,Street Lights,Uncontrolled,Urban,Motorcycle,No,No,High
ACC13601,25,15,58.9,100.0,10.06,5,6.2,2,0.96,31.4,20,Monday,Clear,Dry,Urban Road,Crossroad,Daylight,Uncontrolled,Suburban,Motorcycle,No,No,Medium
ACC13602,56,36,34.9,58.5,10.59,3,11.2,9,2.31,16.9,17,Wednesday,Cloudy,Wet,Urban Road,Straight Road,Daylight,Uncontrolled,Rural,Bus,No,No,Low
ACC13603,24,6,39.0,63.2,9.1,3,8.3,4,0.41,13.5,2,Tuesday,Clear,Damaged,Highway,Roundabout,Daylight,Traffic Police,Rural,SUV,No,No,High
ACC13604,56,45,49.5,25.0,10.47,4,12.6,8,0.22,8.0,23,Sunday,Clear,Dry,Highway,Intersection,Poor,Uncontrolled,Urban,Car,No,No,Low
ACC13605,40,22,57.3,58.6,8.83,2,8.5,4,0.25,30.7,3,Wednesday,Clear,Dry,Urban Road,T-Junction,Daylight,Traffic Police,Urban,Motorcycle,No,No,Low
ACC13606,30,12,93.3,78.5,6.37,2,11.8,9,0.83,26.1,12,Sunday,Clear,,Urban Road,T-Junction,Poor,Signal,Urban,Truck,No,No,High
ACC13607,26,10,46.3,100.0,12.0,5,7.3,2,3.49,38.6,12,Sunday,Rain,Wet,Highway,Roundabout,Daylight,Signal,Rural,Car,No,Yes,High
ACC13608,42,18,43.2,44.0,2.9,3,5.3,3,0.12,26.9,9,Friday,Clear,Dry,Rural Road,Intersection,Daylight,Stop Sign,Urban,SUV,No,Yes,Low
ACC13609,31,10,41.3,31.5,5.03,2,8.7,10,4.88,20.5,11,Monday,Fog,Wet,Urban Road,Straight Road,Daylight,Uncontrolled,Urban,SUV,No,No,High
ACC13610,27,6,79.6,83.8,7.17,3,11.9,5,9.84,29.9,21,Tuesday,Storm,,Highway,T-Junction,Daylight,Stop Sign,Rural,Car,No,No,High
ACC13611,28,14,47.7,35.5,6.17,1,8.2,4,6.51,32.8,4,Thursday,Cloudy,Dry,Highway,Roundabout,Poor,Signal,Rural,Motorcycle,No,No,Low
ACC13612,35,16,88.0,47.2,7.94,8,12.9,7,0.47,23.2,11,Saturday,Clear,Damaged,Residential,T-Junction,Street Lights,Uncontrolled,Suburban,Car,No,No,High
ACC13613,36,27,64.0,100.0,8.12,2,9.1,4,0.15,25.5,7,Friday,Clear,Icy,Urban Road,Intersection,Street Lights,Traffic Police,Urban,Motorcycle,Yes,No,High
ACC13614,48,37,86.6,48.1,6.34,6,13.9,7,14.46,39.0,14,Tuesday,Rain,,Urban Road,Straight Road,Street Lights,Signal,Urban,Truck,No,No,High
ACC13615,32,17,59.3,78.8,,3,8.3,4,0.11,27.2,11,Tuesday,Clear,Dry,Highway,Intersection,Street Lights,Signal,Rural,Car,No,No,High
ACC13616,41,20,54.7,92.7,5.13,5,10.6,4,1.27,21.2,10,Wednesday,Clear,Damaged,Rural Road,Crossroad,Poor,Signal,Suburban,SUV,No,No,High
ACC13617,30,18,62.2,43.7,9.32,4,10.7,7,0.78,18.0,4,Thursday,Cloudy,Damaged,Urban Road,Intersection,Daylight,Signal,Urban,Motorcycle,No,No,Medium
ACC13618,25,11,82.5,52.6,6.67,6,7.8,4,14.11,26.6,4,Wednesday,Rain,Dry,Highway,Intersection,Street Lights,Uncontrolled,Urban,SUV,Yes,No,High
ACC13619,27,3,62.9,54.7,7.55,3,10.3,4,13.65,21.3,14,Wednesday,Rain,Dry,Urban Road,T-Junction,Street Lights,Traffic Police,Rural,Car,No,No,Medium
ACC13620,18,7,67.7,62.9,5.15,1,8.5,5,0.15,31.5,7,Wednesday,Clear,Dry,Urban Road,Intersection,Poor,Signal,Urban,Bus,No,No,High
ACC13621,35,18,59.6,34.2,12.0,4,11.3,7,20.31,39.4,14,Wednesday,Rain,Icy,Highway,Roundabout,Street Lights,Stop Sign,Suburban,Bus,No,Yes,High
ACC13622,30,23,54.6,48.3,6.39,2,9.4,6,0.92,36.7,9,Friday,Clear,Dry,Urban Road,T-Junction,Poor,Uncontrolled,Urban,Car,No,No,Medium
ACC13623,33,20,67.5,,12.0,5,6.6,5,0.15,35.6,8,Thursday,Clear,Dry,Rural Road,T-Junction,Street Lights,Signal,Urban,Car,Yes,No,Low
ACC13624,29,17,62.4,32.1,5.36,4,8.3,5,3.6,30.3,17,Wednesday,Fog,Wet,Highway,Crossroad,,Stop Sign,Rural,SUV,Yes,Yes,High
ACC13625,35,30,62.4,70.1,6.85,4,7.4,10,0.42,21.6,16,Sunday,Clear,Dry,Highway,Roundabout,Daylight,Uncontrolled,Urban,Motorcycle,No,No,Medium
ACC13626,50,33,36.2,78.8,8.81,4,7.7,10,1.47,32.7,20,Friday,Clear,,Highway,Intersection,Street Lights,Uncontrolled,Suburban,Motorcycle,No,No,Medium
ACC13627,42,30,48.7,76.2,8.54,3,6.9,9,0.48,27.3,0,Sunday,Clear,Dry,Highway,Crossroad,Street Lights,Stop Sign,Urban,SUV,No,No,Medium
ACC13628,25,15,58.9,97.8,6.7,4,6.1,9,7.13,30.6,15,Saturday,Fog,Damaged,Urban Road,Roundabout,Daylight,Uncontrolled,Urban,Car,No,No,High
ACC13629,51,28,34.3,82.8,7.83,3,7.5,1,25.33,33.1,16,Friday,Rain,Dry,Residential,Crossroad,Daylight,Signal,Suburban,Motorcycle,No,Yes,Medium
ACC13630,62,52,71.3,47.5,10.93,2,12.0,8,1.89,25.9,22,Tuesday,Cloudy,Wet,Residential,Straight Road,Daylight,Signal,Rural,Truck,Yes,No,Medium
ACC13631,35,22,37.0,76.8,4.43,4,7.2,5,7.55,34.9,1,Tuesday,Rain,Wet,Urban Road,Intersection,Poor,Signal,Suburban,Truck,No,No,High
ACC13632,34,10,44.4,30.0,10.34,5,10.7,6,0.35,23.0,9,Monday,Clear,Dry,Urban Road,Crossroad,Daylight,Signal,Urban,Car,No,No,Low
ACC13633,44,37,64.5,36.3,8.82,5,11.3,6,2.13,15.2,17,Friday,Cloudy,Dry,Urban Road,Straight Road,Street Lights,Signal,Urban,Motorcycle,Yes,No,Low
ACC13634,42,18,33.3,63.8,9.13,6,8.7,4,0.34,21.5,10,Sunday,Clear,Dry,Rural Road,Intersection,Daylight,Signal,Rural,Truck,Yes,No,Low
ACC13635,30,17,70.3,34.8,3.78,2,11.3,9,0.6,9.7,14,Monday,Clear,Dry,Rural Road,Crossroad,Daylight,Uncontrolled,Urban,Motorcycle,No,No,High
ACC13636,29,8,36.2,16.7,9.9,3,5.5,8,0.93,32.0,3,Friday,Cloudy,Wet,Rural Road,Crossroad,Poor,Stop Sign,Rural,Truck,No,Yes,Medium
ACC13637,30,18,65.5,66.7,3.75,1,5.6,7,0.81,27.7,0,Wednesday,Fog,,Rural Road,Crossroad,Daylight,Signal,Urban,Car,No,Yes,High
ACC13638,49,36,49.3,81.7,6.81,2,11.4,11,0.72,14.4,17,Wednesday,Clear,Dry,Highway,Crossroad,Daylight,Signal,Rural,Bus,No,No,Medium
ACC13639,31,17,60.5,84.0,6.49,4,8.9,9,0.63,24.8,13,Monday,Clear,Wet,Highway,T-Junction,Daylight,Stop Sign,Rural,Motorcycle,No,No,High
ACC13640,35,11,53.5,92.1,7.77,2,12.2,9,0.99,25.7,13,Wednesday,Clear,Wet,Rural Road,Crossroad,Daylight,Signal,Urban,SUV,No,No,Medium
ACC13641,46,30,44.5,80.8,7.5,4,4.8,8,0.18,29.9,13,Wednesday,Clear,Wet,Highway,T-Junction,Street Lights,Signal,Suburban,Car,No,No,High
ACC13642,49,40,20.0,45.7,7.3,4,11.7,7,1.7,27.6,16,Sunday,Fog,Dry,Highway,T-Junction,Daylight,Uncontrolled,Urban,Car,No,No,Low
ACC13643,25,8,35.6,55.7,7.8,1,9.1,3,3.6,26.3,19,Tuesday,Cloudy,Dry,Highway,Straight Road,Street Lights,Signal,Urban,Car,Yes,Yes,Medium
ACC13644,21,0,27.5,49.9,10.28,4,7.3,11,6.09,25.7,12,Wednesday,Cloudy,Dry,Highway,Intersection,Daylight,Signal,Urban,Motorcycle,No,No,Low
ACC13645,39,30,46.8,54.9,12.0,3,11.0,4,45.32,28.7,19,Tuesday,Rain,Dry,Highway,T-Junction,Poor,Signal,Suburban,Car,No,No,Medium
ACC13646,36,24,69.5,69.4,3.42,3,4.9,9,0.22,36.1,6,Thursday,Clear,Dry,Highway,Roundabout,Street Lights,Signal,Urban,Truck,No,Yes,High
ACC13647,43,27,87.2,47.8,5.82,6,5.7,9,3.87,18.2,18,Friday,,Dry,Rural Road,T-Junction,Poor,Traffic Police,Suburban,SUV,Yes,No,High
ACC13648,19,0,78.5,39.4,8.0,3,9.8,5,0.37,36.9,23,Tuesday,Clear,Dry,Highway,Roundabout,Poor,Signal,Urban,Car,No,No,Medium
ACC13649,31,17,72.4,59.2,6.79,2,3.4,7,2.72,25.9,2,Saturday,Cloudy,,Highway,Straight Road,Daylight,Stop Sign,Urban,Car,No,No,High
ACC13650,37,20,87.2,100.0,7.51,3,9.2,7,24.73,24.9,6,Saturday,Storm,Dry,Rural Road,Roundabout,Daylight,Uncontrolled,Suburban,SUV,No,Yes,High
ACC13651,24,16,79.0,82.6,7.53,4,11.9,4,11.26,34.0,22,Tuesday,Rain,Dry,Highway,Straight Road,Street Lights,Signal,Urban,Car,No,No,High
ACC13652,40,20,91.2,31.8,8.67,1,9.8,5,0.31,24.8,17,Tuesday,Clear,Dry,Urban Road,Straight Road,Daylight,Signal,Suburban,Motorcycle,Yes,No,High
ACC13653,48,39,61.8,40.7,11.8,4,8.2,6,11.47,23.8,8,Saturday,Rain,Dry,Urban Road,Straight Road,Daylight,Uncontrolled,Suburban,Car,No,No,Low
ACC13654,24,12,67.9,80.5,11.68,2,8.6,7,1.43,32.4,20,Friday,Clear,Dry,Highway,Roundabout,Daylight,Uncontrolled,Rural,Motorcycle,No,No,Medium
ACC13655,44,25,34.3,61.5,5.73,7,5.5,6,0.79,38.5,9,Friday,Clear,Dry,Highway,Roundabout,Daylight,Signal,Urban,Car,Yes,No,High
ACC13656,34,15,33.7,38.4,5.58,2,5.0,9,0.56,32.3,20,Friday,Clear,Dry,Residential,Straight Road,Street Lights,Signal,Urban,Truck,Yes,No,High
ACC13657,28,17,71.8,80.9,4.95,3,8.4,4,0.71,25.0,15,Saturday,Clear,Dry,Highway,Straight Road,Daylight,Uncontrolled,Suburban,Motorcycle,Yes,No,High
ACC13658,30,8,38.1,51.7,4.62,3,5.5,6,9.18,22.5,22,Wednesday,Cloudy,Dry,Highway,Intersection,Daylight,Signal,Suburban,Bus,No,No,Medium
ACC13659,45,24,58.8,61.1,3.62,2,6.5,2,3.64,25.5,12,Tuesday,Cloudy,Dry,Urban Road,Straight Road,Street Lights,Signal,Urban,Car,No,Yes,High
ACC13660,30,13,89.7,47.7,11.57,6,5.6,9,10.78,34.7,20,Friday,Fog,Damaged,Urban Road,Crossroad,Daylight,Signal,Suburban,Motorcycle,No,Yes,High
ACC13661,31,22,57.8,27.3,10.14,5,11.0,6,0.89,30.8,18,Thursday,Cloudy,Dry,Rural Road,Intersection,Poor,Signal,Urban,Car,No,Yes,Medium
ACC13662,46,23,67.3,43.1,6.67,2,9.0,8,1.38,25.7,16,Saturday,Cloudy,Dry,Urban Road,Intersection,Daylight,Signal,Urban,SUV,Yes,No,Medium
ACC13663,44,28,52.9,68.5,7.65,1,11.4,4,1.2,25.7,14,Friday,Clear,Dry,Highway,Intersection,Street Lights,Stop Sign,Suburban,Motorcycle,No,No,Low
ACC13664,30,17,76.0,45.9,5.87,3,3.3,3,0.67,19.8,7,Sunday,Clear,Dry,Rural Road,Crossroad,Daylight,Uncontrolled,Urban,Car,No,No,Medium
ACC13665,55,31,70.3,42.5,5.01,4,7.8,3,3.2,33.6,7,Sunday,Cloudy,Dry,Highway,Intersection,Daylight,Stop Sign,Urban,Car,Yes,No,High
ACC13666,45,21,70.7,27.4,9.98,4,11.5,7,0.45,18.4,13,Monday,Clear,Dry,Residential,Intersection,,Signal,Urban,Car,No,Yes,Medium
ACC13667,52,33,72.4,59.8,8.93,1,12.0,10,10.97,23.5,3,Monday,Rain,Wet,Highway,Roundabout,Daylight,Signal,Urban,Car,No,Yes,Medium
ACC13668,54,33,49.1,60.6,5.77,6,6.1,9,0.45,31.1,17,Tuesday,Clear,Dry,Urban Road,Roundabout,Poor,Uncontrolled,Suburban,Motorcycle,Yes,Yes,High
ACC13669,29,19,104.7,36.2,12.0,3,7.6,6,1.05,27.5,20,Tuesday,Clear,Dry,Residential,Straight Road,Street Lights,Signal,Urban,Car,No,No,Medium
ACC13670,28,18,54.0,59.3,11.46,4,7.0,8,0.58,28.5,19,Tuesday,Clear,Wet,Residential,Straight Road,Daylight,Signal,Rural,SUV,No,Yes,Medium
ACC13671,18,2,53.5,60.6,5.23,3,7.3,3,1.74,29.6,11,Sunday,Clear,Damaged,Urban Road,T-Junction,Daylight,Signal,Suburban,Car,No,No,Medium
ACC13672,51,26,43.3,63.5,4.54,1,9.8,3,0.38,28.2,9,Sunday,,Dry,Urban Road,Crossroad,Daylight,Signal,Urban,Bus,No,No,High
ACC13673,18,0,58.1,62.0,8.96,3,5.2,6,8.46,20.9,0,Wednesday,Rain,Dry,Urban Road,Roundabout,Daylight,Traffic Police,Urban,Car,No,No,Medium
ACC13674,38,18,61.9,41.4,12.0,3,10.6,9,0.6,36.9,22,Saturday,Clear,Dry,Urban Road,Straight Road,Daylight,Stop Sign,Urban,Car,Yes,Yes,High
ACC13675,22,12,54.7,63.8,5.76,4,4.4,6,1.52,36.8,23,Monday,Cloudy,Dry,Residential,Crossroad,Poor,Signal,Suburban,SUV,No,No,High
ACC13676,34,21,81.7,56.7,9.88,1,8.7,6,0.4,25.5,13,Monday,Clear,Dry,Highway,Intersection,Daylight,Uncontrolled,Urban,Bus,No,No,Medium
ACC13677,35,23,63.3,62.1,6.83,5,12.5,1,1.22,11.1,16,Tuesday,Clear,Dry,Highway,Crossroad,Street Lights,Signal,Urban,Truck,Yes,No,Medium
ACC13678,55,44,74.5,75.5,9.71,3,9.5,6,0.23,16.9,15,Saturday,Clear,Wet,Residential,Roundabout,Street Lights,Signal,Urban,Truck,No,No,Medium
ACC13679,42,22,23.6,79.4,2.78,4,10.3,8,18.87,21.4,13,Monday,Rain,Dry,Highway,T-Junction,Street Lights,Signal,Suburban,SUV,No,No,Medium
ACC13680,67,55,53.6,71.4,5.94,2,5.9,4,1.49,14.5,8,Monday,Clear,Dry,Urban Road,Roundabout,Daylight,Stop Sign,Suburban,Motorcycle,No,Yes,High
ACC13681,37,29,68.2,67.0,8.7,3,8.7,9,11.07,8.0,6,Wednesday,Rain,Dry,Residential,Straight Road,Street Lights,Signal,Suburban,Car,Yes,No,Medium
ACC13682,38,25,40.0,87.0,8.77,2,7.3,5,0.46,31.6,9,Thursday,Clear,Wet,Rural Road,Straight Road,Poor,Signal,Rural,Car,No,No,High
ACC13683,23,12,41.2,38.1,2.98,3,9.2,9,21.99,21.5,9,Tuesday,Rain,Dry,Rural Road,Crossroad,Daylight,Signal,Urban,Truck,No,No,High
ACC13684,28,5,57.9,31.6,5.95,3,6.4,6,0.49,27.3,16,Thursday,Clear,Wet,Highway,Roundabout,Daylight,Signal,Suburban,Truck,No,No,Medium
ACC13685,19,10,57.6,87.9,6.37,3,11.5,3,30.76,25.4,8,Thursday,Rain,Dry,Rural Road,Straight Road,Poor,Uncontrolled,Urban,Truck,No,No,High
ACC13686,34,24,48.2,84.4,9.63,2,9.2,2,5.31,25.2,11,Wednesday,Cloudy,Dry,Urban Road,Intersection,Street Lights,Uncontrolled,Urban,Car,Yes,No,Medium
ACC13687,26,17,54.0,78.5,,7,9.6,6,5.66,35.2,10,Sunday,Fog,Dry,Highway,Intersection,Daylight,Uncontrolled,Suburban,SUV,No,No,Medium
ACC13688,31,9,74.8,51.2,9.0,2,9.5,9,0.41,28.4,9,Monday,Clear,Dry,Residential,T-Junction,Street Lights,Stop Sign,Urban,Motorcycle,No,No,Medium
ACC13689,21,12,50.8,96.6,11.43,6,8.8,12,0.73,37.3,4,Tuesday,Clear,Dry,Urban Road,Crossroad,Daylight,Traffic Police,Urban,Truck,No,Yes,High
ACC13690,26,14,34.5,38.6,7.59,1,10.0,4,0.12,25.6,15,Friday,Clear,Dry,Rural Road,Straight Road,Daylight,Signal,Rural,Car,Yes,No,Low
ACC13691,35,17,57.3,43.8,9.62,3,4.9,7,19.1,27.9,19,Sunday,Rain,Dry,Highway,T-Junction,Daylight,Signal,Urban,SUV,No,Yes,High
ACC13692,18,11,49.2,29.9,10.47,4,11.4,4,9.83,31.0,0,Thursday,Cloudy,Wet,Urban Road,Intersection,Daylight,Signal,Urban,Motorcycle,No,No,Low
ACC13693,55,34,76.1,45.1,7.22,2,10.8,8,5.26,30.5,17,Saturday,Rain,Dry,Rural Road,T-Junction,Street Lights,Signal,Rural,Motorcycle,Yes,No,High
ACC13694,50,31,86.2,59.3,6.84,4,6.8,4,0.18,21.9,14,Thursday,Clear,Dry,Urban Road,T-Junction,Street Lights,Signal,Urban,SUV,No,No,High
ACC13695,61,51,39.1,46.1,9.82,4,6.7,5,0.36,24.6,7,Wednesday,Clear,Dry,Highway,Straight Road,Poor,Signal,Suburban,SUV,No,No,Medium
ACC13696,24,11,65.8,71.7,,7,7.5,5,1.98,30.8,9,Thursday,Clear,Wet,Urban Road,Straight Road,Daylight,Signal,Rural,Car,Yes,No,High
ACC13697,30,13,20.0,66.2,10.87,2,9.0,6,14.81,22.8,16,Thursday,Storm,Damaged,Residential,Straight Road,Street Lights,Stop Sign,Urban,SUV,No,No,Low
ACC13698,58,34,70.7,72.7,9.08,2,5.0,7,49.07,25.9,21,Thursday,Rain,Dry,Urban Road,Crossroad,Daylight,Traffic Police,Urban,Truck,Yes,No,High
ACC13699,54,36,65.0,84.5,7.31,5,6.8,7,1.54,32.7,3,Wednesday,Fog,Dry,Urban Road,T-Junction,Daylight,Signal,Suburban,Car,No,No,High
ACC13700,30,20,60.2,86.8,8.5,4,5.7,6,0.01,32.7,12,Monday,Clear,Dry,Urban Road,T-Junction,Poor,Signal,Suburban,Car,No,No,Medium
ACC13701,22,7,57.8,59.3,6.65,3,12.4,5,5.61,14.0,20,Saturday,Cloudy,Damaged,Residential,Crossroad,Daylight,Uncontrolled,Urban,Motorcycle,No,No,Medium
ACC13702,55,41,40.4,62.8,2.88,3,10.0,5,18.87,32.3,8,Thursday,Rain,Wet,Rural Road,Intersection,Daylight,Signal,Urban,Motorcycle,Yes,No,High
ACC13703,27,11,43.0,42.6,10.15,3,8.2,0,0.19,36.8,3,Tuesday,Clear,Dry,Rural Road,Roundabout,Daylight,Signal,Urban,Truck,No,No,Low
ACC13704,42,27,40.7,100.0,5.17,2,6.9,5,6.29,22.1,0,Saturday,Rain,Dry,Highway,Intersection,Daylight,Signal,Rural,Car,Yes,No,High
ACC13705,42,30,62.5,27.0,8.87,3,6.4,6,1.64,38.5,15,Thursday,Fog,Dry,Highway,Crossroad,Street Lights,Uncontrolled,Urban,Bus,No,No,Medium
ACC13706,31,9,30.9,35.4,8.11,3,11.2,8,4.99,31.5,2,Thursday,Fog,Dry,Urban Road,T-Junction,Poor,Uncontrolled,Rural,Bus,Yes,No,Medium
ACC13707,21,9,29.6,46.4,8.63,3,6.9,5,9.32,25.8,12,Tuesday,Rain,Wet,Highway,T-Junction,Street Lights,Stop Sign,Rural,Truck,Yes,No,Medium
ACC13708,47,31,84.3,5.0,4.76,4,11.2,7,0.13,26.2,19,Wednesday,Clear,Dry,Urban Road,Straight Road,Poor,Signal,Suburban,SUV,Yes,No,Medium
ACC13709,20,10,61.5,52.4,4.27,4,3.0,3,0.06,28.1,11,Friday,Clear,Dry,Residential,Straight Road,Street Lights,Signal,Suburban,Bus,No,No,Medium
ACC13710,18,4,31.2,59.3,7.97,2,10.4,5,62.53,28.7,22,Tuesday,Storm,Wet,Rural Road,T-Junction,Poor,Signal,Urban,Car,No,Yes,High
ACC13711,36,17,75.3,40.2,8.27,2,9.9,2,2.02,38.0,17,Sunday,Clear,Wet,Highway,T-Junction,Daylight,Traffic Police,Urban,Bus,Yes,No,High
ACC13712,20,0,42.3,60.3,8.76,2,8.5,9,6.75,23.6,3,Friday,Rain,Dry,Urban Road,Straight Road,Poor,Stop Sign,Suburban,SUV,No,No,Low
ACC13713,39,18,46.6,24.6,6.33,1,9.6,3,28.61,34.5,20,Monday,Rain,Wet,Rural Road,Straight Road,,Signal,Urban,Car,No,No,Medium
ACC13714,52,32,58.1,34.1,5.22,2,7.0,7,1.63,24.9,7,Monday,Cloudy,Dry,Urban Road,Intersection,Poor,Uncontrolled,Urban,SUV,No,No,Medium
ACC13715,47,33,33.8,71.3,9.78,2,10.7,3,30.68,28.6,10,Thursday,Storm,Damaged,Urban Road,T-Junction,Daylight,Signal,Suburban,Car,Yes,No,High
ACC13716,54,48,68.7,69.8,12.0,6,11.7,10,0.84,23.9,15,Saturday,Clear,Wet,Urban Road,T-Junction,Street Lights,Traffic Police,Urban,Motorcycle,No,No,Medium
ACC13717,44,29,47.2,62.7,9.29,4,6.6,5,0.25,23.1,5,Thursday,Clear,Dry,Highway,Crossroad,Street Lights,Uncontrolled,Suburban,Bus,No,No,Low
ACC13718,32,26,20.0,75.1,10.48,3,11.0,5,1.35,26.7,3,Wednesday,,Wet,Rural Road,Intersection,Poor,Signal,Urban,Bus,Yes,No,High
ACC13719,20,0,64.4,56.8,3.46,3,8.7,4,0.88,30.5,7,Friday,Clear,Damaged,Urban Road,Roundabout,Street Lights,Uncontrolled,Urban,Truck,No,No,High
ACC13720,22,9,82.1,71.4,10.16,5,5.0,7,1.25,34.1,14,Monday,Clear,Dry,Urban Road,Roundabout,Daylight,Stop Sign,Urban,Motorcycle,No,No,High
ACC13721,43,28,80.6,46.3,6.57,6,10.8,5,0.4,17.4,8,Monday,Clear,Dry,Highway,Roundabout,Street Lights,Signal,Rural,Truck,No,Yes,High
ACC13722,43,35,35.0,30.0,7.27,5,7.1,6,12.23,25.2,18,Thursday,Rain,Wet,Rural Road,Straight Road,Daylight,Uncontrolled,Rural,Truck,Yes,No,High
ACC13723,27,2,66.8,59.8,11.33,2,8.7,7,4.04,19.7,5,Thursday,Fog,Dry,Urban Road,Roundabout,Daylight,Stop Sign,Urban,Motorcycle,No,No,Medium
ACC13724,33,18,49.6,81.4,6.88,6,10.5,5,2.43,29.0,16,Wednesday,Clear,Dry,Urban Road,Crossroad,Daylight,Signal,Urban,Motorcycle,No,No,High
ACC13725,42,31,62.9,54.2,9.59,3,10.9,9,0.67,28.1,5,Thursday,Clear,Damaged,Residential,Straight Road,Daylight,Stop Sign,Rural,Bus,No,No,Medium
ACC13726,30,21,33.1,41.5,7.1,4,5.5,8,5.03,21.6,13,Sunday,Fog,Wet,Residential,Straight Road,Daylight,Stop Sign,Urban,Car,No,No,Medium
ACC13727,55,37,46.7,68.7,3.89,3,8.6,7,0.31,30.5,8,Saturday,Clear,Dry,Residential,Roundabout,Poor,Signal,Urban,Motorcycle,No,No,Medium
ACC13728,38,24,38.9,21.6,9.94,2,6.0,5,0.16,23.4,18,Thursday,Clear,Dry,Rural Road,Straight Road,Poor,Signal,Urban,Car,No,No,Low
ACC13729,43,32,24.2,71.5,8.19,3,6.7,5,0.03,30.5,5,Saturday,Clear,Dry,Urban Road,Intersection,Daylight,Stop Sign,Suburban,Truck,No,No,Low
ACC13730,34,29,38.3,28.7,8.4,3,10.4,7,2.33,29.5,2,Sunday,Cloudy,Dry,Urban Road,Intersection,Daylight,Signal,Urban,Car,No,No,Medium
ACC13731,40,34,59.3,66.1,8.78,3,12.1,9,0.4,23.9,16,Saturday,Clear,Dry,Urban Road,Roundabout,Daylight,Uncontrolled,Urban,Motorcycle,No,No,Medium
ACC13732,18,0,34.0,86.1,11.61,2,6.0,5,53.81,25.2,0,Wednesday,Storm,Wet,Urban Road,Crossroad,Daylight,Signal,Suburban,Car,No,No,Medium
ACC13733,35,20,58.1,33.6,8.0,4,5.5,5,0.36,22.7,1,Thursday,Clear,Dry,Residential,Straight Road,Daylight,Signal,Urban,Car,No,No,Low
ACC13734,27,5,69.8,99.9,1.86,1,6.6,4,1.32,24.8,10,Saturday,Cloudy,Dry,Rural Road,T-Junction,Daylight,Signal,Suburban,Motorcycle,No,Yes,High
ACC13735,63,43,79.0,80.8,11.72,3,7.1,6,0.57,29.4,5,Saturday,Clear,Dry,Rural Road,Roundabout,Street Lights,Stop Sign,Urban,Motorcycle,No,No,Medium
ACC13736,37,21,89.5,73.5,8.72,4,6.8,8,4.4,22.4,9,Sunday,Cloudy,Icy,Urban Road,Straight Road,Street Lights,Stop Sign,Urban,Motorcycle,No,No,High
ACC13737,33,17,71.4,48.1,5.62,2,11.5,4,27.01,30.4,21,Thursday,Rain,Dry,Residential,Roundabout,Daylight,Signal,Urban,Car,No,Yes,High
ACC13738,39,19,36.5,82.6,10.24,1,10.8,1,27.72,28.8,6,Thursday,Rain,Dry,Rural Road,Roundabout,Daylight,Signal,Suburban,SUV,No,No,Medium
ACC13739,39,19,67.3,60.0,4.74,4,13.4,5,8.23,22.3,7,Friday,Rain,Dry,Urban Road,Crossroad,Street Lights,Uncontrolled,Urban,Car,No,Yes,High
ACC13740,35,23,74.4,64.6,2.5,1,8.3,8,2.0,30.2,8,Monday,Cloudy,Dry,Residential,T-Junction,Street Lights,Signal,Urban,SUV,No,No,High
ACC13741,42,35,41.3,97.8,,3,10.1,4,8.53,30.1,8,Tuesday,Fog,Dry,Urban Road,Straight Road,Daylight,Signal,Suburban,Truck,No,Yes,High
ACC13742,41,21,77.8,65.4,10.91,3,5.9,2,0.85,35.5,19,Monday,Rain,Dry,Urban Road,Roundabout,Daylight,Signal,Suburban,Car,No,Yes,High
ACC13743,36,27,47.4,62.2,10.94,3,7.3,6,19.07,20.4,22,Friday,Rain,Dry,Rural Road,Roundabout,Daylight,Signal,Urban,Motorcycle,No,No,High
ACC13744,52,31,58.7,,6.86,4,7.1,9,0.07,40.2,3,Tuesday,Clear,Dry,Rural Road,Straight Road,Daylight,Signal,Urban,SUV,No,No,Medium
ACC13745,18,1,78.0,41.6,7.2,3,9.3,8,1.3,26.9,6,Monday,Clear,Dry,Urban Road,Roundabout,Daylight,Signal,Urban,Truck,Yes,No,High
ACC13746,30,18,49.1,69.2,6.87,3,8.8,5,0.12,26.5,10,Wednesday,Clear,Dry,Urban Road,Roundabout,Daylight,Signal,Suburban,Car,Yes,Yes,High
ACC13747,31,9,52.7,53.5,,1,4.1,2,2.38,23.2,10,Sunday,Rain,Dry,Residential,Roundabout,,Uncontrolled,Suburban,Motorcycle,No,No,High
ACC13748,35,16,74.9,90.6,7.05,1,10.0,4,0.18,23.4,11,Friday,Clear,Dry,Rural Road,Intersection,Daylight,Signal,Suburban,Motorcycle,No,No,High
ACC13749,32,16,67.1,,7.21,5,9.6,5,0.56,21.1,23,Wednesday,Clear,Dry,Rural Road,Intersection,Street Lights,Uncontrolled,Suburban,Bus,No,No,High
ACC13750,29,18,20.0,49.7,5.0,3,10.7,6,1.63,27.6,7,Wednesday,Fog,Dry,Urban Road,T-Junction,Daylight,Uncontrolled,Rural,SUV,No,No,Low
ACC13751,49,24,31.1,,11.61,3,7.9,7,1.14,27.6,13,Monday,Fog,Wet,Urban Road,Crossroad,Street Lights,Signal,Urban,Car,No,No,Medium
ACC13752,24,2,53.3,30.4,6.16,4,9.3,6,4.25,23.7,20,Sunday,Fog,Dry,Urban Road,Straight Road,Daylight,Stop Sign,Urban,Car,No,No,Medium
ACC13753,40,32,52.1,5.0,11.79,1,9.6,10,0.04,22.1,9,Saturday,Clear,Dry,Urban Road,Crossroad,Daylight,Signal,Rural,Car,No,No,Low
ACC13754,29,8,43.3,69.0,10.31,2,13.3,11,27.63,28.4,3,Tuesday,Rain,Dry,Urban Road,Crossroad,Poor,Signal,Urban,SUV,No,No,Medium
ACC13755,39,32,95.8,45.6,8.54,2,4.6,5,0.48,29.7,4,Saturday,Clear,Damaged,Urban Road,Intersection,Street Lights,Traffic Police,Urban,Motorcycle,No,No,High
ACC13756,49,39,77.6,73.8,4.54,4,11.1,9,0.91,16.1,1,Thursday,Clear,Damaged,Highway,T-Junction,Daylight,Stop Sign,Urban,SUV,No,No,High
ACC13757,18,0,20.0,37.0,9.82,1,10.0,6,0.02,28.2,17,Thursday,Clear,Dry,Urban Road,Crossroad,Street Lights,Uncontrolled,Rural,Motorcycle,Yes,No,Low
ACC13758,26,4,77.8,51.8,12.0,1,9.4,5,0.4,25.3,9,Friday,Clear,Dry,Rural Road,Crossroad,Street Lights,Uncontrolled,Urban,Truck,No,Yes,Low
ACC13759,26,9,39.8,55.6,6.37,3,8.4,7,0.2,33.5,13,Wednesday,Clear,Dry,Urban Road,Roundabout,Daylight,Signal,Urban,Car,No,No,Medium
ACC13760,33,14,55.5,54.7,9.11,3,9.2,7,12.92,33.7,11,Friday,Rain,Dry,Highway,Straight Road,Daylight,Signal,Suburban,SUV,Yes,No,Medium
ACC13761,45,38,29.7,13.4,7.19,4,8.9,7,0.91,24.8,11,Monday,Clear,Dry,Urban Road,T-Junction,Poor,Signal,Urban,Motorcycle,Yes,No,Medium
ACC13762,55,43,79.6,77.4,3.64,2,9.1,3,14.48,18.4,2,Sunday,Rain,Wet,Highway,Straight Road,Daylight,Uncontrolled,Rural,Bus,No,No,High
ACC13763,45,34,61.6,55.2,,4,6.8,9,0.65,30.1,0,Sunday,Cloudy,Dry,Urban Road,Intersection,Daylight,Uncontrolled,Urban,Car,Yes,No,High
ACC13764,33,27,82.5,28.0,7.38,3,7.4,3,0.23,25.1,19,Wednesday,,Damaged,Residential,Crossroad,Daylight,Stop Sign,Suburban,Truck,No,No,High
ACC13765,29,10,63.0,86.8,4.77,1,8.8,7,3.11,17.9,14,Thursday,Cloudy,Dry,Rural Road,Crossroad,Street Lights,Signal,Urban,Motorcycle,Yes,No,High
ACC13766,52,41,50.1,87.8,10.41,2,5.4,9,0.29,18.2,8,Monday,Clear,Wet,Highway,Straight Road,Poor,Signal,Rural,Car,No,No,High
ACC13767,19,1,44.0,62.0,6.0,2,9.6,4,2.53,26.5,9,Monday,Cloudy,Wet,Urban Road,Intersection,Street Lights,Uncontrolled,Rural,Motorcycle,Yes,No,Medium
ACC13768,39,33,28.1,55.5,6.48,5,8.3,3,1.28,26.4,15,Saturday,Clear,Dry,Highway,Roundabout,Street Lights,Traffic Police,Suburban,Motorcycle,No,No,Medium
ACC13769,48,43,52.1,51.1,9.55,3,6.6,6,0.75,25.6,11,Friday,Clear,Dry,Rural Road,Roundabout,Poor,Signal,Rural,Car,Yes,No,Medium
ACC13770,32,24,62.1,33.2,5.07,6,8.1,10,2.36,37.6,20,Sunday,Clear,Dry,Urban Road,Crossroad,Street Lights,Signal,Urban,Car,No,No,Medium
ACC13771,38,19,20.0,55.8,9.91,5,10.0,6,1.28,26.9,4,Friday,Cloudy,Dry,Highway,Crossroad,Street Lights,Signal,Rural,Motorcycle,No,No,Medium
ACC13772,20,3,72.5,10.6,8.49,3,8.6,6,3.24,22.3,14,Saturday,Fog,Dry,Rural Road,T-Junction,Poor,Signal,Suburban,Car,No,No,Medium
ACC13773,40,31,59.5,83.6,8.71,6,9.6,7,1.16,25.9,11,Sunday,Clear,Dry,Rural Road,Straight Road,Daylight,Uncontrolled,Rural,Motorcycle,Yes,No,High
ACC13774,36,21,51.5,40.4,11.07,8,8.8,4,3.78,32.2,9,Tuesday,,Dry,Rural Road,Crossroad,Street Lights,Stop Sign,Suburban,Motorcycle,Yes,Yes,Medium
ACC13775,41,24,38.2,21.0,6.75,2,9.9,4,47.82,24.3,12,Thursday,Rain,Damaged,Residential,Intersection,Street Lights,Stop Sign,Urban,Car,No,No,Medium
ACC13776,30,6,36.8,28.8,5.65,6,10.8,1,1.42,23.8,19,Thursday,Fog,Dry,Residential,Straight Road,Poor,Signal,Suburban,Car,No,No,Medium
ACC13777,23,3,55.0,56.1,1.58,4,5.3,5,27.73,23.0,6,Friday,Rain,Icy,Highway,T-Junction,Poor,Signal,Urban,Bus,No,No,High
ACC13778,47,39,55.2,67.2,6.06,1,6.8,9,1.58,38.1,14,Thursday,Cloudy,Dry,Highway,Roundabout,Street Lights,Signal,Suburban,Car,No,Yes,High
ACC13779,47,37,20.1,48.6,7.54,2,8.7,10,11.78,36.2,23,Thursday,Rain,Wet,Rural Road,T-Junction,Poor,Uncontrolled,Urban,Truck,No,No,Medium
ACC13780,41,28,99.0,43.0,6.59,5,8.1,7,0.83,28.2,20,Monday,Fog,Dry,Rural Road,Straight Road,Daylight,Uncontrolled,Urban,Motorcycle,No,No,High
ACC13781,39,32,39.5,35.2,8.78,3,7.0,2,0.51,26.5,11,Saturday,Clear,Dry,Residential,Roundabout,Daylight,Signal,Rural,SUV,No,No,Low
ACC13782,18,2,79.0,79.4,4.77,7,3.4,6,1.86,41.3,11,Saturday,Clear,Damaged,Urban Road,Intersection,Daylight,Signal,Rural,Car,No,No,High
ACC13783,48,25,49.4,71.9,6.95,5,11.4,4,0.36,32.9,6,Wednesday,Clear,Dry,Highway,Roundabout,Daylight,Signal,Rural,Bus,No,No,Low
ACC13784,40,29,67.2,64.1,9.59,4,6.5,6,5.9,28.0,10,Wednesday,Rain,Wet,Urban Road,Roundabout,Daylight,Signal,Suburban,Motorcycle,No,No,Medium
ACC13785,49,24,52.8,29.6,10.26,3,10.5,11,4.44,25.3,22,Tuesday,Rain,Dry,Urban Road,Intersection,Daylight,Stop Sign,Suburban,Car,Yes,No,Medium
ACC13786,22,12,50.1,46.4,11.97,6,6.1,7,2.23,23.8,2,Wednesday,Clear,Dry,Urban Road,Crossroad,Daylight,Stop Sign,Suburban,Car,No,No,Medium
ACC13787,42,28,60.0,46.2,6.55,4,10.4,4,2.03,34.5,5,Saturday,Cloudy,Dry,Rural Road,Crossroad,Poor,Signal,Urban,Motorcycle,No,No,Medium
ACC13788,42,30,48.9,99.2,4.87,5,4.9,8,2.18,28.6,3,Thursday,Cloudy,Wet,Urban Road,Roundabout,Daylight,Uncontrolled,Rural,Car,No,No,High
ACC13789,18,7,78.1,60.3,10.15,2,7.3,5,0.11,16.6,11,Saturday,Clear,Dry,Rural Road,Roundabout,Poor,Stop Sign,Rural,Car,Yes,No,High
ACC13790,34,21,32.1,44.4,8.24,2,5.7,6,16.3,23.0,3,Monday,Storm,Wet,Rural Road,T-Junction,Poor,Signal,Suburban,SUV,Yes,No,High
ACC13791,35,29,54.5,100.0,6.69,4,12.8,7,0.91,33.7,22,Saturday,Clear,Damaged,Urban Road,Crossroad,Daylight,Signal,Rural,Car,Yes,No,High
ACC13792,24,8,44.2,76.7,5.35,4,7.3,6,0.76,31.9,8,Wednesday,Clear,Dry,Urban Road,Intersection,Daylight,Uncontrolled,Suburban,Motorcycle,No,No,Medium
ACC13793,40,20,69.4,77.4,5.46,4,7.1,2,2.93,29.6,8,Thursday,Cloudy,Dry,Highway,Roundabout,Street Lights,Stop Sign,Urban,Bus,No,No,High
ACC13794,38,16,20.0,89.4,,5,5.9,9,23.97,21.4,21,Saturday,Rain,Wet,Rural Road,Roundabout,Street Lights,Signal,Rural,Bus,No,No,High
ACC13795,28,17,78.7,81.5,12.0,2,9.8,2,0.45,22.5,17,Thursday,Clear,Dry,Residential,T-Junction,Daylight,Stop Sign,Urban,Car,No,No,High
ACC13796,29,13,38.6,46.7,8.06,3,9.3,7,21.12,28.9,13,Friday,Rain,Dry,Residential,T-Junction,Daylight,Signal,Suburban,Truck,No,No,High
ACC13797,18,0,68.0,53.8,10.19,2,10.9,7,7.97,31.4,4,Sunday,Cloudy,Dry,Residential,T-Junction,Daylight,Uncontrolled,Urban,Motorcycle,Yes,No,High
ACC13798,40,19,20.0,67.2,5.5,3,9.9,5,0.93,23.9,19,Saturday,Clear,Dry,Highway,Straight Road,Daylight,Traffic Police,Suburban,Car,No,No,Medium
ACC13799,38,24,47.0,60.6,2.6,4,7.8,5,0.09,23.7,14,Friday,Clear,Dry,Residential,Intersection,Daylight,Stop Sign,Suburban,Car,No,No,High
ACC13800,34,26,48.8,14.4,9.67,6,4.9,5,0.02,35.1,1,Wednesday,Cloudy,Dry,Rural Road,Straight Road,Daylight,Uncontrolled,Suburban,Car,No,No,Low
ACC13801,32,16,58.7,24.4,5.45,2,6.7,6,0.34,26.1,10,Friday,Clear,,Residential,Roundabout,Street Lights,Signal,Urban,Car,No,No,Medium
ACC13802,43,18,66.3,57.4,5.51,1,9.1,9,3.73,31.8,12,Thursday,Fog,Dry,Urban Road,T-Junction,Poor,Stop Sign,Urban,Car,No,No,High
ACC13803,37,17,96.4,15.9,7.98,3,11.9,4,24.62,34.1,9,Thursday,Rain,Dry,Residential,T-Junction,Street Lights,Uncontrolled,Suburban,Car,No,Yes,High
ACC13804,44,22,47.4,26.6,11.69,2,12.4,3,11.51,29.2,23,Friday,Storm,Icy,Highway,T-Junction,Poor,Stop Sign,Rural,Motorcycle,No,No,Medium
ACC13805,37,28,69.1,46.3,10.28,7,6.1,6,0.15,25.2,6,Sunday,Clear,Wet,Rural Road,Crossroad,Street Lights,Stop Sign,Urban,Truck,No,Yes,High
ACC13806,45,22,48.5,59.8,6.28,4,8.4,7,30.57,29.7,13,Monday,Storm,Wet,Urban Road,Intersection,Street Lights,Uncontrolled,Urban,Truck,No,No,High
ACC13807,44,39,62.9,72.7,8.78,4,8.7,6,0.59,29.3,21,Friday,Clear,Dry,Highway,Straight Road,Daylight,Signal,Urban,Truck,No,No,Medium
ACC13808,46,24,28.9,79.6,9.25,4,9.0,8,1.03,23.0,18,Monday,Clear,Wet,Urban Road,Intersection,Daylight,Signal,Rural,SUV,No,No,Medium
ACC13809,28,18,61.7,65.1,9.32,3,8.9,3,0.38,24.7,10,Sunday,Clear,Dry,Urban Road,T-Junction,Street Lights,Uncontrolled,Suburban,SUV,No,No,Medium
ACC13810,42,25,39.5,81.6,7.21,3,6.5,9,1.59,23.8,10,Friday,Clear,Dry,Urban Road,Roundabout,Poor,Uncontrolled,Rural,SUV,No,Yes,High
ACC13811,35,24,25.5,39.8,9.26,4,8.3,8,8.58,28.8,9,Thursday,Rain,Dry,Rural Road,Crossroad,Daylight,Uncontrolled,Suburban,Car,No,Yes,Low
ACC13812,34,26,55.5,34.1,9.33,4,7.4,6,0.25,31.5,0,Saturday,Cloudy,,Urban Road,Intersection,Daylight,Stop Sign,Urban,Car,No,No,Low
ACC13813,30,20,59.4,53.6,9.02,3,8.8,7,2.53,39.2,23,Thursday,,Wet,Urban Road,Roundabout,Street Lights,Uncontrolled,Suburban,Motorcycle,No,No,Medium
ACC13814,39,25,51.5,73.8,5.13,3,11.5,2,3.84,33.8,23,Friday,Cloudy,Dry,Urban Road,T-Junction,Daylight,Uncontrolled,Urban,Car,No,Yes,Medium
ACC13815,18,0,64.8,77.6,8.03,1,8.4,5,0.03,28.0,22,Tuesday,Clear,Wet,Highway,T-Junction,Daylight,Signal,Urban,Car,No,No,Medium
ACC13816,39,26,89.6,87.7,10.36,5,6.7,5,0.57,24.8,4,Monday,Cloudy,Wet,Urban Road,T-Junction,Street Lights,Uncontrolled,Urban,Car,Yes,Yes,High
ACC13817,39,33,40.5,71.1,2.56,1,11.9,6,0.62,32.7,18,Tuesday,Clear,Dry,Urban Road,T-Junction,Daylight,Signal,Urban,SUV,No,No,High
ACC13818,47,42,72.2,100.0,11.04,4,8.7,7,7.73,26.8,6,Thursday,Rain,Dry,Highway,Crossroad,Street Lights,Signal,Urban,Car,No,No,High
ACC13819,36,27,44.7,76.6,10.16,4,8.4,6,21.09,13.2,22,Sunday,,Dry,Rural Road,Crossroad,Poor,Signal,Urban,Motorcycle,No,No,Medium
ACC13820,50,44,63.9,56.4,9.02,6,8.9,7,0.47,32.9,1,Monday,Cloudy,Dry,Urban Road,Intersection,Daylight,Signal,Urban,Car,No,No,High
ACC13821,31,19,56.1,81.8,9.26,3,9.2,8,0.11,22.6,8,Saturday,Clear,,Urban Road,T-Junction,Daylight,Signal,Urban,Truck,Yes,No,Medium
ACC13822,29,16,85.3,95.4,8.03,3,13.4,7,0.5,24.9,14,Sunday,Clear,Icy,Urban Road,Crossroad,Daylight,Signal,Suburban,Motorcycle,No,Yes,High
ACC13823,53,29,56.5,23.7,5.59,2,13.8,3,17.46,26.2,17,Friday,Rain,Dry,Residential,Roundabout,Daylight,Signal,Urban,Car,No,No,Medium
ACC13824,29,18,57.7,47.8,7.39,5,9.6,10,0.17,17.7,5,Monday,Clear,Dry,Highway,Crossroad,Street Lights,Signal,Urban,SUV,No,No,Medium
ACC13825,18,1,76.5,,8.1,4,9.9,10,0.62,28.4,18,Monday,Clear,Damaged,Highway,Crossroad,Daylight,Stop Sign,Urban,Bus,No,No,Medium
ACC13826,53,32,66.6,54.5,7.37,2,8.0,5,1.94,26.1,16,Sunday,Clear,Dry,Urban Road,Intersection,Daylight,Uncontrolled,Suburban,Truck,No,No,Medium
ACC13827,54,39,69.1,45.1,8.95,3,6.2,5,3.67,27.7,18,Wednesday,Cloudy,Wet,Highway,Crossroad,,Uncontrolled,Suburban,SUV,No,No,Medium
ACC13828,33,14,80.6,70.4,8.85,2,11.5,5,13.84,32.1,16,Saturday,Cloudy,Dry,Urban Road,Roundabout,Daylight,Uncontrolled,Rural,Motorcycle,Yes,No,High
ACC13829,34,10,61.8,88.5,8.08,5,4.2,5,21.47,23.9,16,Monday,Rain,Dry,Urban Road,T-Junction,Daylight,Signal,Rural,Truck,No,No,High
ACC13830,29,18,85.2,88.4,9.36,3,8.4,9,0.16,21.3,6,Saturday,Clear,Dry,Highway,Straight Road,Street Lights,Uncontrolled,Urban,Car,Yes,No,High
ACC13831,56,50,31.1,78.9,,7,11.0,7,0.36,31.1,1,Thursday,Clear,Dry,Highway,Intersection,Daylight,Signal,Urban,Truck,Yes,No,Medium
ACC13832,52,38,54.3,65.7,5.36,5,9.6,6,9.74,33.5,15,Saturday,Rain,Dry,Urban Road,Roundabout,Daylight,Signal,Urban,Car,No,Yes,High
ACC13833,29,13,57.0,36.1,10.93,4,10.8,4,14.47,21.9,3,Tuesday,Rain,Wet,Rural Road,Intersection,Daylight,Uncontrolled,Rural,Car,No,No,Low
ACC13834,37,20,43.2,86.7,6.43,1,7.4,7,0.35,32.5,16,Tuesday,Clear,Dry,Residential,T-Junction,Poor,Stop Sign,Suburban,Motorcycle,Yes,No,Medium
ACC13835,55,35,70.5,89.9,8.87,1,8.1,1,9.67,30.4,12,Saturday,Cloudy,Damaged,Highway,Crossroad,Daylight,Uncontrolled,Urban,Car,No,No,High
ACC13836,58,35,62.2,5.0,7.42,2,10.0,4,0.2,38.7,19,Friday,Clear,Dry,Highway,Crossroad,,Stop Sign,Urban,Motorcycle,No,No,Low
ACC13837,40,25,20.0,100.0,8.05,3,8.4,7,7.15,35.6,4,Wednesday,Fog,Dry,Residential,Roundabout,,Signal,Urban,Motorcycle,No,No,High
ACC13838,41,33,79.7,22.0,11.08,7,7.0,3,0.88,24.2,4,Tuesday,Clear,Dry,Rural Road,T-Junction,,Uncontrolled,Urban,Truck,No,No,Medium
ACC13839,36,23,76.2,38.0,7.55,6,10.8,6,1.91,23.3,0,Sunday,Fog,Damaged,Highway,Straight Road,Daylight,Stop Sign,Rural,Car,No,No,High
ACC13840,30,22,61.5,73.1,8.92,1,9.4,9,19.45,33.6,10,Tuesday,Rain,Dry,Rural Road,Straight Road,Poor,Uncontrolled,Suburban,Car,No,No,High
ACC13841,43,34,64.3,32.0,10.65,4,6.2,6,7.7,29.0,7,Monday,Cloudy,Dry,Urban Road,Crossroad,Street Lights,Uncontrolled,Suburban,Truck,No,No,Medium
ACC13842,54,49,36.0,57.6,10.02,6,6.0,2,0.7,31.0,2,Saturday,Clear,Damaged,Highway,T-Junction,Street Lights,Signal,Urban,Truck,Yes,No,Medium
ACC13843,27,3,41.1,31.3,9.28,5,8.6,8,5.02,26.8,10,Thursday,Cloudy,Dry,Urban Road,T-Junction,Daylight,Signal,Urban,Car,No,No,Low
ACC13844,39,19,20.0,74.6,12.0,1,7.4,6,1.41,24.5,13,Saturday,Clear,Damaged,Urban Road,Roundabout,Street Lights,Signal,Suburban,Motorcycle,No,No,Low
ACC13845,38,31,45.1,52.6,8.22,3,8.1,1,0.18,25.3,10,Saturday,Clear,Dry,Highway,Straight Road,Street Lights,Signal,Suburban,Bus,Yes,No,Medium
ACC13846,22,0,55.9,47.6,10.58,5,6.2,3,10.76,25.6,12,Thursday,Rain,Wet,Urban Road,Roundabout,Daylight,Signal,Urban,Car,No,No,Low
ACC13847,37,15,67.5,75.5,12.0,4,10.3,3,11.59,20.9,9,Friday,Storm,Damaged,Rural Road,Intersection,Daylight,Stop Sign,Urban,Motorcycle,Yes,No,High
ACC13848,35,12,35.4,48.4,6.58,3,11.0,4,3.83,33.5,21,Thursday,Cloudy,Wet,Highway,T-Junction,Street Lights,Traffic Police,Rural,Car,No,Yes,Medium
ACC13849,32,25,75.1,82.6,12.0,6,6.0,7,14.56,35.0,18,Tuesday,Rain,Dry,Highway,Straight Road,Daylight,Uncontrolled,Urban,SUV,No,No,High
ACC13850,52,45,59.6,41.1,,3,5.9,7,0.31,31.2,13,Monday,Clear,Dry,Urban Road,Roundabout,Street Lights,Uncontrolled,Urban,Car,No,No,Low
ACC13851,32,26,76.5,37.3,12.0,2,11.3,8,0.04,35.6,17,Thursday,Clear,Damaged,Urban Road,Crossroad,Daylight,Signal,Urban,Car,No,No,High
ACC13852,27,3,73.1,61.9,8.45,5,10.7,4,0.56,38.0,10,Wednesday,Clear,Dry,Highway,Intersection,Daylight,Signal,Suburban,SUV,No,No,High
ACC13853,44,26,60.4,67.5,,1,6.8,4,3.9,25.0,13,Wednesday,Cloudy,Dry,Residential,Roundabout,Street Lights,Uncontrolled,Urban,Car,No,Yes,High
ACC13854,40,31,64.7,56.0,4.59,2,9.6,9,5.77,34.2,17,Wednesday,Fog,Wet,Urban Road,Crossroad,Daylight,Signal,Suburban,Motorcycle,Yes,No,High
ACC13855,38,14,46.4,45.6,5.1,3,8.5,2,5.93,28.6,12,Thursday,Rain,,Urban Road,Straight Road,Poor,Uncontrolled,Urban,Car,No,No,Medium
ACC13856,44,30,56.8,32.9,9.6,1,6.9,8,0.16,25.9,5,Monday,Clear,Dry,Residential,Straight Road,Poor,Traffic Police,Urban,SUV,Yes,No,Medium
ACC13857,35,14,61.3,62.2,9.69,1,10.0,6,0.16,31.9,8,Thursday,Clear,Dry,Urban Road,Intersection,Street Lights,Signal,Suburban,Bus,No,No,Low
ACC13858,33,15,73.1,61.5,6.06,6,8.1,6,1.4,20.4,9,Tuesday,Cloudy,Dry,Residential,Crossroad,Street Lights,Uncontrolled,Suburban,Truck,Yes,No,High
ACC13859,28,10,59.0,52.3,9.82,6,9.0,4,1.01,42.2,16,Thursday,Clear,Dry,Highway,T-Junction,Poor,Signal,Rural,Car,No,No,Medium
ACC13860,46,32,94.1,99.0,9.05,2,10.8,8,6.76,34.6,22,Sunday,Rain,Wet,Highway,Straight Road,Daylight,Uncontrolled,Urban,Car,No,No,High
ACC13861,52,39,59.6,41.6,9.45,1,6.1,5,17.57,19.3,1,Sunday,Rain,Dry,Urban Road,T-Junction,Street Lights,Signal,Urban,Motorcycle,No,No,Medium
ACC13862,62,54,20.0,100.0,10.68,3,12.1,6,2.69,25.6,23,Saturday,Cloudy,Wet,Urban Road,T-Junction,Daylight,Signal,Suburban,Car,No,No,Medium
ACC13863,44,38,49.7,51.1,4.7,5,8.6,3,0.26,22.9,19,Wednesday,Clear,Damaged,Urban Road,Roundabout,Daylight,Uncontrolled,Urban,Truck,No,No,Medium
ACC13864,56,32,41.1,84.6,10.08,4,10.0,7,0.17,25.9,18,Wednesday,Clear,Wet,Residential,Roundabout,Street Lights,Uncontrolled,Urban,Motorcycle,No,No,Medium
ACC13865,30,6,51.6,66.1,,4,5.7,4,0.93,26.4,21,Saturday,Clear,Dry,Rural Road,Straight Road,Street Lights,Stop Sign,Urban,Bus,No,No,Medium
ACC13866,27,9,37.2,88.0,6.23,3,9.6,5,0.11,36.4,21,Monday,Clear,Wet,Rural Road,T-Junction,Daylight,Stop Sign,Urban,Car,Yes,No,High
ACC13867,23,10,26.9,100.0,5.04,4,5.3,1,0.36,28.4,6,Friday,Clear,Dry,Rural Road,Roundabout,Daylight,Uncontrolled,Urban,Motorcycle,No,No,High
ACC13868,37,31,43.7,64.9,6.86,3,9.2,4,4.62,19.9,12,Wednesday,Rain,Dry,Urban Road,Crossroad,Street Lights,Uncontrolled,Rural,Bus,No,No,Medium
ACC13869,33,19,65.0,38.8,7.15,10,8.6,6,25.46,21.2,6,Wednesday,Rain,Wet,Highway,Crossroad,Daylight,Traffic Police,Rural,Motorcycle,Yes,No,Medium
ACC13870,55,37,67.2,20.9,6.94,3,6.3,6,0.1,29.2,6,Friday,Clear,Dry,Highway,Crossroad,Street Lights,Uncontrolled,Rural,Bus,No,No,Medium
ACC13871,32,21,43.0,46.9,8.4,4,9.1,7,0.11,32.3,17,Thursday,Clear,Damaged,Rural Road,Crossroad,Street Lights,Uncontrolled,Rural,Car,No,No,Low
ACC13872,33,21,71.3,87.3,10.9,4,6.6,3,1.5,19.4,16,Wednesday,Clear,Dry,Urban Road,T-Junction,Daylight,Uncontrolled,Urban,Truck,No,No,Medium
ACC13873,46,32,47.3,89.3,8.94,2,6.6,5,0.54,19.1,8,Monday,Clear,Wet,Highway,Crossroad,Daylight,Stop Sign,Urban,SUV,No,No,High
ACC13874,49,34,44.9,87.4,5.45,7,9.0,6,5.2,26.9,7,Sunday,Rain,Dry,Residential,T-Junction,Street Lights,Signal,Suburban,Car,No,Yes,High
ACC13875,42,22,50.0,54.1,8.89,3,6.9,9,0.69,28.7,2,Thursday,Clear,Damaged,Highway,Straight Road,Daylight,Signal,Rural,Car,Yes,No,Medium
ACC13876,45,30,20.0,83.6,7.15,4,12.2,2,0.11,26.0,9,Thursday,Clear,Dry,Urban Road,Straight Road,Daylight,Uncontrolled,Urban,Car,No,No,Medium
ACC13877,45,23,53.1,70.7,7.02,2,7.9,10,0.31,20.9,17,Wednesday,Clear,Dry,Highway,Crossroad,Daylight,Uncontrolled,Urban,Truck,No,Yes,High
ACC13878,58,43,28.7,,6.71,4,8.0,5,11.29,33.2,11,Thursday,Fog,Dry,Urban Road,Crossroad,Daylight,Stop Sign,Urban,Motorcycle,No,No,Low
ACC13879,18,12,47.5,48.2,8.66,2,9.9,4,5.27,24.1,17,Thursday,Cloudy,Dry,Rural Road,Crossroad,Daylight,Signal,Urban,Car,No,No,Low
ACC13880,30,22,43.6,100.0,8.2,6,6.9,8,0.36,31.3,0,Monday,Clear,Dry,Residential,Straight Road,Daylight,Signal,Urban,Bus,Yes,No,High
ACC13881,54,35,74.0,23.9,6.5,5,8.1,7,1.02,17.6,16,Thursday,Cloudy,Dry,Highway,Roundabout,Street Lights,Signal,Urban,Bus,No,No,Low
ACC13882,36,22,41.2,83.2,8.94,3,8.7,4,10.62,27.5,2,Saturday,Rain,Dry,Highway,Straight Road,Street Lights,Signal,Rural,SUV,No,No,Medium
ACC13883,45,31,98.2,33.3,7.56,1,12.8,4,36.74,22.5,13,Wednesday,Storm,Dry,Rural Road,Crossroad,Street Lights,Stop Sign,Urban,Motorcycle,No,No,High
ACC13884,18,0,43.5,61.4,7.12,3,8.8,4,0.04,26.2,23,Wednesday,Clear,Dry,Urban Road,Roundabout,Daylight,Traffic Police,Rural,Motorcycle,No,Yes,Medium
ACC13885,28,12,48.8,97.1,8.36,4,11.0,3,2.6,37.0,13,Saturday,Fog,Wet,Urban Road,Roundabout,Daylight,Signal,Urban,SUV,No,Yes,High
ACC13886,18,11,61.6,70.0,7.57,5,11.2,7,4.65,28.7,1,Sunday,Fog,Wet,Residential,Intersection,Street Lights,Stop Sign,Rural,Car,No,No,High
ACC13887,29,15,46.1,57.5,6.83,2,4.4,6,8.55,22.9,3,Saturday,Fog,Wet,Rural Road,T-Junction,Street Lights,Signal,Urban,Truck,Yes,No,High
ACC13888,32,16,74.3,53.4,10.5,3,5.1,7,1.28,24.6,9,Saturday,Cloudy,Wet,Urban Road,Crossroad,Street Lights,Traffic Police,Suburban,Truck,No,No,High
ACC13889,39,33,20.0,90.8,10.61,3,9.3,7,2.38,24.8,21,Friday,Cloudy,Dry,Urban Road,T-Junction,Street Lights,Uncontrolled,Urban,Car,No,No,Medium
ACC13890,50,38,60.3,76.1,6.64,2,7.5,2,0.6,28.2,12,Tuesday,Clear,Dry,Rural Road,Intersection,Street Lights,Signal,Suburban,Car,No,No,Medium
ACC13891,44,20,45.1,86.2,8.85,2,9.1,3,5.18,34.3,20,Friday,Rain,Dry,Rural Road,T-Junction,Daylight,Traffic Police,Rural,Car,No,No,Low
ACC13892,43,23,71.0,82.9,7.09,1,6.7,1,9.25,26.6,14,Monday,Cloudy,Wet,Rural Road,Crossroad,Street Lights,Stop Sign,Urban,Motorcycle,No,No,High
ACC13893,31,19,56.3,79.9,7.28,2,13.5,5,7.87,24.5,12,Monday,Rain,Icy,Urban Road,Intersection,Street Lights,Signal,Urban,Motorcycle,Yes,No,High
ACC13894,23,13,66.1,65.5,6.59,5,9.2,3,0.96,30.0,6,Sunday,Clear,Dry,Residential,T-Junction,Poor,Stop Sign,Urban,Bus,Yes,No,High
ACC13895,34,23,74.4,41.8,5.37,1,10.6,4,23.4,30.7,3,Wednesday,Rain,Dry,Highway,Straight Road,Street Lights,Signal,Urban,Motorcycle,No,No,Medium
ACC13896,26,4,82.6,,8.03,5,10.6,6,32.33,28.2,10,Tuesday,Rain,Dry,Rural Road,Roundabout,Street Lights,Stop Sign,Urban,Car,No,No,High
ACC13897,25,12,64.2,52.3,7.56,3,11.2,2,0.26,22.6,2,Friday,Clear,Dry,Highway,Intersection,Daylight,Traffic Police,Suburban,Motorcycle,No,No,High
ACC13898,20,0,87.5,,7.2,4,9.8,6,29.88,19.0,0,Sunday,Rain,Dry,Urban Road,Straight Road,Poor,Uncontrolled,Urban,Car,Yes,No,High
ACC13899,36,13,37.0,97.2,11.16,2,6.8,6,4.91,25.4,12,Sunday,Cloudy,Dry,Residential,Crossroad,Poor,Signal,Suburban,Car,No,No,Low
ACC13900,37,23,50.4,32.7,8.87,2,11.5,6,20.5,33.4,21,Tuesday,Rain,Damaged,Urban Road,Roundabout,Street Lights,Signal,Rural,Car,Yes,No,Medium
ACC13901,49,25,45.1,49.2,8.87,1,11.7,4,0.69,33.2,23,Wednesday,Clear,Dry,Urban Road,Intersection,Street Lights,Signal,Suburban,Car,No,Yes,Low
ACC13902,49,38,58.6,36.0,12.0,2,9.1,6,0.46,27.5,6,Sunday,Clear,Damaged,Rural Road,Roundabout,Daylight,Signal,Urban,Car,No,No,Low
ACC13903,42,32,60.7,38.6,9.19,3,9.8,3,4.0,35.1,13,Sunday,Fog,Wet,Highway,Intersection,Street Lights,Signal,Suburban,Car,Yes,No,Medium
ACC13904,67,55,47.4,33.8,12.0,2,5.8,7,0.07,30.3,0,Thursday,Clear,Wet,Rural Road,Intersection,Street Lights,Stop Sign,Urban,Bus,No,No,Low
ACC13905,29,19,77.2,47.2,7.15,4,10.3,3,15.95,31.4,1,Wednesday,Rain,Wet,Highway,T-Junction,Street Lights,Uncontrolled,Urban,Car,No,No,Medium
ACC13906,32,12,20.0,63.4,8.07,4,11.7,8,9.15,28.0,5,Sunday,Cloudy,Wet,Highway,Roundabout,Daylight,Uncontrolled,Urban,Car,No,No,Low
ACC13907,33,20,76.8,65.2,10.6,3,9.5,6,5.57,39.0,19,Wednesday,,Wet,Residential,Roundabout,Street Lights,Signal,Rural,SUV,No,No,Medium
ACC13908,32,24,46.3,77.8,2.83,3,7.4,5,0.88,25.1,16,Tuesday,Clear,,Urban Road,Straight Road,Daylight,Signal,Suburban,Truck,No,No,High
ACC13909,18,11,64.9,48.0,8.53,7,5.5,4,5.82,18.8,6,Monday,Cloudy,Dry,Residential,Crossroad,Street Lights,Signal,Urban,Car,No,No,Medium
ACC13910,29,14,34.2,5.0,12.0,4,7.5,11,0.16,26.5,15,Thursday,Clear,Icy,Urban Road,Straight Road,Daylight,Signal,Urban,Car,No,No,Low
ACC13911,40,24,61.2,83.7,5.62,3,5.7,3,1.0,29.0,13,Thursday,Clear,Wet,Rural Road,T-Junction,Street Lights,Signal,Urban,Truck,No,No,High
ACC13912,48,27,61.5,80.0,11.59,3,13.4,4,0.75,36.6,20,Sunday,Clear,Wet,Urban Road,Intersection,Daylight,Signal,Rural,Motorcycle,Yes,No,Medium
ACC13913,21,2,75.8,43.0,7.72,4,9.1,4,0.42,23.4,8,Monday,Clear,Damaged,Highway,T-Junction,Daylight,Stop Sign,Rural,Car,No,No,Medium
ACC13914,23,15,73.9,77.3,12.0,2,10.2,5,34.12,23.5,2,Tuesday,Storm,Dry,Residential,T-Junction,Street Lights,Uncontrolled,Urban,Car,No,No,High
ACC13915,25,14,32.1,63.2,6.13,1,4.1,7,38.3,27.0,5,Tuesday,Storm,Dry,Highway,Straight Road,Daylight,Stop Sign,Urban,SUV,Yes,No,High
ACC13916,41,22,56.5,63.7,6.23,2,7.9,8,0.09,16.7,2,Monday,Clear,Dry,Rural Road,Intersection,Street Lights,Uncontrolled,Suburban,Motorcycle,No,No,Medium
ACC13917,25,16,73.7,66.4,5.71,2,6.0,4,8.93,27.6,9,Friday,Rain,Dry,Rural Road,Crossroad,Poor,Signal,Urban,Motorcycle,No,No,High
ACC13918,20,0,46.5,34.0,8.47,3,10.9,12,0.16,28.0,8,Tuesday,Clear,,Rural Road,T-Junction,Poor,Uncontrolled,Urban,Car,Yes,No,High
ACC13919,20,2,25.1,43.1,7.01,6,9.9,7,17.12,19.7,21,Sunday,Rain,Dry,Residential,Crossroad,Daylight,Signal,Suburban,Car,No,No,Medium
ACC13920,33,17,58.1,67.8,6.56,3,3.0,2,4.68,13.3,0,Monday,Rain,Dry,Highway,Intersection,Street Lights,Signal,Urban,Motorcycle,No,No,High
ACC13921,36,18,32.1,56.6,8.87,3,9.9,4,0.07,28.7,14,Friday,Fog,Dry,Urban Road,Intersection,Daylight,Signal,Suburban,SUV,Yes,No,Medium
ACC13922,45,38,46.2,57.3,9.63,3,10.3,6,0.7,22.2,9,Wednesday,Clear,Dry,Urban Road,Straight Road,Poor,Signal,Urban,Car,No,No,Medium
ACC13923,43,27,40.6,82.9,2.88,1,6.7,7,14.04,30.7,12,Thursday,Rain,Wet,Urban Road,Roundabout,Street Lights,Stop Sign,Suburban,SUV,No,No,High
ACC13924,47,33,52.5,5.0,10.25,3,8.0,4,1.32,30.8,10,Monday,Clear,Wet,Urban Road,Straight Road,Daylight,Traffic Police,Suburban,Car,Yes,No,Low
ACC13925,35,20,77.3,86.2,4.97,2,8.5,9,51.45,31.6,9,Sunday,Storm,Dry,Highway,Crossroad,Daylight,Uncontrolled,Urban,Motorcycle,Yes,No,High
ACC13926,26,14,68.0,60.2,7.24,4,8.3,4,0.11,38.6,23,Tuesday,Clear,Dry,Urban Road,Straight Road,Daylight,Signal,Suburban,Car,No,No,Medium
ACC13927,39,25,78.6,56.9,7.09,7,8.4,5,2.17,22.0,6,Thursday,Cloudy,Dry,Urban Road,Intersection,Street Lights,Stop Sign,Urban,Motorcycle,No,No,High
ACC13928,21,0,66.2,66.1,8.97,2,9.9,3,46.63,31.0,1,Friday,Rain,Dry,Urban Road,T-Junction,Daylight,Stop Sign,Urban,Motorcycle,No,No,High
ACC13929,41,29,60.2,48.5,6.05,4,9.0,13,19.98,32.5,14,Sunday,Rain,Dry,Rural Road,Roundabout,Street Lights,Uncontrolled,Urban,Truck,No,No,High
ACC13930,40,34,80.6,31.9,9.95,7,10.4,4,0.23,31.9,2,Thursday,Clear,Icy,Highway,Intersection,Street Lights,Uncontrolled,Urban,Motorcycle,Yes,No,High
ACC13931,49,39,31.3,73.6,5.99,2,11.2,2,1.67,14.1,13,Sunday,Fog,Dry,Highway,T-Junction,Poor,Stop Sign,Urban,Car,No,No,High
ACC13932,46,32,82.8,97.6,10.63,2,9.6,5,0.66,28.3,19,Saturday,Clear,Dry,Residential,Crossroad,Poor,Uncontrolled,Suburban,Truck,Yes,No,High
ACC13933,41,25,67.4,84.4,7.62,5,9.1,4,7.01,23.5,14,Monday,Cloudy,Dry,Urban Road,Crossroad,Daylight,Uncontrolled,Urban,Car,No,No,High
ACC13934,18,4,73.8,83.8,8.45,5,4.5,6,1.83,23.5,14,Wednesday,Clear,Wet,Residential,Crossroad,Street Lights,Signal,Urban,Motorcycle,No,Yes,High
ACC13935,31,9,47.4,20.9,10.57,4,8.5,6,0.35,28.2,19,Friday,Clear,Wet,Highway,Straight Road,Street Lights,Signal,Rural,Car,No,No,Low
ACC13936,43,20,42.8,77.6,7.56,5,8.6,4,3.71,19.7,10,Sunday,Cloudy,Wet,Urban Road,Crossroad,Poor,Uncontrolled,Suburban,Motorcycle,No,No,High
ACC13937,52,37,58.4,46.5,12.0,4,13.6,4,0.45,20.4,17,Friday,Clear,Dry,Rural Road,Crossroad,Daylight,Uncontrolled,Urban,Bus,No,No,Low
ACC13938,43,36,36.3,,7.52,3,9.6,3,0.41,24.9,12,Friday,Clear,Damaged,Rural Road,Straight Road,Daylight,Signal,Urban,Car,Yes,No,Medium
ACC13939,21,8,49.5,56.8,8.55,4,6.5,1,0.09,24.4,4,Thursday,Clear,Dry,Highway,T-Junction,Daylight,Traffic Police,Urban,SUV,No,No,Medium
ACC13940,54,45,50.6,91.4,12.0,1,11.2,9,0.35,29.9,4,Wednesday,Clear,Dry,Residential,Intersection,Daylight,Signal,Urban,SUV,No,No,Low
ACC13941,37,26,49.0,36.2,9.26,2,10.5,7,12.16,31.0,17,Sunday,Rain,Dry,Urban Road,Roundabout,Daylight,Signal,Rural,Motorcycle,No,No,Low
ACC13942,41,19,45.0,49.1,10.24,2,7.3,4,3.3,29.5,16,Monday,Fog,Dry,Urban Road,Crossroad,Daylight,Signal,Urban,Car,No,No,High
ACC13943,42,26,28.7,24.6,7.1,4,7.2,4,0.49,39.3,18,Monday,Clear,Damaged,Urban Road,Crossroad,Street Lights,Traffic Police,Suburban,Bus,No,No,Low
ACC13944,29,7,66.6,14.4,2.91,5,7.0,2,0.31,28.8,21,Thursday,Clear,Damaged,Urban Road,Crossroad,Daylight,Signal,Rural,SUV,No,No,High
ACC13945,26,1,61.2,49.3,6.52,1,4.8,6,1.75,32.1,1,Saturday,Clear,Dry,Urban Road,Straight Road,Street Lights,Stop Sign,Suburban,Car,No,No,High
ACC13946,38,22,36.7,84.4,7.91,1,11.8,6,2.0,25.1,1,Sunday,Clear,Damaged,Residential,Straight Road,Daylight,Signal,Urban,SUV,Yes,No,Medium
ACC13947,27,4,64.4,86.7,6.15,5,8.6,1,28.98,28.2,5,Monday,Rain,Wet,Urban Road,Straight Road,Poor,Stop Sign,Suburban,SUV,Yes,Yes,High
ACC13948,30,11,52.4,63.0,8.15,2,8.5,9,1.09,23.6,19,Monday,Cloudy,Damaged,Highway,Roundabout,Poor,Uncontrolled,Rural,Motorcycle,No,No,High
ACC13949,32,25,41.6,59.1,4.26,3,11.7,3,0.5,35.3,17,Wednesday,Clear,Dry,Highway,Intersection,Street Lights,Signal,Suburban,Bus,No,No,Low
ACC13950,18,5,68.4,42.6,8.21,4,8.0,3,0.26,19.4,19,Thursday,Clear,Dry,Residential,Crossroad,Poor,Uncontrolled,Rural,Motorcycle,No,No,High
ACC13951,43,25,57.9,18.6,6.18,2,6.2,7,0.14,32.7,13,Thursday,Clear,Dry,Residential,T-Junction,Daylight,Traffic Police,Urban,Motorcycle,No,No,Medium
ACC13952,49,30,82.2,24.4,3.91,4,11.1,4,12.39,35.4,4,Friday,Rain,Wet,Rural Road,Crossroad,Street Lights,Signal,Rural,Car,No,No,High
ACC13953,42,20,44.7,89.0,8.3,2,8.7,6,32.21,28.5,9,Monday,Storm,Dry,Residential,Crossroad,Daylight,Uncontrolled,Rural,Car,Yes,No,Medium
ACC13954,18,0,65.7,25.0,8.06,3,7.8,4,0.13,30.4,1,Tuesday,Clear,Dry,Rural Road,Crossroad,Daylight,Signal,Urban,Truck,No,No,Medium
ACC13955,40,33,85.6,15.9,7.2,2,8.1,2,0.06,20.6,6,Saturday,Clear,Dry,Residential,Crossroad,Daylight,Signal,Suburban,Car,Yes,No,Low
ACC13956,48,40,59.8,38.4,,2,7.7,5,2.94,28.7,20,Wednesday,Fog,Dry,Rural Road,Intersection,Street Lights,Stop Sign,Suburban,Motorcycle,No,No,Medium
ACC13957,31,19,38.7,10.4,5.41,2,9.0,7,6.52,21.5,22,Wednesday,Fog,Wet,Urban Road,T-Junction,Daylight,Uncontrolled,Suburban,SUV,No,No,Medium
ACC13958,39,28,48.5,82.9,11.71,1,6.4,12,0.11,25.5,14,Sunday,Clear,Damaged,Highway,Straight Road,Street Lights,Signal,Rural,Car,No,No,Medium
ACC13959,42,33,82.7,56.0,9.74,3,7.4,7,0.86,23.0,13,Saturday,Clear,Wet,Highway,T-Junction,Daylight,Signal,Urban,Car,No,No,High
ACC13960,26,9,81.9,46.8,6.57,4,12.5,7,0.14,34.2,0,Saturday,Clear,Damaged,Highway,Crossroad,Poor,Traffic Police,Suburban,Motorcycle,Yes,No,High
ACC13961,26,12,48.6,67.2,6.63,3,8.5,7,0.76,31.5,7,Tuesday,Cloudy,Dry,Urban Road,T-Junction,Street Lights,Uncontrolled,Suburban,Car,Yes,No,Medium
ACC13962,18,0,44.1,75.9,5.38,4,8.6,5,1.74,29.3,23,Friday,Clear,Dry,Highway,Crossroad,Daylight,Signal,Suburban,Bus,No,No,High
ACC13963,29,16,71.7,59.2,7.64,4,4.9,9,0.62,18.9,16,Tuesday,Clear,Dry,Residential,T-Junction,Daylight,Stop Sign,Suburban,Car,No,No,Low
ACC13964,26,16,42.6,57.7,11.1,2,6.9,4,0.48,30.2,23,Saturday,Cloudy,Dry,Urban Road,Roundabout,Street Lights,Signal,Urban,Motorcycle,No,No,Medium
ACC13965,32,16,59.1,26.4,9.2,1,9.5,8,0.53,25.6,11,Sunday,,Dry,Rural Road,T-Junction,Daylight,Signal,Urban,Car,No,No,Low
ACC13966,45,38,20.0,41.6,10.24,3,9.9,9,25.95,20.6,22,Saturday,Rain,Wet,Rural Road,Straight Road,Daylight,Stop Sign,Rural,Car,No,No,Medium
ACC13967,44,19,85.6,74.1,5.05,4,7.9,7,0.37,27.4,17,Tuesday,Clear,Dry,Residential,Straight Road,Street Lights,Stop Sign,Rural,Car,No,No,High
ACC13968,22,4,61.7,57.0,6.55,3,10.3,4,0.1,25.2,3,Friday,Clear,Wet,Residential,T-Junction,Daylight,Signal,Urban,Car,No,No,Medium
ACC13969,32,25,49.9,87.5,8.73,3,9.6,8,7.7,33.6,1,Tuesday,Cloudy,Dry,Rural Road,T-Junction,Daylight,Uncontrolled,Suburban,Motorcycle,No,No,Medium
ACC13970,36,19,64.5,79.0,2.42,1,9.4,7,1.74,32.9,1,Sunday,Clear,Dry,Highway,Intersection,Daylight,Signal,Rural,Motorcycle,No,No,High
ACC13971,18,12,69.7,9.8,6.39,4,7.6,4,31.02,17.3,2,Friday,Storm,Dry,Urban Road,T-Junction,Daylight,Stop Sign,Suburban,Car,No,No,High
ACC13972,34,19,26.5,68.6,5.87,5,10.2,5,2.03,38.2,9,Saturday,Cloudy,,Highway,Straight Road,Daylight,Signal,Suburban,Car,No,No,Medium
ACC13973,32,21,43.0,57.4,11.3,2,11.1,5,0.48,19.1,22,Saturday,,Dry,Rural Road,Roundabout,,Signal,Urban,Motorcycle,No,No,Low
ACC13974,32,13,51.0,12.2,10.16,2,11.3,4,13.67,21.7,8,Saturday,Rain,Dry,Residential,Straight Road,Daylight,Signal,Suburban,Bus,No,No,Low
ACC13975,39,24,33.2,8.1,9.2,4,9.6,5,0.58,29.2,17,Monday,Clear,Dry,Rural Road,Intersection,Daylight,Stop Sign,Suburban,Truck,No,No,Low
ACC13976,23,2,49.9,40.5,7.89,3,8.7,2,1.76,32.9,22,Friday,Fog,Dry,Urban Road,T-Junction,,Signal,Suburban,Car,No,No,Medium
ACC13977,40,30,50.1,48.0,9.38,3,10.8,4,2.85,19.1,19,Saturday,Clear,Dry,Highway,Roundabout,Street Lights,Signal,Suburban,SUV,Yes,No,Medium
ACC13978,37,19,43.7,76.0,7.35,2,8.0,7,0.68,9.9,23,Thursday,Cloudy,Wet,Urban Road,Straight Road,Street Lights,Signal,Urban,SUV,No,No,Medium
ACC13979,51,32,47.5,31.4,10.36,5,8.2,4,1.94,22.9,6,Sunday,Clear,Wet,Urban Road,Roundabout,Daylight,Stop Sign,Rural,Car,Yes,Yes,Medium
ACC13980,35,20,52.8,98.1,5.74,5,7.1,6,0.4,29.7,19,Thursday,Clear,Dry,Urban Road,Crossroad,Daylight,Signal,Suburban,Truck,No,No,High
ACC13981,51,29,26.9,73.6,5.34,3,8.8,6,8.49,22.4,21,Tuesday,Rain,Wet,Urban Road,Straight Road,Street Lights,Stop Sign,Suburban,Motorcycle,Yes,No,High
ACC13982,52,44,72.1,54.0,7.82,3,6.9,2,25.65,23.0,13,Thursday,Rain,Wet,Rural Road,Crossroad,Street Lights,Signal,Rural,SUV,No,No,High
ACC13983,39,19,65.6,66.7,8.64,6,4.7,7,0.88,29.4,18,Friday,Clear,Wet,Urban Road,Roundabout,Daylight,Uncontrolled,Rural,Motorcycle,No,No,High
ACC13984,34,26,50.2,100.0,10.97,3,10.8,1,1.84,20.0,0,Monday,Clear,Dry,Urban Road,T-Junction,Daylight,Traffic Police,Rural,SUV,No,No,Medium
ACC13985,27,19,57.9,52.2,5.95,2,13.7,8,14.63,27.8,1,Friday,Rain,Dry,Residential,T-Junction,Daylight,Stop Sign,Suburban,Car,No,No,Medium
ACC13986,38,29,56.9,,7.89,2,6.4,11,2.41,23.2,7,Wednesday,Fog,Wet,Highway,T-Junction,Street Lights,Uncontrolled,Urban,Car,No,No,High
ACC13987,55,37,91.7,69.8,8.31,2,9.7,11,0.16,37.7,2,Tuesday,Clear,Dry,Urban Road,Crossroad,Daylight,Uncontrolled,Urban,Bus,Yes,No,High
ACC13988,38,20,45.2,29.6,6.33,2,7.4,7,1.47,23.8,21,Saturday,Cloudy,,Urban Road,T-Junction,Street Lights,Traffic Police,Urban,Bus,No,No,Medium
ACC13989,39,25,63.0,56.7,9.42,4,11.6,7,0.44,33.4,10,Monday,Clear,Wet,Urban Road,Intersection,Street Lights,Signal,Urban,Truck,Yes,No,Medium
ACC13990,52,41,20.0,41.7,5.47,2,3.0,6,0.58,12.0,9,Tuesday,Fog,Dry,Urban Road,Straight Road,Poor,Uncontrolled,Suburban,SUV,No,No,Medium
ACC13991,55,38,63.1,78.0,7.69,3,12.2,5,0.72,30.8,8,Wednesday,Clear,Dry,Urban Road,Straight Road,Street Lights,Traffic Police,Urban,Truck,No,No,Low
ACC13992,35,27,49.8,56.1,8.98,1,5.2,8,0.03,34.6,9,Thursday,Clear,Dry,Highway,Roundabout,Daylight,Signal,Rural,Truck,No,No,Medium
ACC13993,40,22,63.5,77.4,8.99,4,7.3,7,10.17,34.1,11,Wednesday,Rain,Dry,Urban Road,Crossroad,Street Lights,Signal,Suburban,Motorcycle,No,No,High
ACC13994,26,21,61.2,51.6,8.57,3,10.8,7,0.58,25.9,23,Thursday,Clear,Dry,Highway,Straight Road,Street Lights,Traffic Police,Urban,Motorcycle,No,No,Medium
ACC13995,38,30,57.3,22.5,5.04,4,9.7,8,4.4,21.7,22,Tuesday,Cloudy,Dry,Residential,Crossroad,,Stop Sign,Urban,Motorcycle,No,No,Low
ACC13996,41,22,60.8,95.1,10.66,2,7.9,6,1.1,23.1,23,Tuesday,Clear,,Highway,Roundabout,Street Lights,Signal,Urban,Truck,Yes,No,High
ACC13997,35,13,72.1,36.2,7.89,2,7.4,5,0.23,27.5,0,Saturday,Clear,Dry,Residential,T-Junction,Poor,Uncontrolled,Rural,Motorcycle,No,No,High
ACC13998,28,21,53.7,59.4,4.17,4,7.6,3,0.68,26.9,2,Saturday,Clear,Icy,Highway,Roundabout,Daylight,Signal,Urban,Car,No,No,High
ACC13999,26,8,51.9,64.8,5.11,1,8.4,3,1.77,29.6,2,Tuesday,Cloudy,Dry,Highway,Intersection,Daylight,Signal,Suburban,Car,No,No,Low
ACC14000,45,39,75.7,78.1,4.51,2,4.4,7,1.1,25.9,22,Saturday,Clear,Damaged,Rural Road,T-Junction,Street Lights,Stop Sign,Suburban,SUV,No,No,High
ACC14001,40,17,60.6,93.2,5.25,3,9.0,4,3.4,19.7,21,Friday,,Damaged,Urban Road,T-Junction,Daylight,Stop Sign,Suburban,Car,Yes,No,High
ACC14002,36,23,44.4,49.8,7.42,5,11.2,4,11.43,29.5,22,Monday,Rain,Dry,Urban Road,T-Junction,Daylight,Uncontrolled,Urban,Car,No,No,Medium
ACC14003,20,0,65.9,35.2,2.08,3,7.8,5,9.14,32.1,3,Friday,Rain,Wet,Rural Road,Roundabout,Daylight,Stop Sign,Urban,Motorcycle,Yes,No,High
ACC14004,35,27,53.6,5.0,10.04,1,4.8,6,0.32,30.1,17,Sunday,Clear,Dry,Highway,Intersection,Street Lights,Uncontrolled,Urban,Car,No,Yes,Medium
ACC14005,31,9,33.5,53.3,11.14,3,9.3,2,0.13,36.1,17,Sunday,Clear,Wet,Rural Road,Crossroad,Daylight,Signal,Urban,Motorcycle,No,No,Low
ACC14006,20,6,66.0,5.0,10.67,2,5.9,10,0.6,30.9,7,Wednesday,Clear,Dry,Residential,Roundabout,Street Lights,Stop Sign,Suburban,Car,No,No,Low
ACC14007,46,37,50.7,32.0,4.8,6,8.9,8,0.3,22.3,21,Sunday,Clear,Dry,Highway,Straight Road,Daylight,Signal,Urban,Car,No,No,Medium
ACC14008,43,27,24.6,54.9,9.53,3,6.9,6,0.12,31.1,15,Monday,Clear,Dry,Highway,Straight Road,Daylight,Signal,Urban,Bus,Yes,No,Medium
ACC14009,37,26,34.5,92.2,10.6,1,8.4,4,22.5,16.5,18,Tuesday,Rain,Dry,Highway,Roundabout,Daylight,Uncontrolled,Urban,Bus,Yes,No,High
ACC14010,18,7,69.2,52.5,12.0,2,8.5,4,0.72,18.6,20,Tuesday,Clear,Dry,Residential,Crossroad,Daylight,Signal,Suburban,Car,No,No,Low
ACC14011,45,38,62.2,75.6,4.72,6,7.5,11,0.42,20.8,19,Tuesday,Clear,Dry,Rural Road,Straight Road,Street Lights,Uncontrolled,Urban,Truck,Yes,No,High
ACC14012,37,28,54.9,58.0,9.8,2,9.9,7,0.38,20.1,7,Thursday,Clear,Dry,Residential,Crossroad,Poor,Signal,Urban,Truck,Yes,No,Medium
ACC14013,37,16,66.1,56.5,7.18,3,6.8,8,9.73,20.7,21,Wednesday,Rain,Dry,Urban Road,T-Junction,Street Lights,Signal,Suburban,Truck,Yes,No,High
ACC14014,37,22,68.5,80.7,9.18,4,6.7,6,1.11,33.3,8,Friday,Clear,Dry,Rural Road,Roundabout,Daylight,Signal,Urban,Motorcycle,No,Yes,High
ACC14015,27,15,71.9,63.7,6.68,4,6.7,6,5.79,16.6,5,Saturday,Cloudy,Dry,Urban Road,T-Junction,Daylight,Uncontrolled,Urban,Car,No,No,High
ACC14016,35,11,71.7,46.3,8.89,4,5.4,6,0.11,33.0,18,Wednesday,Clear,Dry,Urban Road,Straight Road,Daylight,Signal,Urban,Truck,No,No,High
ACC14017,47,26,47.1,86.7,12.0,3,4.8,5,1.0,24.9,13,Sunday,Fog,Dry,Residential,Crossroad,Daylight,Uncontrolled,Rural,Car,Yes,No,High
ACC14018,18,7,20.0,43.6,,6,7.7,7,6.77,28.0,10,Thursday,Fog,Wet,Urban Road,T-Junction,Daylight,Uncontrolled,Urban,Car,Yes,No,High
ACC14019,46,39,47.9,31.9,4.75,3,9.3,4,0.07,37.4,13,Thursday,Clear,Dry,Residential,Straight Road,Street Lights,Signal,Urban,Motorcycle,No,No,Medium
ACC14020,39,30,101.5,28.6,6.34,3,7.0,5,0.09,26.7,9,Wednesday,Clear,Wet,Urban Road,Intersection,Daylight,Stop Sign,Rural,Bus,No,No,High
ACC14021,42,23,71.6,47.6,9.44,3,12.0,6,0.08,18.1,20,Thursday,Clear,Dry,Rural Road,T-Junction,Daylight,Signal,Urban,Motorcycle,No,No,Medium
ACC14022,33,17,50.4,58.9,9.35,5,8.4,4,1.25,28.5,14,Saturday,Clear,Damaged,Urban Road,Intersection,Poor,Traffic Police,Suburban,Car,Yes,No,Medium
ACC14023,33,8,49.9,64.6,3.27,3,8.2,9,6.6,25.5,3,Monday,Rain,Dry,Highway,Intersection,Daylight,Signal,Urban,Bus,No,No,High
ACC14024,21,16,80.4,51.8,7.47,1,9.0,4,1.68,29.6,23,Tuesday,Rain,Dry,Urban Road,Straight Road,Poor,Signal,Urban,SUV,Yes,No,High
ACC14025,31,8,37.2,49.0,9.41,4,10.2,6,32.93,22.3,9,Friday,Rain,Dry,Highway,Roundabout,Poor,Signal,Suburban,Motorcycle,No,No,High
ACC14026,39,34,69.7,64.3,8.74,2,7.5,3,36.92,24.8,1,Thursday,Rain,Dry,Urban Road,Crossroad,Daylight,Uncontrolled,Rural,Car,Yes,No,High
ACC14027,51,38,32.2,82.0,8.68,2,10.2,12,0.69,19.0,18,Friday,Clear,Dry,Rural Road,Straight Road,Daylight,Uncontrolled,Urban,Truck,No,Yes,High
ACC14028,38,15,78.2,5.0,11.39,2,7.4,9,0.67,18.7,1,Tuesday,Clear,Dry,Urban Road,T-Junction,Street Lights,Traffic Police,Suburban,Car,No,No,Low
ACC14029,20,2,56.6,10.5,7.43,3,11.6,7,11.79,24.2,0,Saturday,Rain,Icy,Urban Road,Crossroad,Daylight,Uncontrolled,Suburban,Truck,No,No,Medium
ACC14030,35,18,75.3,79.9,8.96,1,13.4,9,0.61,34.7,7,Wednesday,Clear,Dry,Urban Road,Roundabout,Daylight,Signal,Urban,Bus,Yes,No,High
ACC14031,29,18,49.9,47.5,5.5,2,8.7,5,28.25,28.0,20,Sunday,Rain,Dry,Highway,Straight Road,Street Lights,Stop Sign,Suburban,Car,Yes,No,Medium
ACC14032,34,10,93.8,,11.7,3,6.4,5,0.23,33.4,18,Saturday,Clear,Wet,Rural Road,Roundabout,Daylight,Uncontrolled,Urban,Car,No,No,High
ACC14033,36,28,62.7,24.5,4.96,6,8.8,10,1.76,24.0,12,Tuesday,Clear,Dry,Residential,T-Junction,Daylight,Traffic Police,Urban,Car,No,No,High
ACC14034,57,47,68.3,56.4,6.58,1,10.4,4,41.71,23.5,3,Friday,Storm,Wet,Urban Road,Straight Road,Street Lights,Signal,Urban,Truck,No,No,High
ACC14035,39,25,78.4,25.9,8.06,3,11.4,8,0.14,29.8,3,Monday,Clear,Dry,Highway,T-Junction,Street Lights,Signal,Rural,Car,No,No,Low
ACC14036,39,31,89.4,65.7,6.92,1,10.3,5,30.59,33.1,7,Wednesday,Storm,Wet,Rural Road,Crossroad,Daylight,Uncontrolled,Urban,Motorcycle,No,No,High
ACC14037,40,27,53.5,49.0,9.19,3,8.9,8,20.51,28.3,2,Thursday,Storm,Dry,Urban Road,Crossroad,Daylight,Signal,Suburban,Car,No,No,Medium
ACC14038,28,22,60.7,20.9,4.41,5,9.5,6,63.81,27.3,11,Monday,Rain,Wet,Highway,Roundabout,Daylight,Stop Sign,Urban,Car,No,No,High
ACC14039,52,29,64.9,71.0,3.49,5,10.9,8,29.63,24.9,12,Tuesday,Rain,Wet,Highway,Roundabout,Daylight,Traffic Police,Urban,Motorcycle,No,Yes,High
ACC14040,39,28,80.3,70.0,5.68,8,8.1,3,1.09,34.1,10,Friday,Cloudy,Dry,Urban Road,Crossroad,Street Lights,Uncontrolled,Suburban,Motorcycle,Yes,No,High
ACC14041,32,14,74.2,50.0,10.85,2,8.8,4,3.5,19.2,18,Friday,Fog,Dry,Urban Road,Intersection,Street Lights,Signal,Suburban,Truck,No,No,High
ACC14042,42,20,25.7,44.2,3.21,3,9.6,4,0.36,40.8,1,Friday,Clear,Dry,Urban Road,Crossroad,Street Lights,Signal,Urban,Car,Yes,No,Medium
ACC14043,50,29,33.0,79.6,9.22,5,9.2,6,5.78,21.4,17,Tuesday,Cloudy,Icy,Highway,Straight Road,Daylight,Signal,Urban,Car,Yes,No,Medium
ACC14044,39,17,71.1,65.5,10.4,4,11.9,8,0.48,37.7,19,Wednesday,Cloudy,Dry,Urban Road,T-Junction,Daylight,Traffic Police,Rural,Bus,No,No,High
ACC14045,35,16,88.5,56.5,8.41,1,9.1,7,1.1,37.2,10,Thursday,Clear,Dry,Urban Road,Crossroad,Daylight,Traffic Police,Urban,Truck,No,No,Medium
ACC14046,36,27,49.3,28.0,5.61,6,6.6,1,0.14,23.3,16,Monday,Clear,Dry,Urban Road,Crossroad,Daylight,Uncontrolled,Suburban,Bus,No,No,Low
ACC14047,43,31,68.5,100.0,6.14,3,8.5,6,0.22,26.5,5,Tuesday,Clear,Dry,Urban Road,T-Junction,Daylight,Stop Sign,Suburban,Car,No,No,High
ACC14048,40,25,49.4,55.9,10.65,3,14.7,10,5.63,25.8,22,Friday,Cloudy,Dry,Urban Road,T-Junction,Daylight,Signal,Suburban,Car,No,No,Low
ACC14049,38,26,60.6,97.7,7.83,4,4.3,6,1.7,35.3,19,Thursday,Fog,Damaged,Residential,Straight Road,Daylight,Uncontrolled,Rural,Motorcycle,No,No,High
ACC14050,33,9,44.3,43.7,8.32,2,10.2,8,1.31,20.0,8,Friday,Clear,Dry,Urban Road,T-Junction,Street Lights,Signal,Suburban,SUV,No,No,Low
ACC14051,38,17,48.3,47.9,7.72,3,7.1,9,2.7,25.8,2,Tuesday,Fog,Wet,Rural Road,Roundabout,Street Lights,Stop Sign,Urban,SUV,No,No,High
ACC14052,20,0,55.4,44.8,8.41,1,10.1,5,11.92,25.1,0,Friday,Rain,Dry,Highway,Crossroad,Street Lights,Stop Sign,Urban,Bus,No,No,Medium
ACC14053,49,37,62.6,61.7,8.32,1,12.3,5,5.53,33.6,14,Tuesday,Rain,Dry,Rural Road,T-Junction,Daylight,Stop Sign,Urban,Car,No,No,Medium
ACC14054,36,16,85.2,57.1,10.34,3,7.3,7,4.3,23.8,23,Sunday,Cloudy,Dry,Highway,Straight Road,Poor,Traffic Police,Urban,Bus,No,No,High
ACC14055,23,6,43.3,73.8,,3,6.2,6,7.09,33.1,13,Friday,Rain,,Urban Road,T-Junction,Poor,Signal,Rural,SUV,Yes,No,High
ACC14056,32,19,84.5,52.2,5.57,2,8.9,9,0.16,24.6,7,Tuesday,Clear,Damaged,Rural Road,Crossroad,Daylight,Uncontrolled,Urban,Car,No,No,High
ACC14057,44,33,70.8,66.4,7.97,2,12.2,6,4.77,30.3,13,Friday,Rain,Damaged,Highway,Intersection,Street Lights,Signal,Suburban,Motorcycle,No,No,Medium
ACC14058,52,31,46.4,70.3,7.72,2,8.4,8,0.58,32.9,11,Thursday,Clear,Dry,Rural Road,T-Junction,,Uncontrolled,Suburban,Motorcycle,Yes,No,Low
ACC14059,41,24,45.7,22.8,8.03,6,15.3,7,13.31,23.6,23,Thursday,Fog,Dry,Highway,Roundabout,Daylight,Uncontrolled,Rural,Car,Yes,No,Low
ACC14060,42,36,36.2,31.1,12.0,3,11.2,4,20.5,22.8,8,Friday,Storm,Dry,Residential,Crossroad,Daylight,Signal,Suburban,Motorcycle,No,No,Low
ACC14061,31,26,43.3,27.8,6.3,4,5.1,9,0.75,30.7,3,Friday,Clear,Damaged,Rural Road,Straight Road,Daylight,Signal,Suburban,SUV,No,No,Low
ACC14062,56,34,30.8,73.8,10.06,5,9.4,6,0.71,33.4,8,Tuesday,Clear,Damaged,Residential,Crossroad,,Signal,Urban,SUV,No,No,Medium
ACC14063,33,26,58.1,84.8,7.11,4,11.9,5,30.24,24.8,22,Tuesday,Rain,Wet,Highway,Intersection,Daylight,Signal,Suburban,SUV,Yes,No,High
ACC14064,36,21,50.2,46.1,9.68,4,6.1,5,1.4,27.9,10,Tuesday,Clear,Dry,Highway,Straight Road,Poor,Uncontrolled,Urban,Motorcycle,No,No,Medium
ACC14065,36,19,45.0,71.2,8.35,1,9.9,3,2.54,25.4,4,Wednesday,Fog,Dry,Rural Road,Intersection,Street Lights,Signal,Rural,Motorcycle,No,No,Medium
ACC14066,53,30,79.8,46.4,9.13,3,8.2,7,1.15,28.7,13,Friday,Clear,Dry,Residential,Intersection,Daylight,Stop Sign,Urban,Truck,No,No,High
ACC14067,39,24,60.7,73.6,9.5,4,7.7,9,0.25,31.2,1,Saturday,Clear,Dry,Residential,Roundabout,Street Lights,Signal,Urban,Motorcycle,No,Yes,High
ACC14068,44,35,63.4,100.0,6.35,1,5.6,7,12.52,26.0,16,Friday,Storm,Dry,Urban Road,T-Junction,Street Lights,Stop Sign,Urban,Car,No,Yes,High
ACC14069,29,19,76.5,95.3,2.04,2,10.6,9,9.36,26.4,19,Friday,Rain,Dry,Rural Road,Roundabout,Daylight,Uncontrolled,Suburban,Truck,No,No,High
ACC14070,40,34,37.1,90.3,10.25,1,9.0,4,23.35,25.2,7,Friday,Rain,Dry,Urban Road,Roundabout,Daylight,Signal,Suburban,Car,No,No,Low
ACC14071,30,21,54.6,100.0,1.97,1,9.1,6,0.22,29.8,11,Tuesday,Clear,Damaged,Highway,Roundabout,Poor,Stop Sign,Urban,Car,Yes,No,High
ACC14072,29,8,77.4,70.4,6.33,2,7.7,7,23.63,24.9,14,Sunday,Rain,Wet,Urban Road,Straight Road,Street Lights,Uncontrolled,Urban,Car,No,No,High
ACC14073,42,22,32.0,84.9,5.45,6,8.8,6,1.94,36.9,21,Sunday,Cloudy,Dry,Urban Road,T-Junction,Daylight,Signal,Urban,SUV,No,No,High
ACC14074,32,25,63.7,45.7,10.19,2,6.2,8,2.61,28.6,21,Sunday,Cloudy,Dry,Residential,T-Junction,Daylight,Uncontrolled,Urban,Car,Yes,No,Medium
ACC14075,28,13,84.6,75.4,12.0,2,9.6,4,32.45,23.0,13,Sunday,Rain,Dry,Urban Road,Straight Road,Daylight,Signal,Urban,Motorcycle,No,No,High
ACC14076,49,38,25.1,35.4,8.19,5,8.7,10,1.75,22.2,21,Tuesday,Cloudy,Wet,Highway,Roundabout,,Signal,Urban,SUV,No,No,Low
ACC14077,26,8,84.7,94.9,6.9,3,10.3,5,0.16,29.3,7,Wednesday,,Wet,Highway,Roundabout,Daylight,Stop Sign,Suburban,Motorcycle,Yes,No,High
ACC14078,56,32,72.0,36.3,6.11,5,10.6,8,1.18,36.3,17,Sunday,Clear,Wet,Urban Road,Intersection,Street Lights,Signal,Urban,Car,No,No,Medium
ACC14079,47,29,61.4,55.8,8.88,2,11.1,2,6.54,24.4,0,Tuesday,Rain,Wet,Urban Road,Intersection,Daylight,Uncontrolled,Rural,Motorcycle,Yes,No,Medium
ACC14080,54,34,78.7,48.6,4.48,4,11.1,7,0.37,27.9,12,Saturday,Clear,Dry,Highway,Crossroad,Daylight,Signal,Urban,Car,No,No,Medium
ACC14081,27,14,64.7,59.9,3.68,3,8.2,7,14.29,35.1,7,Friday,Rain,Dry,Urban Road,Intersection,Daylight,Signal,Suburban,Car,No,No,High
ACC14082,43,37,40.4,70.0,5.84,4,7.3,9,0.01,25.9,15,Friday,Clear,Dry,Rural Road,T-Junction,Daylight,Stop Sign,Suburban,SUV,No,No,High
ACC14083,37,24,50.4,18.3,6.84,4,10.5,6,0.51,28.1,4,Sunday,Cloudy,Dry,Residential,Straight Road,Poor,Stop Sign,Urban,Car,Yes,No,Medium
ACC14084,45,30,56.5,57.9,2.57,6,7.8,6,17.03,22.4,15,Monday,Rain,Wet,Urban Road,Roundabout,Daylight,Uncontrolled,Urban,Truck,No,No,High
ACC14085,29,14,69.0,89.7,12.0,1,11.0,7,1.53,18.0,19,Tuesday,Clear,Dry,Urban Road,Crossroad,Street Lights,Signal,Urban,Motorcycle,No,No,Medium
ACC14086,47,37,45.1,57.2,6.34,4,5.8,5,1.01,24.1,22,Monday,Clear,Dry,Highway,Intersection,Daylight,Uncontrolled,Urban,Car,No,No,Medium
ACC14087,42,28,61.1,76.4,,2,6.8,5,0.53,36.8,10,Friday,Clear,Dry,Rural Road,Crossroad,Daylight,Traffic Police,Urban,Motorcycle,Yes,No,High
ACC14088,33,14,58.8,12.3,9.81,2,9.4,5,5.62,23.6,15,Tuesday,Cloudy,Icy,Urban Road,Straight Road,Street Lights,Stop Sign,Urban,Car,No,Yes,Medium
ACC14089,18,7,60.9,35.2,4.44,2,12.7,6,47.63,23.9,16,Sunday,Rain,Dry,Urban Road,Straight Road,Daylight,Uncontrolled,Urban,Car,No,No,High
ACC14090,46,28,71.2,97.9,6.97,4,7.3,5,0.36,33.4,14,Friday,Clear,Wet,Highway,Crossroad,Street Lights,Stop Sign,Urban,Motorcycle,Yes,No,High
ACC14091,34,26,50.0,39.6,8.54,4,10.2,6,4.88,26.1,0,Monday,Rain,Dry,Residential,Crossroad,Daylight,Signal,Urban,Car,Yes,No,Low
ACC14092,26,15,41.1,46.4,5.57,2,8.6,1,0.72,26.5,5,Sunday,Clear,Dry,Highway,Crossroad,Street Lights,Signal,Urban,Truck,No,No,Low
ACC14093,30,7,54.9,52.1,7.65,3,8.6,7,0.55,23.5,9,Monday,Cloudy,Dry,Highway,Roundabout,Street Lights,Signal,Urban,Car,No,No,Low
ACC14094,42,24,29.8,49.0,9.23,3,8.5,5,7.14,30.2,10,Thursday,Fog,Wet,Residential,T-Junction,Street Lights,Traffic Police,Suburban,Motorcycle,No,No,Low
ACC14095,33,26,67.4,5.0,6.73,3,10.8,3,0.49,36.6,10,Sunday,Clear,Dry,Rural Road,Intersection,Street Lights,Signal,Suburban,Truck,Yes,No,Low
ACC14096,37,27,66.8,76.0,12.0,1,8.0,7,2.28,11.0,9,Thursday,Cloudy,Damaged,Rural Road,Intersection,Street Lights,Stop Sign,Rural,Motorcycle,No,No,Medium
ACC14097,38,13,61.6,68.1,7.46,2,8.8,5,0.33,32.8,1,Tuesday,Clear,,Highway,Intersection,Poor,Signal,Urban,SUV,No,No,High
ACC14098,24,14,34.7,78.8,7.94,5,11.2,8,0.93,29.2,23,Tuesday,Clear,Dry,Residential,Crossroad,Daylight,Uncontrolled,Urban,Truck,No,No,Low
ACC14099,41,24,40.8,64.7,7.55,3,10.2,4,0.51,21.8,6,Sunday,Clear,Damaged,Rural Road,Crossroad,Street Lights,Signal,Urban,SUV,Yes,No,Medium
ACC14100,42,26,87.4,42.9,7.96,7,10.4,8,0.23,42.2,15,Tuesday,Clear,Dry,Residential,Crossroad,Daylight,Uncontrolled,Urban,Car,No,No,Medium
ACC14101,58,45,53.4,67.5,6.64,4,9.4,5,6.1,28.1,3,Tuesday,Cloudy,Dry,Rural Road,Roundabout,Daylight,Signal,Suburban,SUV,Yes,No,Medium
ACC14102,42,36,71.3,43.0,11.02,5,7.1,12,0.26,27.4,5,Tuesday,Clear,Wet,Rural Road,Roundabout,Daylight,Uncontrolled,Urban,Truck,No,No,Medium
ACC14103,39,28,105.2,68.2,11.39,3,7.4,4,2.24,29.7,2,Tuesday,Cloudy,Dry,Urban Road,Roundabout,Street Lights,Uncontrolled,Suburban,Truck,Yes,No,High
ACC14104,18,0,52.6,85.3,9.46,3,12.1,4,0.15,26.3,21,Saturday,Clear,Wet,Urban Road,Roundabout,Daylight,Uncontrolled,Suburban,SUV,No,No,High
ACC14105,42,37,67.0,81.7,8.05,3,8.1,6,0.07,26.2,7,Tuesday,Clear,Dry,Rural Road,Straight Road,Street Lights,Signal,Rural,Motorcycle,No,No,Low
ACC14106,55,36,56.6,51.9,6.81,4,5.9,6,39.69,34.4,19,Monday,Rain,Dry,Urban Road,Roundabout,Daylight,Signal,Urban,SUV,No,No,High
ACC14107,29,6,69.8,26.5,6.85,4,9.7,2,18.18,17.6,8,Monday,Storm,Dry,Highway,Roundabout,Daylight,Uncontrolled,Urban,Motorcycle,No,No,High
ACC14108,19,0,67.3,65.4,12.0,7,9.3,7,1.43,30.7,20,Monday,Clear,Wet,Urban Road,Roundabout,Poor,Signal,Urban,Motorcycle,No,No,High
ACC14109,27,16,67.4,59.9,7.1,4,5.3,6,1.69,34.3,9,Saturday,Fog,Dry,Rural Road,Intersection,Daylight,Signal,Urban,Motorcycle,No,Yes,High
ACC14110,43,28,84.9,42.3,3.26,4,5.9,4,4.19,27.1,19,Friday,Cloudy,Wet,Urban Road,Intersection,Daylight,Stop Sign,Rural,Car,No,No,Medium
ACC14111,31,9,44.9,84.3,11.91,3,7.4,7,3.91,35.2,10,Sunday,Cloudy,Damaged,Rural Road,Intersection,Daylight,Signal,Urban,Motorcycle,No,No,High
ACC14112,27,2,61.5,62.9,4.25,1,5.9,4,4.88,25.7,2,Sunday,Cloudy,Dry,Highway,T-Junction,Street Lights,Signal,Suburban,SUV,No,No,High
ACC14113,38,31,57.1,75.6,5.28,5,6.9,3,0.3,25.5,2,Wednesday,Clear,Dry,Urban Road,Straight Road,Daylight,Stop Sign,Urban,Bus,No,No,High
ACC14114,37,30,39.3,5.0,7.77,2,5.9,6,0.37,25.6,3,Friday,Clear,Dry,Highway,Crossroad,Daylight,Signal,Urban,Truck,No,Yes,Low
ACC14115,50,26,61.1,5.0,7.92,6,13.6,7,0.72,21.7,21,Tuesday,Cloudy,Dry,Urban Road,Roundabout,Street Lights,Signal,Urban,Truck,No,No,Low
ACC14116,30,8,78.7,73.5,7.85,3,11.6,3,0.12,39.0,11,Wednesday,Clear,Dry,Urban Road,Intersection,Daylight,Stop Sign,Urban,Car,No,No,High
ACC14117,36,27,31.9,74.0,8.41,2,8.1,6,1.77,27.3,13,Monday,Fog,Wet,Highway,Straight Road,Street Lights,Signal,Suburban,Car,No,No,Medium
ACC14118,18,0,76.3,36.1,6.3,8,7.9,3,0.86,29.7,15,Monday,Clear,Icy,Urban Road,Roundabout,,Uncontrolled,Rural,Car,No,No,High
ACC14119,29,20,65.5,85.5,3.95,3,9.5,11,0.19,29.2,13,Thursday,Clear,Damaged,Residential,T-Junction,Daylight,Signal,Suburban,Car,No,No,High
ACC14120,38,31,74.6,86.5,7.08,7,8.3,5,13.51,19.4,3,Tuesday,Rain,Damaged,Urban Road,Crossroad,Street Lights,Stop Sign,Urban,Truck,Yes,No,High
ACC14121,32,13,58.6,55.7,5.03,2,9.9,7,0.17,22.7,14,Tuesday,Clear,Damaged,Rural Road,Roundabout,Street Lights,Signal,Urban,Bus,No,No,High
ACC14122,18,2,112.0,79.3,9.97,2,7.7,7,1.97,17.8,8,Thursday,Cloudy,Dry,Highway,Crossroad,Street Lights,Signal,Rural,Car,No,No,High
ACC14123,42,32,65.7,76.1,6.58,3,9.6,4,9.57,24.8,6,Friday,Rain,Wet,Highway,Roundabout,Street Lights,Signal,Urban,Car,No,No,High
ACC14124,41,17,62.0,85.9,7.44,2,8.3,7,4.85,20.1,20,Thursday,Fog,Damaged,Highway,T-Junction,Daylight,Signal,Rural,Car,No,No,High
ACC14125,25,12,59.7,62.4,11.44,2,5.8,7,4.34,34.8,1,Saturday,Rain,Dry,Rural Road,Straight Road,Daylight,Uncontrolled,Urban,Car,No,No,Medium
ACC14126,43,30,44.3,69.3,8.54,6,10.0,8,5.49,19.4,15,Tuesday,Rain,Damaged,Rural Road,Crossroad,Daylight,Signal,Urban,Motorcycle,No,No,High
ACC14127,21,3,53.1,71.6,5.95,4,8.9,4,13.46,34.8,10,Saturday,Rain,Dry,Rural Road,Crossroad,Poor,Uncontrolled,Urban,Car,No,No,High
ACC14128,27,17,50.2,40.2,7.22,1,8.8,5,2.38,25.8,10,Saturday,Fog,Wet,Urban Road,Straight Road,Poor,Traffic Police,Rural,Car,Yes,No,High
ACC14129,50,33,68.9,26.7,8.04,2,9.1,5,0.16,20.9,11,Saturday,Clear,Wet,Rural Road,Crossroad,Poor,Stop Sign,Urban,SUV,No,No,Medium
ACC14130,49,37,75.6,39.9,9.55,2,5.8,11,0.18,22.4,22,Monday,Clear,Damaged,Urban Road,Intersection,Daylight,Signal,Urban,Car,No,No,Medium
ACC14131,43,24,78.0,77.4,,1,11.9,6,0.05,25.3,6,Thursday,Clear,Dry,Urban Road,Straight Road,Daylight,Signal,Urban,Bus,No,No,Medium
ACC14132,28,18,51.4,44.8,5.78,2,11.9,7,0.29,31.4,17,Wednesday,Clear,Wet,Highway,T-Junction,Street Lights,Traffic Police,Suburban,Truck,No,No,Medium
ACC14133,40,31,33.8,19.1,10.88,2,7.2,6,12.6,30.0,11,Monday,Rain,Dry,Highway,Roundabout,Street Lights,Uncontrolled,Urban,Car,No,No,Low
ACC14134,41,31,71.7,5.0,5.05,4,9.7,7,5.84,23.4,6,Friday,,Dry,Highway,Roundabout,Street Lights,Uncontrolled,Suburban,Bus,No,Yes,Medium
ACC14135,18,0,43.0,57.9,9.43,4,9.4,4,1.48,35.6,6,Monday,Cloudy,Wet,Rural Road,Straight Road,Street Lights,Signal,Rural,Motorcycle,Yes,Yes,High
ACC14136,23,1,79.6,82.7,8.73,2,6.8,4,1.54,21.0,17,Friday,Clear,Dry,Urban Road,Intersection,Daylight,Uncontrolled,Rural,Car,No,No,High
ACC14137,47,25,67.8,40.3,7.78,4,11.4,5,37.14,37.2,20,Monday,Rain,Wet,Urban Road,T-Junction,Daylight,Uncontrolled,Urban,Car,No,No,High
ACC14138,18,0,69.0,54.5,5.57,3,12.6,6,1.82,23.5,16,Tuesday,Clear,Dry,Urban Road,Roundabout,Daylight,Signal,Suburban,Bus,Yes,No,Medium
ACC14139,36,18,46.4,40.8,1.38,2,7.2,4,1.72,31.7,23,Sunday,Rain,Dry,Rural Road,Roundabout,Daylight,Stop Sign,Urban,Motorcycle,Yes,No,High
ACC14140,34,27,52.4,48.4,4.0,3,8.6,6,1.27,29.8,8,Saturday,Cloudy,Wet,Highway,Intersection,Daylight,Signal,Suburban,Motorcycle,No,No,High
ACC14141,26,15,49.6,46.7,8.95,2,8.1,7,1.58,32.4,10,Sunday,Clear,Dry,Urban Road,Crossroad,Daylight,Signal,Rural,Car,No,No,Low
ACC14142,35,19,77.9,34.5,9.04,3,11.2,1,1.01,29.9,9,Friday,Clear,Dry,Rural Road,Straight Road,Daylight,Uncontrolled,Urban,Car,Yes,Yes,High
ACC14143,35,28,41.0,87.3,11.82,5,11.6,2,0.36,23.1,17,Friday,Clear,Damaged,Highway,Intersection,Street Lights,Signal,Rural,Bus,No,No,Medium
ACC14144,37,31,75.0,69.9,8.11,4,5.4,3,11.92,19.0,12,Thursday,Rain,Dry,Highway,Intersection,Poor,Stop Sign,Rural,Bus,No,No,High
ACC14145,33,26,74.3,29.6,8.13,2,4.4,4,1.27,29.5,16,Monday,Fog,Wet,Highway,Intersection,Street Lights,Signal,Urban,Motorcycle,Yes,No,High
ACC14146,41,34,55.4,42.4,6.25,3,8.5,4,6.31,31.0,8,Friday,Cloudy,Dry,Highway,Intersection,Daylight,Signal,Suburban,Car,No,No,Medium
ACC14147,43,36,90.2,50.2,7.05,5,9.6,7,1.15,22.1,12,Friday,Clear,Dry,Rural Road,Crossroad,Daylight,Stop Sign,Urban,SUV,No,No,High
ACC14148,26,17,67.7,59.5,8.01,1,7.7,1,0.79,21.1,5,Monday,Clear,Dry,Urban Road,T-Junction,Daylight,Traffic Police,Urban,Truck,No,No,High
ACC14149,46,31,20.4,63.3,12.0,4,8.9,9,13.35,21.3,8,Monday,Rain,Dry,Urban Road,Intersection,Poor,Signal,Urban,Bus,No,No,Medium
ACC14150,33,22,64.6,49.0,8.87,6,8.9,10,21.32,25.5,9,Wednesday,Rain,Dry,Urban Road,Intersection,Daylight,Signal,Rural,Car,No,Yes,Medium
ACC14151,18,0,40.2,53.2,,3,7.7,6,0.9,24.7,7,Thursday,Clear,Dry,Highway,Straight Road,Daylight,Stop Sign,Urban,Motorcycle,No,No,Medium
ACC14152,30,7,51.0,64.3,6.26,2,9.5,9,0.3,29.3,4,Friday,Clear,Dry,Residential,Roundabout,Street Lights,Signal,Suburban,SUV,No,No,High
ACC14153,34,11,77.4,45.8,,2,8.5,4,12.73,25.1,11,Monday,Rain,Dry,Highway,Crossroad,Daylight,Signal,Suburban,Car,Yes,No,High
ACC14154,19,5,43.9,88.5,4.71,1,8.8,7,2.15,32.3,3,Friday,Clear,Dry,Urban Road,Intersection,Poor,Signal,Suburban,Truck,No,No,High
ACC14155,34,14,75.9,81.0,7.08,4,8.4,7,0.06,26.8,8,Wednesday,Clear,Dry,Rural Road,T-Junction,Daylight,Signal,Suburban,Truck,Yes,No,High
ACC14156,31,14,58.0,53.0,8.01,6,11.5,5,0.06,26.4,15,Wednesday,Clear,Dry,Rural Road,T-Junction,Daylight,Signal,Urban,Car,No,No,Low
ACC14157,39,31,54.1,86.4,5.82,4,9.4,8,1.78,23.1,14,Friday,Cloudy,Damaged,Residential,T-Junction,Daylight,Signal,Suburban,Bus,No,No,High
ACC14158,30,12,35.7,69.0,10.81,2,7.7,7,2.02,26.3,10,Thursday,Fog,Wet,Highway,Straight Road,Poor,Signal,Urban,Car,No,No,High
ACC14159,34,12,39.0,67.3,9.95,2,9.5,6,28.46,27.7,6,Tuesday,Storm,Wet,Residential,T-Junction,Poor,Uncontrolled,Suburban,Truck,No,No,Medium
ACC14160,46,34,74.8,92.7,9.11,6,8.5,7,0.91,13.4,1,Sunday,Cloudy,Dry,Urban Road,Straight Road,Street Lights,Signal,Urban,SUV,No,Yes,High
ACC14161,38,18,48.8,78.4,10.78,3,9.8,5,0.94,27.8,13,Friday,Cloudy,Damaged,Urban Road,Crossroad,Daylight,Traffic Police,Urban,SUV,No,No,Medium
ACC14162,38,18,52.6,82.2,11.03,4,10.1,9,0.52,21.5,6,Wednesday,Clear,Wet,Urban Road,T-Junction,Daylight,Stop Sign,Rural,Bus,Yes,No,Low
ACC14163,31,13,57.1,29.2,6.73,4,10.2,5,0.94,25.0,21,Thursday,Cloudy,Wet,Rural Road,Roundabout,Poor,Signal,Urban,Motorcycle,No,No,High
ACC14164,24,1,66.4,56.4,6.79,3,11.8,6,0.37,26.4,1,Saturday,Clear,Dry,Urban Road,Intersection,Street Lights,Traffic Police,Urban,Truck,No,No,Medium
ACC14165,41,33,90.3,40.1,7.74,3,9.1,6,4.14,31.6,6,Monday,Cloudy,Damaged,Highway,Crossroad,Street Lights,Signal,Urban,Truck,No,No,High
ACC14166,24,2,69.4,24.1,6.99,2,10.3,11,0.36,17.8,5,Sunday,Clear,Wet,Highway,Roundabout,Daylight,Signal,Urban,Car,No,No,High
ACC14167,52,35,106.8,18.0,3.92,1,8.5,7,1.23,31.5,1,Saturday,Clear,Damaged,Urban Road,Crossroad,,Signal,Urban,Car,No,No,High
ACC14168,23,1,69.4,75.1,9.13,5,8.9,8,0.79,31.2,7,Thursday,Clear,Dry,Residential,T-Junction,Daylight,Uncontrolled,Suburban,Motorcycle,Yes,No,Medium
ACC14169,32,16,36.9,62.8,8.06,3,8.8,6,0.74,26.7,18,Thursday,Clear,Dry,Urban Road,Crossroad,Street Lights,Stop Sign,Rural,Car,No,No,Low
ACC14170,46,34,60.3,22.9,10.84,2,8.0,7,0.24,30.8,17,Sunday,Clear,Dry,Highway,Crossroad,Poor,Signal,Urban,SUV,No,No,Medium
ACC14171,34,11,100.9,57.2,4.51,4,8.2,5,0.22,31.1,16,Sunday,Clear,Dry,Rural Road,Crossroad,Daylight,Signal,Urban,Motorcycle,No,No,High
ACC14172,39,16,90.8,45.2,10.15,5,7.4,6,6.08,23.1,21,Friday,,Damaged,Urban Road,Straight Road,Daylight,Uncontrolled,Suburban,Car,No,No,High
ACC14173,37,27,79.7,32.9,12.0,4,10.7,4,0.61,27.0,10,Thursday,Clear,Dry,Rural Road,Roundabout,Daylight,Signal,Urban,Car,Yes,No,Low
ACC14174,19,0,28.8,75.1,5.95,5,8.2,9,1.26,26.6,23,Monday,Cloudy,Dry,Rural Road,T-Junction,Daylight,Signal,Rural,SUV,No,No,Medium
ACC14175,24,17,84.7,51.6,6.61,5,9.9,10,0.13,20.3,4,Sunday,Fog,Dry,Residential,Intersection,Poor,Stop Sign,Urban,SUV,No,No,High
ACC14176,32,25,48.8,80.4,8.48,2,8.7,8,17.66,23.1,1,Saturday,Storm,Dry,Residential,T-Junction,Daylight,Uncontrolled,Urban,Car,No,No,High
ACC14177,34,19,63.2,44.6,9.15,4,6.7,4,3.77,18.1,10,Friday,Cloudy,Dry,Urban Road,T-Junction,Street Lights,Signal,Urban,Bus,Yes,No,Medium
ACC14178,43,37,58.3,5.0,2.68,3,6.4,4,14.59,25.2,0,Wednesday,Rain,Wet,Highway,Straight Road,Street Lights,Signal,Suburban,Motorcycle,No,No,Medium
ACC14179,36,22,53.2,59.9,10.17,5,11.5,10,0.09,24.1,1,Sunday,Clear,Dry,Urban Road,Straight Road,Street Lights,Uncontrolled,Suburban,Motorcycle,Yes,No,Medium
ACC14180,33,12,57.5,65.1,3.45,2,6.7,5,1.43,32.8,7,Monday,Clear,Dry,Urban Road,Crossroad,Poor,Signal,Urban,Bus,No,No,High
ACC14181,31,8,51.7,53.9,10.04,2,6.2,2,0.03,16.9,1,Friday,Clear,Dry,Urban Road,T-Junction,Street Lights,Stop Sign,Urban,Car,No,No,Low
ACC14182,44,34,22.7,63.7,3.26,3,9.9,4,10.77,18.9,12,Sunday,Rain,Dry,Urban Road,Roundabout,Poor,Traffic Police,Rural,Motorcycle,No,No,High
ACC14183,28,21,35.8,46.1,6.24,5,4.7,6,6.85,19.8,16,Friday,Rain,Dry,Residential,Straight Road,Daylight,Uncontrolled,Rural,Car,No,No,Medium
ACC14184,22,4,69.4,52.8,10.39,4,6.1,8,0.12,33.1,14,Sunday,Clear,Wet,Urban Road,Straight Road,Street Lights,Signal,Urban,Car,No,No,Medium
ACC14185,33,23,82.0,59.3,6.31,3,7.0,2,0.95,26.8,23,Tuesday,Clear,Wet,Highway,Roundabout,Street Lights,Signal,Rural,Car,No,No,High
ACC14186,44,39,60.8,78.6,10.65,6,11.4,5,1.15,30.3,13,Monday,Cloudy,Wet,Highway,Straight Road,Daylight,Signal,Suburban,Car,No,No,Medium
ACC14187,28,20,71.3,53.2,8.06,4,9.2,9,1.2,21.9,6,Thursday,Clear,Wet,Highway,Roundabout,Street Lights,Traffic Police,Urban,Truck,No,No,High
ACC14188,37,13,53.4,38.9,8.26,2,12.0,5,3.05,24.0,2,Monday,Cloudy,Dry,Residential,Intersection,Street Lights,Traffic Police,Urban,Car,Yes,No,Medium
ACC14189,25,2,53.4,45.4,6.82,4,10.0,6,28.23,23.2,17,Sunday,Rain,Damaged,Urban Road,Roundabout,Street Lights,Signal,Suburban,Motorcycle,No,No,Medium
ACC14190,27,5,48.1,54.7,5.57,4,9.0,3,25.85,28.6,12,Monday,Rain,Wet,Highway,Intersection,Daylight,Uncontrolled,Urban,Motorcycle,No,No,Medium
ACC14191,51,39,31.7,26.5,12.0,3,10.6,3,22.94,31.0,3,Tuesday,Rain,Damaged,Highway,Crossroad,Street Lights,Uncontrolled,Suburban,SUV,No,Yes,Medium
ACC14192,18,0,67.1,34.8,8.25,5,11.1,10,11.55,28.3,3,Sunday,Fog,Dry,Urban Road,Crossroad,Daylight,Signal,Urban,Truck,No,No,High
ACC14193,27,3,54.1,56.5,4.19,4,13.9,1,1.94,30.6,22,Thursday,Cloudy,Damaged,Highway,Straight Road,Street Lights,Signal,Suburban,SUV,No,No,Medium
ACC14194,18,2,77.9,98.7,9.45,5,5.4,3,18.51,22.3,13,Saturday,Rain,Wet,Rural Road,Roundabout,Daylight,Signal,Urban,Car,No,No,High
ACC14195,26,14,68.4,76.1,4.26,3,5.9,7,3.01,36.2,17,Tuesday,Cloudy,Wet,Urban Road,Straight Road,Street Lights,Signal,Urban,Truck,No,No,High
ACC14196,44,23,67.8,55.1,7.68,2,7.6,4,0.38,34.9,6,Tuesday,Clear,Dry,Urban Road,Roundabout,Daylight,Uncontrolled,Urban,Car,Yes,No,Medium
ACC14197,52,38,58.1,34.8,4.71,3,12.2,5,0.2,32.6,8,Tuesday,Clear,Wet,Urban Road,Straight Road,Daylight,Traffic Police,Urban,Truck,No,No,High
ACC14198,21,4,34.4,23.1,5.69,3,9.2,4,0.25,34.0,3,Sunday,Clear,Damaged,Rural Road,Crossroad,Daylight,Signal,Urban,Car,No,No,Medium
ACC14199,43,27,38.8,83.6,8.38,3,7.4,6,0.77,23.9,20,Monday,Clear,Wet,Rural Road,Crossroad,Daylight,Signal,Urban,Truck,No,No,Medium
ACC14200,20,11,51.5,76.9,8.52,2,10.9,7,3.5,26.6,15,Saturday,Cloudy,Dry,Highway,Straight Road,Street Lights,Signal,Rural,Car,No,No,Low
ACC14201,28,23,75.7,71.5,4.76,4,6.9,5,12.85,41.0,4,Tuesday,Rain,Damaged,Highway,Roundabout,Street Lights,Uncontrolled,Suburban,Car,No,No,High
ACC14202,38,13,70.7,52.5,8.31,3,12.8,12,0.89,30.3,20,Wednesday,Clear,Dry,Residential,T-Junction,Daylight,Stop Sign,Suburban,Truck,Yes,Yes,High
ACC14203,18,5,104.1,39.1,,3,9.6,3,0.48,32.4,1,Thursday,Clear,,Rural Road,Roundabout,Daylight,Stop Sign,Urban,SUV,Yes,No,High
ACC14204,27,16,37.4,27.7,10.79,4,10.8,5,51.03,34.6,5,Saturday,Storm,Dry,Rural Road,Straight Road,Daylight,Stop Sign,Urban,Car,Yes,No,High
ACC14205,34,14,74.1,62.1,8.02,2,8.8,6,0.33,33.2,15,Thursday,Clear,Damaged,Rural Road,Roundabout,,Signal,Urban,SUV,No,No,High
ACC14206,18,1,40.2,24.6,7.94,4,7.4,4,2.38,35.2,14,Saturday,Cloudy,Dry,Highway,Intersection,Daylight,Stop Sign,Suburban,Car,No,No,Low
ACC14207,26,3,75.4,66.7,5.9,2,9.7,6,1.19,28.1,7,Tuesday,Cloudy,Dry,Highway,Roundabout,Daylight,Traffic Police,Urban,Truck,No,No,High
ACC14208,29,8,61.8,57.5,6.07,1,9.1,3,1.55,19.9,10,Saturday,Cloudy,Wet,Residential,Crossroad,Daylight,Signal,Suburban,SUV,Yes,No,High
ACC14209,27,16,30.1,57.1,10.09,2,8.8,6,0.02,28.1,4,Monday,Clear,Wet,Residential,Crossroad,Daylight,Stop Sign,Urban,Car,Yes,No,Low
ACC14210,29,12,56.0,56.1,8.92,4,7.3,9,0.89,26.9,22,Saturday,Clear,Dry,Urban Road,Intersection,Daylight,Signal,Rural,Motorcycle,Yes,Yes,High
ACC14211,39,24,83.2,60.2,10.32,5,13.4,7,0.01,31.9,3,Sunday,Clear,Damaged,Urban Road,Roundabout,Daylight,Stop Sign,Urban,Car,No,No,High
ACC14212,37,13,58.3,87.8,6.18,2,8.5,3,0.25,29.0,17,Friday,Cloudy,Damaged,Residential,T-Junction,Street Lights,Stop Sign,Urban,Car,No,No,High
ACC14213,49,39,64.9,57.7,,2,7.4,3,6.22,24.8,10,Sunday,Cloudy,Dry,Urban Road,Roundabout,Street Lights,Stop Sign,Suburban,Bus,No,No,Medium
ACC14214,32,21,72.0,54.4,8.77,6,9.3,4,0.97,22.7,22,Friday,Clear,,Residential,Crossroad,,Uncontrolled,Rural,Truck,Yes,No,High
ACC14215,18,0,49.6,59.3,7.43,2,11.5,2,2.12,31.5,10,Monday,Cloudy,Dry,Highway,Crossroad,Street Lights,Signal,Suburban,SUV,No,No,Low
ACC14216,18,4,86.1,49.4,9.1,2,14.6,4,19.64,31.6,6,Tuesday,Rain,Dry,Urban Road,Straight Road,Daylight,Stop Sign,Urban,Car,No,No,Medium
ACC14217,50,36,64.4,29.4,6.49,3,3.0,11,0.05,28.5,0,Tuesday,Clear,Dry,Urban Road,Crossroad,Poor,Signal,Urban,Motorcycle,No,No,High
ACC14218,34,12,80.7,70.7,4.95,3,9.5,5,0.61,20.3,14,Wednesday,,Damaged,Urban Road,Straight Road,Daylight,Uncontrolled,Rural,Motorcycle,No,No,High
ACC14219,38,27,64.7,12.1,8.98,3,11.5,5,6.95,31.1,22,Friday,Rain,Wet,Urban Road,Crossroad,Street Lights,Signal,Urban,SUV,No,No,Low
ACC14220,44,25,59.5,49.3,4.34,3,4.7,5,0.1,18.6,23,Friday,Clear,Dry,Highway,Crossroad,,Uncontrolled,Urban,Car,No,No,High
ACC14221,37,18,46.5,42.2,12.0,2,9.0,5,0.21,25.2,3,Thursday,Clear,Dry,Rural Road,T-Junction,Daylight,Signal,Rural,SUV,Yes,No,Low
ACC14222,48,34,72.5,22.5,7.18,4,10.1,5,3.35,20.7,4,Tuesday,Cloudy,Dry,Residential,Straight Road,Poor,Signal,Rural,Motorcycle,Yes,Yes,Medium
ACC14223,43,31,50.8,84.9,6.99,4,9.4,5,1.11,25.8,19,Monday,Fog,Dry,Highway,Straight Road,Daylight,Signal,Suburban,Truck,No,No,High
ACC14224,46,26,50.8,52.6,8.54,2,6.7,6,13.67,17.4,7,Tuesday,Rain,Dry,Highway,Crossroad,Street Lights,Traffic Police,Rural,Car,No,No,High
ACC14225,26,16,20.0,67.9,9.02,2,10.6,9,1.94,33.2,2,Tuesday,Cloudy,,Highway,Straight Road,Daylight,Signal,Urban,SUV,Yes,No,High
ACC14226,43,22,41.8,,6.78,2,4.6,6,1.27,24.4,13,Wednesday,Rain,Damaged,Highway,Crossroad,Daylight,Signal,Urban,Motorcycle,No,No,High
ACC14227,40,27,45.2,57.3,8.48,2,5.8,4,0.2,30.0,15,Saturday,Clear,Dry,Highway,Crossroad,Street Lights,Signal,Suburban,Truck,No,No,Low
ACC14228,24,19,56.6,96.0,6.68,3,9.1,8,3.16,30.0,8,Saturday,Cloudy,Damaged,Urban Road,Roundabout,Daylight,Signal,Suburban,Truck,Yes,No,High
ACC14229,52,36,68.5,68.5,11.06,8,8.9,7,5.91,23.9,2,Monday,Cloudy,Dry,Urban Road,Straight Road,Daylight,Signal,Suburban,Car,Yes,No,Medium
ACC14230,34,25,47.4,66.6,10.11,2,11.4,9,3.21,20.6,22,Wednesday,Clear,Wet,Urban Road,Intersection,Daylight,Stop Sign,Rural,Car,Yes,No,Medium
ACC14231,18,4,47.5,80.6,6.71,4,5.7,6,23.99,31.1,17,Wednesday,Rain,Dry,Urban Road,Straight Road,Street Lights,Signal,Urban,Bus,Yes,No,High
ACC14232,43,22,83.4,57.9,6.96,4,7.4,8,1.6,25.6,9,Wednesday,Cloudy,Dry,Rural Road,Straight Road,Daylight,Stop Sign,Urban,Car,No,No,High
ACC14233,40,31,74.4,56.1,6.56,3,8.2,3,0.62,13.0,12,Saturday,Clear,Damaged,Urban Road,T-Junction,Daylight,Signal,Urban,Bus,Yes,No,High
ACC14234,32,23,53.3,78.2,7.84,7,9.0,7,8.55,24.7,18,Wednesday,Fog,Dry,Residential,Intersection,Street Lights,Signal,Suburban,Truck,No,No,High
ACC14235,41,27,49.2,47.9,9.21,4,8.7,6,2.67,37.1,19,Tuesday,Clear,Wet,Residential,Intersection,Daylight,Stop Sign,Urban,Car,No,No,High
ACC14236,26,11,38.3,45.3,9.67,3,10.1,7,0.24,24.6,17,Saturday,Clear,Dry,Residential,T-Junction,Daylight,Signal,Rural,Motorcycle,No,No,Low
ACC14237,40,26,65.6,32.5,8.31,5,3.0,1,1.93,30.0,8,Saturday,Clear,Dry,Residential,T-Junction,Daylight,Signal,Urban,Truck,No,No,Low
ACC14238,43,24,84.9,38.1,,4,9.2,9,9.08,24.2,20,Thursday,Rain,Dry,Urban Road,Straight Road,Daylight,Signal,Urban,Truck,No,No,High
ACC14239,39,29,49.6,61.0,7.8,1,8.8,7,22.23,35.1,14,Tuesday,Rain,Dry,Highway,Roundabout,Daylight,Signal,Urban,Bus,No,No,Medium
ACC14240,35,25,60.3,100.0,10.33,3,8.9,4,0.65,35.7,22,Wednesday,Clear,Wet,Urban Road,T-Junction,Poor,Stop Sign,Suburban,Car,No,No,High
ACC14241,33,28,65.2,40.0,7.17,2,9.1,6,9.78,32.2,11,Wednesday,Rain,Dry,Rural Road,Intersection,Daylight,Stop Sign,Urban,SUV,Yes,Yes,High
ACC14242,51,38,46.0,61.7,12.0,4,12.9,6,0.18,29.9,5,Thursday,Clear,Wet,Residential,Intersection,Daylight,Stop Sign,Suburban,Motorcycle,No,No,Medium
ACC14243,29,20,38.2,68.1,11.4,5,5.8,5,14.83,22.8,7,Friday,Rain,Wet,Residential,Straight Road,Daylight,Signal,Urban,SUV,Yes,No,High
ACC14244,36,19,35.4,42.1,7.29,4,10.1,14,2.05,16.7,15,Sunday,Cloudy,Wet,Highway,Roundabout,,Signal,Urban,Car,Yes,No,Medium
ACC14245,34,25,79.9,72.0,7.76,5,6.0,5,1.26,27.4,16,Monday,Clear,Dry,Rural Road,Crossroad,Street Lights,Signal,Urban,Car,No,No,High
ACC14246,39,16,52.6,30.4,0.5,2,8.5,2,3.09,27.4,21,Wednesday,Fog,Damaged,Urban Road,T-Junction,Daylight,Stop Sign,Suburban,Motorcycle,No,Yes,High
ACC14247,49,27,78.2,34.7,4.89,3,9.4,4,0.32,14.9,5,Sunday,Clear,Dry,Urban Road,T-Junction,Daylight,Stop Sign,Urban,Car,No,No,Medium
ACC14248,48,28,61.2,,6.88,2,7.0,7,0.17,29.7,21,Wednesday,Clear,Dry,Rural Road,Straight Road,Daylight,Signal,Rural,SUV,Yes,No,High
ACC14249,42,21,92.6,29.9,6.95,3,7.4,10,1.18,21.9,21,Tuesday,Cloudy,Dry,Highway,Roundabout,Street Lights,Uncontrolled,Urban,Car,No,Yes,High
ACC14250,38,14,34.7,23.3,9.31,4,5.0,5,22.55,28.7,23,Wednesday,Storm,Dry,Residential,Intersection,Daylight,Signal,Urban,Car,No,Yes,Medium
ACC14251,39,28,75.9,14.6,9.93,6,5.2,6,0.71,34.5,14,Wednesday,Clear,Dry,Urban Road,Intersection,Daylight,Traffic Police,Urban,Car,No,No,Medium
ACC14252,51,26,52.3,48.2,3.88,2,6.6,3,0.28,31.3,5,Monday,Clear,Wet,Residential,Crossroad,Street Lights,Signal,Urban,Car,No,No,Medium
ACC14253,23,0,30.8,100.0,5.14,3,9.6,7,0.5,32.6,20,Sunday,Clear,Dry,Highway,Intersection,Daylight,Uncontrolled,Suburban,Motorcycle,No,No,High
ACC14254,32,20,48.1,83.5,4.61,2,7.9,5,5.75,23.8,10,Tuesday,Cloudy,Dry,Rural Road,T-Junction,Street Lights,Signal,Suburban,Motorcycle,No,No,High
ACC14255,27,5,20.0,15.1,4.47,4,8.9,4,0.97,33.9,9,Sunday,Clear,Wet,Rural Road,Crossroad,Street Lights,Uncontrolled,Suburban,Car,Yes,No,Low
ACC14256,42,19,25.8,28.4,7.94,3,8.1,3,10.44,26.6,20,Friday,Rain,Dry,Residential,Roundabout,Daylight,Signal,Urban,Car,No,No,Low
ACC14257,32,26,69.9,47.1,10.37,3,10.2,12,47.13,23.5,4,Wednesday,Storm,Dry,Urban Road,Crossroad,Daylight,Signal,Urban,Car,No,No,Medium
ACC14258,18,0,56.7,61.8,11.23,3,8.5,7,0.89,22.8,13,Wednesday,Cloudy,Dry,Residential,Roundabout,Poor,Signal,Urban,Car,No,No,Low
ACC14259,28,14,68.3,60.7,10.96,4,6.0,4,0.21,25.9,17,Friday,Clear,Wet,Urban Road,Intersection,Street Lights,Traffic Police,Urban,Truck,No,No,High
ACC14260,37,16,64.1,52.3,3.31,2,8.5,8,0.24,25.0,11,Thursday,Clear,Dry,Urban Road,Straight Road,,Traffic Police,Urban,Bus,Yes,No,High
ACC14261,40,33,57.5,47.4,6.81,5,8.2,8,0.44,26.0,14,Sunday,,Dry,Highway,Crossroad,Daylight,Signal,Rural,Bus,No,No,Medium
ACC14262,33,25,75.3,20.4,8.45,5,5.2,9,8.13,22.3,4,Friday,Fog,Dry,Rural Road,Crossroad,Daylight,Stop Sign,Suburban,SUV,No,No,High
ACC14263,25,0,32.7,37.1,9.9,2,10.1,3,0.02,28.1,15,Friday,Clear,Wet,Highway,T-Junction,Poor,Stop Sign,Suburban,SUV,No,Yes,Low
ACC14264,51,38,75.4,41.2,1.65,5,10.0,3,1.14,24.2,0,Tuesday,Clear,Wet,Rural Road,T-Junction,Daylight,Signal,Urban,Motorcycle,Yes,No,High
ACC14265,41,20,54.5,9.0,6.07,4,10.2,2,14.11,21.6,8,Saturday,Rain,Wet,Rural Road,Roundabout,Poor,Signal,Urban,Motorcycle,Yes,No,High
ACC14266,40,20,59.1,35.5,11.65,4,9.0,4,0.61,29.4,14,Friday,Clear,Dry,Urban Road,Straight Road,Daylight,Traffic Police,Urban,SUV,No,Yes,Low
ACC14267,38,17,83.6,89.5,7.77,4,8.0,6,1.53,22.8,4,Tuesday,Cloudy,Dry,Residential,T-Junction,Poor,Stop Sign,Urban,Truck,No,No,High
ACC14268,23,3,32.4,50.4,11.45,2,8.6,5,1.31,37.7,16,Saturday,Clear,Dry,Urban Road,T-Junction,Daylight,Signal,Suburban,Car,No,No,Low
ACC14269,36,13,68.7,65.9,9.69,1,9.6,8,21.22,27.9,13,Friday,Rain,Dry,Residential,Intersection,Daylight,Signal,Urban,Motorcycle,No,No,Low
ACC14270,18,1,39.2,97.3,6.5,2,8.5,9,1.36,30.8,9,Sunday,Fog,Dry,Urban Road,Intersection,Poor,Signal,Rural,SUV,Yes,No,High
ACC14271,39,25,83.5,93.6,9.32,2,11.4,5,2.46,29.7,9,Wednesday,Cloudy,Dry,Highway,T-Junction,Daylight,Stop Sign,Rural,Bus,No,No,High
ACC14272,18,0,90.9,29.9,10.72,4,10.9,6,27.27,31.9,1,Wednesday,Storm,Dry,Highway,Roundabout,Daylight,Signal,Urban,Car,Yes,No,High
ACC14273,27,15,70.6,65.6,7.09,2,7.8,5,0.58,20.0,11,Saturday,Clear,Wet,Urban Road,Straight Road,Daylight,Stop Sign,Suburban,SUV,No,No,Medium
ACC14274,35,17,76.0,78.4,6.24,3,6.7,8,4.25,33.1,16,Thursday,Cloudy,Dry,Highway,T-Junction,Street Lights,Signal,Suburban,SUV,No,No,High
ACC14275,38,16,20.5,39.1,5.38,1,9.1,5,2.35,16.1,2,Saturday,Cloudy,Wet,Urban Road,Roundabout,Poor,Signal,Urban,Car,No,No,Medium
ACC14276,21,0,46.3,68.9,10.15,7,11.1,2,14.77,30.5,8,Sunday,Cloudy,Dry,Urban Road,Roundabout,Daylight,Signal,Rural,SUV,Yes,No,Medium
ACC14277,28,4,58.0,55.6,10.25,6,10.0,8,0.34,21.4,20,Friday,Clear,Dry,Urban Road,T-Junction,Daylight,Uncontrolled,Urban,SUV,No,No,Low
ACC14278,21,3,64.1,70.0,5.83,1,8.1,5,0.19,33.7,11,Monday,Clear,Dry,Highway,Roundabout,Daylight,Signal,Suburban,Car,Yes,No,High
ACC14279,48,29,49.6,63.5,4.88,2,6.1,7,0.66,30.2,7,Friday,Clear,,Rural Road,Crossroad,Street Lights,Uncontrolled,Urban,Truck,Yes,No,High
ACC14280,27,12,49.5,80.9,6.52,3,3.3,5,0.49,22.1,1,Saturday,Clear,Dry,Highway,Roundabout,Daylight,Signal,Urban,Car,Yes,No,Medium
ACC14281,34,23,44.3,37.5,7.38,2,7.1,3,0.46,35.1,9,Sunday,Clear,Dry,Residential,T-Junction,Daylight,Stop Sign,Urban,Truck,No,No,Low
ACC14282,37,32,58.6,63.9,9.76,5,9.2,10,26.3,19.5,5,Monday,Rain,Damaged,Highway,Roundabout,Daylight,Signal,Rural,SUV,No,No,Medium
ACC14283,42,33,41.8,97.9,11.97,5,7.7,5,0.35,30.0,16,Sunday,Clear,Wet,Rural Road,T-Junction,Street Lights,Uncontrolled,Urban,Motorcycle,Yes,No,Medium
ACC14284,41,16,23.0,71.0,6.3,3,5.1,3,0.3,36.1,7,Sunday,Clear,Dry,Rural Road,Intersection,Poor,Uncontrolled,Urban,Motorcycle,No,No,High
ACC14285,41,20,20.0,76.3,12.0,4,8.4,3,1.8,31.7,17,Saturday,Cloudy,Wet,Highway,T-Junction,Daylight,Signal,Urban,SUV,Yes,No,High
ACC14286,22,7,67.1,31.6,5.27,2,12.5,9,3.56,34.4,13,Friday,Cloudy,Wet,Rural Road,Roundabout,Daylight,Signal,Urban,SUV,No,No,Medium
ACC14287,40,28,59.8,10.4,9.59,2,6.8,6,2.67,27.8,23,Tuesday,Fog,Wet,Urban Road,T-Junction,Street Lights,Uncontrolled,Suburban,Car,No,No,Low
ACC14288,20,14,57.8,55.7,11.13,2,6.3,3,1.19,13.7,13,Wednesday,Cloudy,Wet,Residential,Straight Road,Street Lights,Signal,Suburban,SUV,No,No,Medium
ACC14289,39,34,75.5,84.6,5.47,6,10.2,6,0.28,30.6,13,Sunday,Clear,Dry,Rural Road,T-Junction,Daylight,Stop Sign,Rural,Car,No,No,High
ACC14290,49,29,29.7,49.1,5.23,4,9.9,3,19.01,18.3,10,Sunday,Rain,Dry,Urban Road,T-Junction,Daylight,Signal,Suburban,Car,No,No,Low
ACC14291,23,0,55.5,49.9,8.48,3,5.6,5,2.8,27.0,4,Monday,Cloudy,Dry,Rural Road,Straight Road,Daylight,Stop Sign,Rural,Bus,No,No,Low
ACC14292,19,9,83.7,37.8,10.73,3,7.9,9,0.54,23.2,12,Monday,Clear,Dry,Urban Road,Straight Road,Street Lights,Stop Sign,Suburban,Bus,No,No,Medium
ACC14293,53,43,51.0,44.2,7.56,5,4.4,7,6.47,25.8,2,Friday,Cloudy,Dry,Urban Road,Straight Road,Street Lights,Signal,Rural,Truck,No,No,Low
ACC14294,29,5,54.3,51.3,10.19,5,11.6,9,3.3,27.9,0,Wednesday,Fog,Dry,Urban Road,Crossroad,Daylight,Stop Sign,Urban,Car,No,No,Medium
ACC14295,41,24,75.6,83.2,9.68,2,10.9,8,0.72,30.9,7,Sunday,Clear,Damaged,Rural Road,T-Junction,Daylight,Signal,Urban,Car,Yes,No,High
ACC14296,18,10,53.4,91.1,4.33,3,9.5,8,0.01,32.3,13,Thursday,Clear,Damaged,Rural Road,Straight Road,Daylight,Signal,Rural,SUV,No,No,High
ACC14297,45,39,25.4,40.8,8.01,3,10.5,3,0.18,23.4,6,Monday,Clear,Damaged,Rural Road,Straight Road,Poor,Signal,Suburban,Car,No,No,Low
ACC14298,47,31,55.4,26.7,10.49,5,8.6,3,0.81,29.3,7,Wednesday,Clear,Wet,Urban Road,Intersection,Daylight,Stop Sign,Rural,Car,No,No,Low
ACC14299,52,38,46.0,43.2,5.72,3,7.8,8,0.61,22.0,20,Wednesday,Clear,Damaged,Highway,Crossroad,Poor,Signal,Urban,Bus,No,No,High
ACC14300,55,41,35.7,57.6,6.18,3,3.5,4,4.09,36.2,4,Sunday,Cloudy,Dry,Rural Road,T-Junction,Street Lights,Traffic Police,Rural,Truck,No,No,Medium
ACC14301,25,1,82.4,68.1,10.86,2,12.2,5,0.13,23.3,0,Monday,Clear,Dry,Urban Road,Roundabout,Daylight,Uncontrolled,Suburban,Car,No,No,Medium
ACC14302,49,39,61.7,34.3,7.59,4,9.7,4,2.05,37.8,7,Tuesday,Fog,Dry,Highway,Crossroad,Daylight,Signal,Urban,Car,No,No,Medium
ACC14303,41,26,75.5,100.0,9.1,5,11.5,9,18.91,30.7,8,Saturday,Rain,Wet,Urban Road,Crossroad,Poor,Uncontrolled,Urban,SUV,Yes,No,High
ACC14304,34,25,30.1,49.4,3.62,3,8.8,3,3.54,24.3,0,Tuesday,Cloudy,Dry,Urban Road,Intersection,Daylight,Signal,Urban,SUV,No,No,Medium
ACC14305,38,27,52.2,60.0,9.35,4,6.3,3,5.85,30.8,3,Friday,Rain,Wet,Highway,T-Junction,Poor,Stop Sign,Rural,Car,No,No,High
ACC14306,58,38,74.4,68.2,6.18,3,11.4,11,0.17,24.7,8,Sunday,Clear,Dry,Rural Road,T-Junction,Daylight,Signal,Suburban,Motorcycle,No,No,High
ACC14307,25,16,66.5,32.1,4.06,6,5.4,8,5.79,31.1,1,Saturday,Cloudy,Dry,Urban Road,Straight Road,Street Lights,Uncontrolled,Rural,Car,No,No,High
ACC14308,37,18,80.4,84.2,7.38,4,10.8,8,1.95,16.7,21,Saturday,Cloudy,Wet,Urban Road,Straight Road,Street Lights,Uncontrolled,Urban,Bus,No,No,High
ACC14309,48,40,49.8,99.7,10.05,1,10.5,5,22.22,24.0,3,Friday,Rain,Dry,Urban Road,Crossroad,Poor,Stop Sign,Rural,Car,No,Yes,High
ACC14310,38,29,60.1,37.5,10.3,3,11.4,3,17.8,33.1,19,Wednesday,Rain,Dry,Urban Road,Intersection,Daylight,Signal,Urban,Truck,Yes,No,Low
ACC14311,21,16,61.5,77.6,7.85,1,9.7,8,0.18,34.9,16,Sunday,Clear,Dry,Urban Road,T-Junction,Street Lights,Signal,Urban,Motorcycle,No,No,High
ACC14312,36,18,63.1,49.2,6.77,1,6.5,6,0.32,30.2,17,Monday,Fog,Dry,Highway,Intersection,Daylight,Signal,Urban,Motorcycle,No,No,High
ACC14313,18,0,59.8,46.3,4.23,2,5.5,6,0.51,17.0,11,Tuesday,Clear,Wet,Rural Road,Roundabout,Daylight,Signal,Rural,SUV,No,No,Medium
ACC14314,31,13,50.3,55.1,9.44,1,11.1,10,3.24,22.5,7,Wednesday,Fog,Dry,Highway,T-Junction,Daylight,Signal,Urban,Motorcycle,Yes,No,High
ACC14315,21,0,72.2,57.8,7.75,3,8.1,6,64.12,29.9,7,Sunday,Storm,Dry,Rural Road,Straight Road,Daylight,Uncontrolled,Urban,Bus,Yes,No,High
ACC14316,28,12,69.8,66.6,7.49,5,8.9,10,0.89,18.5,5,Tuesday,Clear,Dry,Rural Road,Crossroad,Daylight,Uncontrolled,Urban,Car,No,No,High
ACC14317,46,27,62.3,76.0,7.06,5,8.8,10,27.94,41.8,23,Monday,Rain,Wet,Urban Road,Intersection,Daylight,Signal,Urban,Car,No,No,High
ACC14318,29,5,45.2,51.3,10.15,3,9.8,7,0.04,27.8,4,Tuesday,Clear,Dry,Urban Road,Straight Road,Poor,Signal,Rural,Motorcycle,No,No,Medium
ACC14319,34,27,53.0,56.9,9.72,3,3.6,10,1.26,32.1,23,Thursday,Clear,Wet,Residential,Crossroad,Street Lights,Uncontrolled,Urban,Motorcycle,No,Yes,High
ACC14320,53,36,30.3,91.3,10.43,3,9.2,5,1.45,22.7,14,Sunday,Cloudy,Wet,Urban Road,Straight Road,Daylight,Uncontrolled,Suburban,Motorcycle,No,Yes,Medium
ACC14321,38,21,49.6,37.0,9.78,3,7.0,3,3.23,33.1,11,Friday,Cloudy,Dry,Urban Road,T-Junction,Poor,Signal,Rural,Bus,No,Yes,Medium
ACC14322,34,28,58.5,68.3,7.03,2,7.8,6,2.41,25.0,23,Saturday,Fog,Damaged,Urban Road,Intersection,Daylight,Signal,Urban,Motorcycle,No,No,High
ACC14323,32,24,75.2,30.5,6.7,6,7.2,4,5.52,22.6,19,Tuesday,Rain,Wet,Highway,Roundabout,,Uncontrolled,Rural,SUV,Yes,No,High
ACC14324,39,23,46.4,75.0,7.63,4,6.8,7,6.14,25.2,3,Monday,Cloudy,Dry,Highway,Straight Road,Street Lights,Uncontrolled,Urban,Motorcycle,No,No,High
ACC14325,50,35,49.7,54.3,7.79,2,3.6,6,4.7,27.7,16,Sunday,Rain,Dry,Residential,Intersection,Daylight,Signal,Rural,Car,No,No,Medium
ACC14326,24,12,74.7,48.2,9.91,5,7.2,7,17.54,24.0,16,Monday,Storm,Damaged,Residential,T-Junction,Street Lights,Stop Sign,Urban,Car,No,No,High
ACC14327,39,20,80.3,23.2,7.85,8,9.4,9,0.48,39.4,13,Thursday,Clear,Wet,Highway,Straight Road,Daylight,Stop Sign,Suburban,SUV,No,No,Medium
ACC14328,21,9,54.1,61.0,7.69,3,10.3,6,12.24,18.3,18,Monday,Storm,Dry,Highway,T-Junction,Daylight,Signal,Suburban,Car,No,No,High
ACC14329,18,0,69.6,56.9,8.93,2,9.0,6,0.44,24.5,10,Thursday,Clear,Dry,Urban Road,Roundabout,Daylight,Uncontrolled,Urban,Car,No,No,Medium
ACC14330,38,17,42.9,71.2,9.14,3,5.0,5,29.67,20.3,14,Wednesday,Rain,Wet,Urban Road,Roundabout,Poor,Signal,Urban,Car,No,No,High
ACC14331,37,19,61.2,33.7,6.12,2,9.2,10,0.02,14.8,3,Tuesday,Clear,Wet,Urban Road,Crossroad,Street Lights,Uncontrolled,Urban,Motorcycle,No,Yes,High
ACC14332,18,7,57.4,91.4,6.99,2,10.2,7,1.27,20.7,6,Monday,Clear,Wet,Urban Road,Crossroad,Street Lights,Stop Sign,Urban,Motorcycle,No,Yes,High
ACC14333,25,4,38.7,43.3,5.64,2,6.1,7,0.52,29.3,5,Friday,Clear,Dry,Urban Road,Crossroad,Street Lights,Signal,Suburban,Car,Yes,No,Low
ACC14334,29,19,63.6,35.2,6.41,2,4.2,5,1.65,32.3,6,Tuesday,,Wet,Urban Road,T-Junction,Daylight,Stop Sign,Rural,Motorcycle,No,No,High
ACC14335,40,29,49.7,75.9,10.88,2,9.2,5,0.81,30.7,9,Sunday,Clear,Dry,Urban Road,Crossroad,Street Lights,Uncontrolled,Suburban,Car,No,No,Low
ACC14336,51,34,89.4,46.7,9.82,2,9.8,7,1.06,32.7,16,Thursday,Clear,Dry,Residential,Intersection,Daylight,Traffic Police,Urban,Bus,No,No,Medium
ACC14337,21,2,47.1,95.9,9.55,7,13.0,5,1.42,20.8,3,Tuesday,Cloudy,Wet,Highway,T-Junction,Daylight,Signal,Urban,Bus,Yes,No,High
ACC14338,32,20,27.6,23.2,9.87,2,8.8,6,4.35,25.5,5,Tuesday,Fog,Icy,Residential,T-Junction,Street Lights,Signal,Urban,Truck,No,No,Medium
ACC14339,54,37,59.2,53.8,1.83,4,9.9,4,0.82,31.2,6,Monday,Clear,Dry,Highway,Crossroad,Daylight,Traffic Police,Urban,Motorcycle,No,No,High
ACC14340,49,39,70.8,91.1,7.45,1,12.5,2,0.12,25.8,8,Friday,Clear,Dry,Highway,Crossroad,Daylight,Stop Sign,Rural,Car,No,No,Medium
ACC14341,18,0,52.9,60.2,8.44,4,5.3,2,0.1,14.8,5,Wednesday,Clear,Wet,Urban Road,T-Junction,Street Lights,Traffic Police,Rural,Bus,No,No,High
ACC14342,31,6,66.0,36.7,5.78,2,11.3,5,1.17,26.0,10,Friday,Clear,Dry,Urban Road,Roundabout,Street Lights,Signal,Urban,Car,No,No,Medium
ACC14343,39,20,72.1,59.6,4.04,3,5.6,7,27.34,35.9,10,Saturday,Rain,Wet,Urban Road,Roundabout,Street Lights,Signal,Urban,Car,No,No,High
ACC14344,43,32,51.8,56.1,7.27,6,5.8,6,16.08,27.2,6,Thursday,Rain,Wet,Residential,Crossroad,Daylight,Signal,Suburban,SUV,Yes,No,High
ACC14345,47,35,104.8,84.1,9.58,2,7.0,8,0.86,30.0,16,Saturday,Cloudy,Dry,Residential,Roundabout,Daylight,Uncontrolled,Suburban,SUV,No,No,High
ACC14346,18,12,53.5,99.8,10.26,4,3.0,7,0.14,40.7,11,Sunday,Clear,Icy,Urban Road,Intersection,Street Lights,Uncontrolled,Suburban,SUV,No,No,High
ACC14347,37,19,91.9,52.9,4.6,6,9.1,6,14.94,27.3,20,Friday,Rain,Wet,Urban Road,Intersection,Street Lights,Stop Sign,Suburban,SUV,No,Yes,High
ACC14348,38,21,75.3,52.0,8.77,4,5.8,7,2.4,28.6,0,Friday,Cloudy,Damaged,Highway,Intersection,Daylight,Signal,Urban,SUV,No,No,Medium
ACC14349,47,23,88.2,48.0,4.57,2,12.0,10,24.49,28.9,8,Thursday,Rain,Wet,Urban Road,T-Junction,Poor,Signal,Rural,Truck,No,Yes,High
ACC14350,41,28,71.8,63.9,8.81,2,11.0,5,1.28,24.5,14,Sunday,Cloudy,Damaged,Highway,T-Junction,Poor,Stop Sign,Urban,Car,No,No,Medium
ACC14351,40,16,66.2,70.8,6.09,3,9.4,4,23.49,28.5,22,Sunday,Rain,Dry,Urban Road,T-Junction,Daylight,Stop Sign,Urban,SUV,No,No,High
ACC14352,39,19,44.3,65.7,9.35,6,9.2,7,1.77,25.6,8,Friday,Cloudy,Dry,Highway,T-Junction,Street Lights,Uncontrolled,Rural,SUV,No,No,Low
ACC14353,35,24,50.3,25.9,8.71,3,11.5,8,0.16,32.7,21,Wednesday,Clear,Damaged,Urban Road,T-Junction,Daylight,Signal,Urban,Car,No,Yes,Low
ACC14354,48,43,41.2,32.3,12.0,3,7.6,11,7.16,31.3,6,Tuesday,Storm,Dry,Highway,Crossroad,Daylight,Signal,Urban,Motorcycle,Yes,No,Medium
ACC14355,24,4,64.7,89.1,7.93,2,7.4,11,5.79,29.2,7,Wednesday,Cloudy,Dry,Urban Road,Roundabout,Daylight,Signal,Urban,Car,No,No,Medium
ACC14356,49,34,78.6,26.9,9.06,1,4.4,10,1.2,14.4,15,Saturday,Cloudy,Wet,Highway,Crossroad,Street Lights,Stop Sign,Suburban,SUV,No,Yes,High
ACC14357,33,9,62.0,46.6,9.57,6,8.9,8,0.35,36.5,11,Tuesday,Clear,Wet,Residential,Roundabout,Poor,Signal,Urban,Motorcycle,No,No,High
ACC14358,29,24,69.8,100.0,6.8,2,12.0,6,1.92,39.0,9,Tuesday,Cloudy,Dry,Urban Road,Crossroad,Street Lights,Traffic Police,Urban,Car,No,No,High
ACC14359,33,18,80.3,60.7,10.74,3,5.4,6,1.53,30.8,2,Friday,Cloudy,Damaged,Residential,Intersection,Street Lights,Stop Sign,Urban,Car,No,No,High
ACC14360,33,12,47.9,60.7,12.0,7,11.6,6,0.32,28.3,4,Tuesday,Clear,Wet,Rural Road,Straight Road,Daylight,Signal,Rural,SUV,Yes,No,Low
ACC14361,55,34,71.1,47.6,7.37,2,7.8,6,1.29,24.9,19,Thursday,Clear,Dry,Residential,T-Junction,Daylight,Signal,Urban,Truck,No,No,Medium
ACC14362,22,4,81.4,68.0,5.9,1,10.5,5,4.44,25.7,17,Wednesday,Cloudy,Wet,Rural Road,Straight Road,Daylight,Traffic Police,Suburban,Motorcycle,No,No,High
ACC14363,21,8,74.7,81.2,2.12,6,3.0,4,14.58,26.5,19,Tuesday,Rain,Dry,Rural Road,Straight Road,Daylight,Signal,Urban,Motorcycle,No,No,High
ACC14364,23,17,85.1,67.7,12.0,3,5.9,5,2.86,21.8,9,Friday,Cloudy,Dry,Residential,Intersection,Street Lights,Signal,Suburban,Car,No,No,Medium
ACC14365,32,21,81.4,52.8,10.65,4,9.8,5,0.33,28.7,15,Friday,Clear,Dry,Urban Road,Straight Road,Daylight,Traffic Police,Urban,Car,No,No,Medium
ACC14366,26,8,41.8,49.7,8.48,3,9.6,4,14.02,26.9,15,Friday,Rain,Dry,Highway,Straight Road,Street Lights,Uncontrolled,Suburban,Motorcycle,No,No,Low
ACC14367,18,0,51.3,57.2,10.13,5,8.1,5,0.5,24.8,23,Monday,Clear,Dry,Residential,Intersection,Daylight,Stop Sign,Suburban,Motorcycle,No,No,Medium
ACC14368,27,6,67.3,67.8,5.11,7,9.1,1,0.23,22.0,15,Wednesday,Clear,Wet,Rural Road,Roundabout,Daylight,Signal,Urban,Car,Yes,No,High
ACC14369,22,2,60.0,6.8,11.25,3,7.9,8,0.57,23.2,12,Friday,Clear,Wet,Residential,Crossroad,Daylight,Uncontrolled,Rural,Motorcycle,No,No,Medium
ACC14370,46,35,20.0,68.3,8.52,3,9.6,5,1.09,30.0,12,Sunday,Clear,Dry,Rural Road,Straight Road,Poor,Signal,Rural,Car,No,Yes,Low
ACC14371,42,23,20.0,78.8,7.26,1,11.6,6,0.34,24.5,4,Thursday,Clear,Wet,Residential,T-Junction,Daylight,Signal,Urban,SUV,No,No,Low
ACC14372,39,15,22.0,52.3,8.26,5,8.0,5,0.36,31.8,4,Friday,Clear,Dry,Rural Road,Intersection,Daylight,Signal,Suburban,Car,No,No,Low
ACC14373,18,10,75.4,41.7,5.83,4,8.7,4,0.86,34.2,10,Monday,Clear,Dry,Rural Road,Straight Road,Street Lights,Signal,Suburban,Car,No,No,Medium
ACC14374,51,31,64.9,36.6,6.03,4,8.8,5,0.52,20.3,3,Wednesday,Clear,Damaged,Highway,Roundabout,Poor,Traffic Police,Urban,Car,No,No,High
ACC14375,26,13,53.2,10.7,4.86,6,5.4,5,0.86,18.3,5,Tuesday,Cloudy,Dry,Residential,Roundabout,Street Lights,Stop Sign,Urban,Car,No,No,Medium
ACC14376,44,35,47.5,58.2,8.47,2,7.6,9,2.89,25.9,21,Wednesday,Cloudy,Dry,Rural Road,T-Junction,Daylight,Stop Sign,Rural,Car,No,Yes,Medium
ACC14377,42,31,72.9,64.7,8.35,3,5.0,3,2.14,30.4,19,Tuesday,Clear,Wet,Rural Road,Straight Road,Daylight,Traffic Police,Suburban,Motorcycle,No,No,Low
ACC14378,26,18,70.0,77.7,3.38,2,9.1,6,12.05,20.6,8,Sunday,Rain,Dry,Rural Road,T-Junction,Poor,Signal,Rural,Truck,No,No,High
ACC14379,39,18,30.4,100.0,4.15,2,6.8,5,0.18,32.6,20,Tuesday,Clear,Damaged,Urban Road,Roundabout,Street Lights,Signal,Suburban,Car,No,No,High
ACC14380,36,23,41.0,60.2,10.39,7,9.7,6,7.79,30.4,14,Friday,Cloudy,Dry,Urban Road,Roundabout,Street Lights,Stop Sign,Urban,Motorcycle,No,No,Medium
ACC14381,47,23,51.4,83.5,9.68,2,12.3,5,0.71,27.2,2,Saturday,Clear,Dry,Residential,Crossroad,Daylight,Stop Sign,Urban,SUV,Yes,No,Medium
ACC14382,28,4,48.8,19.3,,4,10.9,7,1.43,29.6,4,Thursday,Clear,Dry,Highway,Roundabout,Daylight,Stop Sign,Suburban,Car,No,No,Low
ACC14383,37,13,52.6,46.7,10.2,1,8.7,5,4.65,24.8,8,Thursday,Cloudy,Dry,Urban Road,Intersection,Daylight,Signal,Suburban,Bus,No,No,Low
ACC14384,24,16,46.9,82.3,3.77,4,9.5,8,0.5,29.0,7,Saturday,Cloudy,Dry,Urban Road,Crossroad,Street Lights,Stop Sign,Urban,Car,Yes,Yes,High
ACC14385,49,37,43.6,61.5,10.34,4,3.1,3,1.14,30.0,11,Friday,Fog,Dry,Rural Road,T-Junction,Daylight,Signal,Suburban,Car,No,No,Medium
ACC14386,34,23,64.8,85.0,1.64,3,7.7,10,5.44,23.3,7,Monday,Cloudy,Damaged,Rural Road,Roundabout,Poor,Signal,Rural,Motorcycle,No,No,High
ACC14387,25,2,63.7,84.3,7.67,5,9.2,3,31.34,28.1,18,Tuesday,Storm,Damaged,Rural Road,Intersection,Daylight,Signal,Suburban,Car,Yes,No,High
ACC14388,42,35,22.2,98.9,10.45,1,7.3,9,0.56,24.8,19,Saturday,Clear,Dry,Highway,Crossroad,Street Lights,Signal,Urban,SUV,Yes,No,High
ACC14389,47,30,46.1,75.9,8.93,3,6.7,4,0.25,24.0,1,Thursday,Clear,Dry,Highway,Intersection,Daylight,Signal,Urban,Car,No,No,Low
ACC14390,30,15,23.9,54.5,10.95,1,6.1,5,0.08,23.0,7,Wednesday,Clear,Dry,Urban Road,Crossroad,Daylight,Signal,Rural,Motorcycle,No,No,Low
ACC14391,58,33,85.8,79.3,7.49,4,7.8,11,0.34,31.1,1,Monday,Clear,Damaged,Urban Road,Crossroad,Daylight,Traffic Police,Rural,Truck,No,Yes,High
ACC14392,52,28,57.7,34.3,7.85,3,9.0,5,8.6,24.3,22,Friday,Cloudy,Icy,Rural Road,Crossroad,Street Lights,Traffic Police,Urban,Car,No,No,Medium
ACC14393,35,22,51.1,100.0,11.09,2,9.0,10,1.92,24.9,5,Monday,Cloudy,Dry,Urban Road,T-Junction,Street Lights,Stop Sign,Rural,Truck,Yes,No,High
ACC14394,30,16,65.7,46.3,10.64,2,7.9,7,0.88,25.0,0,Sunday,Clear,Wet,Highway,Crossroad,Daylight,Traffic Police,Urban,Motorcycle,Yes,No,High
ACC14395,21,8,77.7,57.6,6.98,4,7.2,6,2.36,40.1,19,Sunday,Fog,Dry,Highway,Crossroad,Street Lights,Traffic Police,Urban,Truck,No,No,High
ACC14396,23,2,23.8,65.2,8.98,3,9.3,6,21.28,32.1,3,Thursday,Rain,Dry,Highway,Intersection,Daylight,Signal,Urban,Bus,No,No,Medium
ACC14397,18,11,42.9,74.3,6.26,1,4.6,5,0.41,24.6,18,Saturday,Clear,Dry,Residential,Crossroad,Poor,Signal,Urban,Car,No,No,High
ACC14398,42,35,58.0,87.7,11.1,2,6.9,12,0.39,22.4,23,Sunday,Clear,Dry,Urban Road,T-Junction,Poor,Traffic Police,Rural,Motorcycle,Yes,No,High
ACC14399,34,15,36.6,39.2,7.91,2,8.0,4,0.51,31.6,18,Sunday,Clear,Dry,Rural Road,Intersection,Poor,Stop Sign,Suburban,Car,No,No,Low
ACC14400,29,24,45.8,29.7,8.94,2,5.8,3,0.57,30.4,3,Sunday,Clear,Dry,Urban Road,Crossroad,Daylight,Signal,Urban,Car,No,No,Medium
ACC14401,18,0,25.8,37.6,7.43,5,9.2,7,0.32,28.3,1,Friday,Clear,Wet,Urban Road,Intersection,Daylight,Uncontrolled,Rural,Car,No,No,Low
ACC14402,41,33,41.5,62.6,0.5,3,9.3,3,0.61,28.9,22,Thursday,Cloudy,Dry,Highway,T-Junction,Poor,Signal,Rural,SUV,No,No,High
ACC14403,34,13,43.3,74.1,5.64,3,11.6,5,0.14,24.9,12,Tuesday,Clear,Dry,Urban Road,Intersection,Daylight,Signal,Urban,Motorcycle,No,No,High
ACC14404,35,15,87.2,72.8,4.23,3,13.0,7,0.21,26.5,18,Sunday,Clear,Dry,Rural Road,T-Junction,Daylight,Signal,Suburban,Car,No,No,High
ACC14405,35,26,69.3,66.2,8.74,3,8.6,3,10.81,26.7,4,Sunday,Storm,Dry,Highway,Roundabout,Street Lights,Signal,Suburban,Car,No,No,High
ACC14406,46,26,33.5,65.6,1.86,5,8.5,6,20.09,32.5,11,Sunday,Rain,Dry,Urban Road,Crossroad,Daylight,Signal,Suburban,Car,No,No,Medium
ACC14407,18,0,48.2,84.3,8.71,2,7.4,5,0.78,18.9,13,Monday,Fog,Dry,Urban Road,T-Junction,Street Lights,Uncontrolled,Suburban,Car,No,No,Medium
ACC14408,61,37,63.7,78.4,5.37,5,9.8,6,0.7,24.3,19,Saturday,Clear,Dry,Highway,Crossroad,Street Lights,Signal,Urban,Car,Yes,No,High
ACC14409,20,1,43.9,24.0,8.9,3,12.1,2,0.08,19.8,14,Tuesday,Clear,Dry,Rural Road,T-Junction,Street Lights,Signal,Urban,Car,No,Yes,Low
ACC14410,32,10,45.9,69.0,8.07,2,8.0,6,2.89,19.8,3,Wednesday,Cloudy,Dry,Highway,Straight Road,Daylight,Signal,Rural,Car,No,No,Low
ACC14411,18,0,87.4,72.5,7.73,1,6.7,10,0.49,34.9,15,Tuesday,Clear,Dry,Highway,Straight Road,Daylight,Stop Sign,Rural,Truck,No,No,High
ACC14412,37,19,35.9,40.7,10.65,3,9.5,7,0.13,37.1,13,Monday,Clear,Wet,Rural Road,Straight Road,Daylight,Traffic Police,Urban,SUV,No,No,Low
ACC14413,31,12,95.5,77.3,10.56,3,10.0,2,36.07,21.1,21,Wednesday,Rain,Wet,Highway,T-Junction,Daylight,Signal,Urban,Motorcycle,Yes,No,High
ACC14414,35,22,35.6,56.7,11.26,1,10.3,3,2.95,17.0,6,Thursday,Cloudy,Dry,Urban Road,Crossroad,Daylight,Signal,Rural,Bus,No,No,Low
ACC14415,39,29,20.0,75.6,6.18,5,10.7,7,0.59,23.3,7,Saturday,Clear,Dry,Highway,Straight Road,Daylight,Signal,Urban,Car,Yes,No,Medium
ACC14416,29,16,87.3,27.0,5.11,1,8.1,10,2.01,19.3,23,Wednesday,Cloudy,Dry,Highway,Crossroad,Daylight,Stop Sign,Urban,Bus,No,No,High
ACC14417,52,35,63.4,32.2,10.59,5,8.0,0,0.25,34.5,4,Monday,Clear,Dry,Rural Road,T-Junction,Daylight,Signal,Urban,Car,No,No,Medium
ACC14418,29,10,55.2,82.1,6.23,3,16.0,9,0.14,27.0,14,Sunday,Clear,Dry,Highway,Crossroad,Street Lights,Signal,Urban,Bus,No,No,Medium
ACC14419,41,27,65.0,77.4,4.41,2,4.5,5,1.19,21.1,2,Friday,Clear,Dry,Residential,Crossroad,Daylight,Signal,Urban,SUV,No,No,High
ACC14420,25,13,32.0,7.8,,5,11.1,2,0.21,17.4,19,Wednesday,Clear,Dry,Urban Road,Straight Road,Daylight,Signal,Suburban,Bus,No,No,Low
ACC14421,46,36,48.0,53.8,8.41,2,7.9,8,0.58,37.7,7,Thursday,Clear,Damaged,Residential,Intersection,Street Lights,Traffic Police,Urban,Bus,No,No,Medium
ACC14422,24,15,75.2,5.0,7.43,2,5.9,4,32.28,39.4,23,Wednesday,Storm,Dry,Highway,Roundabout,Street Lights,Signal,Rural,Motorcycle,No,No,Medium
ACC14423,32,17,45.6,100.0,10.71,5,7.8,10,1.52,29.8,15,Saturday,Cloudy,Dry,Rural Road,T-Junction,Daylight,Signal,Rural,Car,No,No,Low
ACC14424,28,9,45.3,45.3,4.61,6,5.1,3,15.98,23.0,13,Tuesday,Rain,Dry,Urban Road,T-Junction,Street Lights,Uncontrolled,Rural,Truck,No,No,High
ACC14425,38,16,78.7,50.9,4.26,1,8.1,7,0.0,45.0,9,Friday,Clear,Damaged,Highway,T-Junction,,Uncontrolled,Rural,Motorcycle,No,No,High
ACC14426,25,13,57.0,40.6,7.33,5,8.3,7,0.2,21.7,1,Monday,Clear,Wet,Rural Road,Roundabout,Daylight,Signal,Suburban,Car,No,No,Medium
ACC14427,27,10,64.3,50.0,3.09,6,8.5,3,0.61,27.4,10,Friday,Clear,Dry,Rural Road,Intersection,Poor,Traffic Police,Urban,Motorcycle,Yes,No,High
ACC14428,33,18,32.4,44.0,6.76,5,8.9,9,0.13,28.1,22,Tuesday,Clear,Wet,Urban Road,Crossroad,Poor,Uncontrolled,Urban,Truck,Yes,Yes,High
ACC14429,30,6,58.0,86.7,10.16,1,8.2,2,0.05,29.3,13,Sunday,Clear,Dry,Highway,T-Junction,Street Lights,Signal,Urban,Car,No,No,High
ACC14430,35,12,83.0,54.0,12.0,2,8.8,7,12.16,34.5,19,Friday,Rain,Wet,Urban Road,Crossroad,Street Lights,Stop Sign,Urban,Truck,No,No,High
ACC14431,26,3,25.5,44.4,6.97,6,9.7,6,12.92,30.1,14,Sunday,Rain,Wet,Residential,Straight Road,Poor,Signal,Urban,Truck,Yes,Yes,High
ACC14432,27,10,40.4,68.4,6.77,3,13.8,7,5.2,27.9,3,Sunday,Cloudy,Dry,Residential,Straight Road,Poor,Signal,Rural,Car,No,No,Medium
ACC14433,35,21,79.9,11.2,8.27,7,11.4,3,1.06,33.0,22,Tuesday,Cloudy,Wet,Urban Road,Straight Road,Daylight,Signal,Urban,Motorcycle,No,No,Medium
ACC14434,50,32,64.9,43.1,9.65,3,7.6,6,0.04,28.5,23,Saturday,Fog,Dry,Residential,T-Junction,Street Lights,Stop Sign,Urban,SUV,No,No,High
ACC14435,32,24,43.4,52.5,10.68,4,11.7,5,0.71,26.6,1,Wednesday,Clear,Dry,Residential,Roundabout,Daylight,Uncontrolled,Suburban,SUV,No,Yes,Medium
ACC14436,43,20,56.4,30.6,6.38,2,7.4,7,0.15,39.4,22,Monday,Clear,Dry,Highway,T-Junction,Daylight,Signal,Urban,Motorcycle,Yes,Yes,High
ACC14437,39,29,52.6,71.0,10.63,3,6.6,5,0.44,26.7,18,Tuesday,Clear,Wet,Rural Road,Straight Road,Daylight,Signal,Rural,Car,Yes,No,Medium
ACC14438,26,4,20.0,56.4,6.71,5,5.3,10,47.93,38.6,21,Sunday,Rain,Dry,Highway,Straight Road,Street Lights,Stop Sign,Urban,Car,No,No,Low
ACC14439,43,32,59.1,71.7,12.0,3,10.4,4,34.09,27.7,20,Tuesday,Storm,Dry,Rural Road,T-Junction,Street Lights,Stop Sign,Urban,Car,No,No,Medium
ACC14440,34,19,29.9,71.1,10.35,3,13.5,2,0.37,34.7,8,Wednesday,Clear,Wet,Urban Road,Roundabout,Poor,Uncontrolled,Rural,Car,No,No,Low
ACC14441,46,26,62.9,92.5,5.96,7,9.9,3,1.02,38.7,18,Tuesday,Fog,Dry,Urban Road,Roundabout,Daylight,Signal,Suburban,SUV,No,No,High
ACC14442,63,50,29.3,,8.29,4,8.2,2,33.84,30.3,10,Monday,Rain,Dry,Highway,Crossroad,Daylight,Stop Sign,Urban,SUV,No,No,Medium
ACC14443,35,23,73.5,80.9,6.91,6,12.5,5,0.28,37.1,20,Thursday,Clear,Dry,Urban Road,Intersection,Daylight,Signal,Suburban,Bus,No,No,High
ACC14444,48,25,56.2,45.3,9.46,3,8.6,2,0.25,29.0,12,Friday,Clear,Dry,Rural Road,Straight Road,Daylight,Uncontrolled,Suburban,Car,No,No,Low
ACC14445,46,40,36.5,60.6,7.26,2,12.1,8,1.59,20.4,21,Saturday,Clear,Dry,Urban Road,Roundabout,Poor,Signal,Urban,Car,No,No,Medium
ACC14446,30,8,36.8,69.0,6.17,4,7.2,9,13.18,22.6,7,Saturday,Storm,Dry,Highway,Straight Road,Daylight,Signal,Rural,Motorcycle,Yes,No,High
ACC14447,30,6,45.4,83.8,9.33,4,9.0,5,0.4,31.6,11,Tuesday,Clear,Icy,Residential,Intersection,Street Lights,Signal,Rural,Truck,No,No,Medium
ACC14448,20,4,56.2,60.0,8.86,4,11.6,8,2.43,31.3,17,Friday,Rain,Wet,Highway,Straight Road,Daylight,Uncontrolled,Suburban,Motorcycle,No,No,High
ACC14449,48,29,52.5,80.7,4.78,6,8.5,9,0.18,35.6,12,Saturday,Clear,Dry,Highway,Roundabout,Daylight,Stop Sign,Suburban,Truck,No,No,Medium
ACC14450,25,3,62.6,92.9,11.42,2,7.4,3,24.12,38.2,6,Friday,Rain,Dry,Residential,Crossroad,Street Lights,Traffic Police,Rural,Truck,No,No,High
ACC14451,29,15,61.2,49.2,10.26,5,7.5,9,0.98,25.8,8,Saturday,Clear,Dry,Residential,T-Junction,Daylight,Signal,Urban,Bus,No,No,Medium
ACC14452,56,33,74.6,51.2,9.94,3,8.7,3,4.27,26.2,5,Thursday,Cloudy,Wet,Urban Road,T-Junction,Daylight,Stop Sign,Rural,Motorcycle,No,No,Medium
ACC14453,29,17,96.0,38.4,7.51,3,12.8,4,23.14,24.4,11,Tuesday,Rain,Dry,Highway,Roundabout,Daylight,Signal,Suburban,Bus,No,No,High
ACC14454,53,42,53.6,45.3,5.24,3,8.2,5,30.49,25.3,2,Sunday,Rain,Dry,Residential,Roundabout,Street Lights,Stop Sign,Urban,Car,No,No,Medium
ACC14455,56,31,54.8,,10.93,5,6.6,7,2.88,25.0,4,Monday,Fog,Damaged,Highway,Intersection,Poor,Uncontrolled,Suburban,Truck,No,No,High
ACC14456,25,19,64.8,54.5,6.29,2,7.9,6,0.37,23.8,11,Tuesday,Clear,Dry,Highway,Straight Road,Street Lights,Uncontrolled,Urban,Car,No,No,Medium
ACC14457,43,32,43.8,53.5,5.87,3,7.2,7,35.65,27.7,13,Friday,Rain,Dry,Urban Road,Intersection,Poor,Uncontrolled,Urban,Car,No,No,High
ACC14458,40,26,33.0,65.5,8.47,4,9.8,5,0.15,25.6,9,Wednesday,Clear,Damaged,Urban Road,T-Junction,Street Lights,Stop Sign,Suburban,Car,No,No,Medium
ACC14459,44,33,43.4,52.8,3.49,4,7.0,11,0.41,24.4,0,Thursday,Clear,Wet,Rural Road,Straight Road,Poor,Traffic Police,Suburban,Car,No,No,Medium
ACC14460,48,37,57.5,24.2,8.73,6,11.0,9,7.0,30.1,19,Monday,Cloudy,Dry,Rural Road,Intersection,Street Lights,Signal,Suburban,SUV,Yes,No,Medium
ACC14461,18,6,62.2,37.1,6.09,6,6.2,6,0.86,32.9,12,Monday,Clear,Wet,Residential,T-Junction,Daylight,Uncontrolled,Urban,Motorcycle,No,No,High
ACC14462,41,28,94.0,67.5,7.58,3,13.2,4,3.03,24.3,16,Friday,Cloudy,Dry,Rural Road,Straight Road,Daylight,Traffic Police,Urban,SUV,No,No,High
ACC14463,43,37,28.7,65.1,10.0,3,10.2,4,30.24,34.9,7,Monday,Storm,Wet,Urban Road,Crossroad,Street Lights,Stop Sign,Suburban,Car,No,No,High
ACC14464,30,9,62.7,37.8,11.15,4,5.8,5,0.17,38.3,3,Friday,Clear,Dry,Urban Road,Crossroad,Daylight,Uncontrolled,Rural,Car,No,No,Low
ACC14465,45,37,52.0,42.8,10.76,4,9.0,7,4.87,25.0,1,Monday,Rain,Wet,Residential,Intersection,Daylight,Signal,Rural,Motorcycle,Yes,No,Medium
ACC14466,49,43,78.1,41.4,11.53,3,12.4,1,0.93,33.3,20,Monday,Clear,Damaged,Urban Road,Roundabout,Poor,Signal,Rural,Car,No,No,Low
ACC14467,30,13,35.9,50.3,7.89,4,8.5,8,0.58,22.1,12,Saturday,Clear,Damaged,Urban Road,Straight Road,Daylight,Stop Sign,Urban,Truck,No,No,Medium
ACC14468,21,3,71.0,79.3,2.04,3,5.7,6,0.63,28.1,1,Saturday,Clear,Damaged,Residential,Intersection,Poor,Signal,Rural,Motorcycle,No,No,High
ACC14469,55,35,47.6,96.2,7.5,3,9.8,7,3.47,27.6,9,Friday,Fog,Dry,Highway,Roundabout,Street Lights,Stop Sign,Urban,Bus,No,No,High
ACC14470,26,19,74.4,63.9,9.64,3,9.5,4,11.96,29.6,10,Thursday,Fog,Dry,Urban Road,Roundabout,Daylight,Uncontrolled,Urban,Motorcycle,Yes,No,High
ACC14471,20,12,56.4,94.3,6.5,2,7.0,7,3.6,29.4,15,Monday,Fog,Dry,Residential,Straight Road,Street Lights,Signal,Urban,Motorcycle,No,No,High
ACC14472,37,28,72.5,49.4,7.03,2,9.4,7,26.9,22.4,2,Tuesday,Storm,Wet,Residential,Straight Road,Street Lights,Signal,Rural,Car,No,No,Medium
ACC14473,18,1,63.9,66.6,4.94,3,10.1,4,0.36,17.8,12,Wednesday,Clear,Damaged,Urban Road,Roundabout,Daylight,Stop Sign,Urban,Truck,No,No,High
ACC14474,36,13,39.3,52.5,9.76,1,5.9,10,1.09,37.5,21,Saturday,Clear,Dry,Residential,T-Junction,Street Lights,Signal,Urban,Truck,Yes,No,Low
ACC14475,44,25,20.6,74.5,6.32,4,3.9,4,8.59,22.2,10,Sunday,Rain,Damaged,Highway,Intersection,Street Lights,Signal,Urban,Car,Yes,No,High
ACC14476,29,18,85.0,78.5,7.3,2,11.6,4,10.41,26.8,11,Friday,Cloudy,Wet,Highway,Straight Road,Daylight,Signal,Suburban,Car,No,No,High
ACC14477,41,19,52.4,44.6,9.44,5,7.1,6,0.83,22.3,1,Monday,Clear,Icy,Residential,Roundabout,Daylight,Signal,Rural,Truck,No,No,Medium
ACC14478,40,22,80.6,84.4,7.8,3,10.1,5,0.01,34.2,20,Saturday,Clear,Damaged,Residential,T-Junction,Daylight,Signal,Urban,SUV,No,Yes,High
ACC14479,41,22,56.5,45.5,11.95,5,6.4,4,0.53,29.3,0,Thursday,Cloudy,Dry,Urban Road,Crossroad,Daylight,Uncontrolled,Urban,Car,No,No,Medium
ACC14480,31,7,75.5,31.2,7.04,3,6.5,3,0.05,18.5,13,Saturday,Cloudy,Dry,Urban Road,Roundabout,Daylight,Signal,Urban,Bus,No,Yes,Medium
ACC14481,35,11,40.3,84.0,3.47,5,13.0,2,0.87,23.6,21,Tuesday,Clear,Dry,Urban Road,T-Junction,Street Lights,Signal,Urban,Motorcycle,No,No,High
ACC14482,37,24,60.9,66.0,9.74,4,9.8,7,2.97,29.5,3,Friday,Cloudy,Dry,Highway,Crossroad,Daylight,Traffic Police,Urban,Motorcycle,Yes,No,Medium
ACC14483,36,18,114.0,61.9,8.07,4,9.2,4,2.35,28.5,13,Tuesday,Cloudy,Wet,Urban Road,T-Junction,Poor,Uncontrolled,Urban,SUV,No,No,High
ACC14484,33,24,40.2,65.6,9.76,4,6.7,5,1.54,24.2,23,Saturday,Cloudy,Wet,Highway,Straight Road,Daylight,Signal,Suburban,Truck,No,Yes,High
ACC14485,55,42,69.0,50.2,6.91,2,10.9,2,1.11,26.1,6,Wednesday,Clear,Damaged,Urban Road,Roundabout,Daylight,Stop Sign,Urban,Bus,No,No,High
ACC14486,39,29,57.2,72.6,,6,9.4,7,9.53,26.1,14,Thursday,Rain,Wet,Highway,Crossroad,Street Lights,Uncontrolled,Rural,Motorcycle,No,No,High
ACC14487,40,28,65.2,27.8,7.35,2,10.7,5,0.89,21.1,17,Friday,Clear,Dry,Urban Road,T-Junction,Poor,Uncontrolled,Rural,Car,No,No,Low
ACC14488,22,3,59.1,100.0,4.22,4,6.5,10,0.97,30.7,2,Friday,Clear,Dry,Rural Road,Crossroad,Daylight,Uncontrolled,Urban,Truck,No,No,High
ACC14489,60,51,25.6,37.0,9.64,2,10.7,10,6.72,32.8,4,Monday,Rain,Dry,Urban Road,Intersection,Daylight,Stop Sign,Urban,SUV,No,Yes,Low
ACC14490,45,36,66.4,31.0,9.4,4,6.7,4,2.44,21.1,6,Tuesday,Cloudy,Dry,Urban Road,Roundabout,Poor,Signal,Suburban,Bus,No,No,Low
ACC14491,39,26,64.6,73.5,10.56,3,5.4,5,1.23,36.5,17,Friday,Clear,Dry,Residential,Straight Road,Daylight,Stop Sign,Urban,Car,No,No,Medium
ACC14492,54,47,87.0,35.3,1.82,3,12.4,6,48.31,24.6,7,Tuesday,Rain,Dry,Rural Road,Crossroad,Daylight,Stop Sign,Urban,Car,Yes,No,High
ACC14493,22,1,35.9,79.6,7.97,2,10.7,9,0.13,40.9,10,Wednesday,Cloudy,Dry,Urban Road,T-Junction,Daylight,Stop Sign,Urban,Motorcycle,No,Yes,Medium
ACC14494,23,0,63.1,75.3,6.86,2,9.4,4,28.89,29.6,6,Monday,Rain,Dry,Urban Road,Crossroad,Street Lights,Signal,Rural,Motorcycle,No,No,High
ACC14495,47,26,36.9,31.0,10.32,5,9.7,2,14.51,26.9,17,Sunday,Rain,Wet,Rural Road,T-Junction,Daylight,Signal,Suburban,Car,No,No,Medium
ACC14496,49,33,76.4,55.6,8.33,1,5.6,7,1.8,37.5,18,Wednesday,Cloudy,Dry,Highway,Crossroad,Street Lights,Traffic Police,Urban,Car,No,No,Low
ACC14497,18,0,71.0,95.0,7.06,6,10.7,9,3.03,18.1,10,Monday,Cloudy,Dry,Rural Road,Straight Road,Street Lights,Signal,Urban,Bus,No,No,High
ACC14498,24,3,53.4,46.4,,2,7.0,8,0.01,34.1,21,Monday,Clear,Dry,Highway,Straight Road,Poor,Signal,Urban,Truck,No,No,Medium
ACC14499,18,12,34.1,40.3,12.0,3,11.8,4,1.08,21.3,17,Tuesday,Clear,Damaged,Urban Road,Roundabout,,Uncontrolled,Urban,Bus,Yes,No,Low
ACC14500,46,33,58.0,55.2,11.85,2,8.4,2,1.54,22.3,13,Sunday,Clear,Dry,Highway,Straight Road,Daylight,Signal,Urban,SUV,No,No,Low
ACC14501,36,28,67.6,70.5,8.91,4,8.5,3,1.99,21.5,17,Sunday,Cloudy,Dry,Rural Road,Crossroad,Daylight,Signal,Rural,Car,No,No,Low
ACC14502,40,33,77.5,46.7,6.91,2,8.8,6,3.48,18.3,17,Saturday,Cloudy,Wet,Residential,Crossroad,Daylight,Stop Sign,Urban,SUV,No,No,Medium
ACC14503,24,4,34.3,39.8,12.0,1,5.5,4,0.94,29.7,20,Monday,Clear,Dry,Urban Road,Straight Road,,Stop Sign,Urban,Truck,No,Yes,Medium
ACC14504,38,16,39.8,74.7,11.43,1,8.6,4,0.6,26.9,19,Wednesday,Clear,Damaged,Highway,Intersection,Street Lights,Stop Sign,Urban,SUV,No,No,Medium
ACC14505,18,11,38.9,100.0,10.21,2,7.3,6,1.07,20.9,5,Saturday,Cloudy,Dry,Urban Road,Crossroad,Street Lights,Traffic Police,Urban,Car,No,No,Medium
ACC14506,44,35,53.8,57.9,7.1,3,9.0,5,0.6,34.7,2,Wednesday,Clear,Dry,Highway,Roundabout,Street Lights,Signal,Rural,Car,No,No,Medium
ACC14507,55,46,47.0,43.6,5.19,3,4.2,3,20.72,27.5,10,Sunday,Rain,Dry,Residential,Intersection,Poor,Uncontrolled,Urban,Truck,No,No,High
ACC14508,18,0,73.3,51.9,4.97,2,12.0,4,0.09,22.1,9,Saturday,Clear,Wet,Highway,Straight Road,,Signal,Urban,SUV,No,No,High
ACC14509,50,27,67.8,21.6,8.05,6,9.6,14,2.15,31.5,4,Wednesday,Cloudy,Dry,Residential,T-Junction,Poor,Signal,Urban,Bus,No,No,Medium
ACC14510,34,14,71.8,57.0,9.38,3,7.5,5,2.09,22.8,4,Tuesday,Fog,Dry,Highway,Crossroad,Daylight,Uncontrolled,Urban,Truck,No,No,High
ACC14511,39,18,80.2,71.0,3.09,3,6.7,8,0.61,28.5,7,Tuesday,Clear,Dry,Residential,T-Junction,Street Lights,Signal,Rural,Car,No,No,High
ACC14512,31,19,31.0,42.9,10.51,4,10.8,7,2.58,25.0,3,Thursday,Cloudy,Dry,Rural Road,Roundabout,Daylight,Stop Sign,Urban,Truck,No,No,Low
ACC14513,23,10,56.1,19.3,4.21,1,5.4,7,0.31,20.0,12,Sunday,Clear,Dry,Urban Road,Intersection,Street Lights,Signal,Urban,Bus,No,No,High
ACC14514,53,42,60.0,79.8,7.41,4,7.1,4,8.76,30.6,19,Sunday,Cloudy,Wet,Urban Road,T-Junction,Daylight,Signal,Urban,Bus,No,No,High
ACC14515,28,4,42.6,21.7,11.13,5,7.1,5,1.98,40.0,10,Friday,Cloudy,Wet,Highway,Roundabout,Street Lights,Stop Sign,Suburban,Truck,Yes,No,Medium
ACC14516,52,32,57.1,52.8,12.0,1,7.0,6,0.69,15.2,5,Thursday,Clear,Dry,Urban Road,T-Junction,Poor,Uncontrolled,Suburban,Car,No,No,Medium
ACC14517,44,32,65.6,95.3,8.33,2,7.7,5,2.98,26.2,5,Thursday,Cloudy,Dry,Highway,T-Junction,Street Lights,Signal,Suburban,Truck,No,No,High
ACC14518,32,24,48.3,66.9,7.64,5,6.6,5,4.87,17.8,11,Monday,Fog,Wet,Highway,Roundabout,Street Lights,Traffic Police,Urban,Motorcycle,Yes,No,High
ACC14519,54,45,58.7,11.4,7.75,2,6.1,7,1.05,25.0,9,Sunday,Clear,Dry,Residential,Crossroad,Daylight,Signal,Rural,SUV,No,No,Low
ACC14520,35,26,51.7,29.3,7.71,4,10.5,7,1.8,39.5,5,Monday,Clear,Dry,Highway,T-Junction,Daylight,Signal,Urban,Truck,No,No,Low
ACC14521,50,33,68.9,38.4,10.03,2,10.7,4,0.37,21.8,16,Thursday,Fog,Dry,Rural Road,Roundabout,Poor,Signal,Urban,Truck,No,No,High
ACC14522,49,26,74.6,30.5,6.52,5,10.2,6,0.21,28.3,7,Friday,Cloudy,Wet,Residential,T-Junction,Street Lights,Signal,Suburban,SUV,No,No,Medium
ACC14523,21,0,67.4,24.5,6.45,3,7.5,6,6.62,29.6,4,Thursday,Fog,Damaged,Residential,Crossroad,Street Lights,Signal,Urban,Car,No,Yes,High
ACC14524,27,21,84.5,32.9,6.37,4,8.1,6,2.22,25.8,21,Tuesday,Cloudy,Wet,Urban Road,Roundabout,Daylight,Uncontrolled,Urban,Car,No,No,High
ACC14525,33,14,20.0,72.9,10.57,3,6.9,6,11.65,11.1,10,Wednesday,Rain,Dry,Highway,T-Junction,Daylight,Stop Sign,Urban,Truck,Yes,No,Low
ACC14526,33,25,50.5,79.0,9.18,7,9.4,2,1.14,31.5,9,Thursday,Clear,Dry,Urban Road,Straight Road,Daylight,Signal,Urban,Car,No,No,Medium
ACC14527,40,29,37.7,18.2,8.88,3,9.9,7,13.21,27.4,3,Monday,Rain,Damaged,Highway,Crossroad,Daylight,Traffic Police,Urban,Car,Yes,No,Medium
ACC14528,18,2,85.9,100.0,12.0,3,5.0,8,16.11,30.2,9,Friday,Fog,Dry,Highway,T-Junction,Daylight,Signal,Suburban,SUV,No,No,High
ACC14529,35,13,35.3,79.7,9.61,1,8.8,3,0.64,28.8,12,Monday,Cloudy,Icy,Rural Road,Intersection,Daylight,Signal,Urban,Motorcycle,No,No,Medium
ACC14530,41,31,83.5,100.0,12.0,3,9.0,5,0.34,28.5,21,Sunday,Clear,Damaged,Highway,Roundabout,Daylight,Signal,Suburban,Car,Yes,No,High
ACC14531,45,23,52.3,31.2,11.44,3,10.3,5,0.55,34.4,10,Tuesday,Clear,Dry,Highway,T-Junction,Street Lights,Signal,Rural,Car,Yes,No,Low
ACC14532,29,9,45.0,28.1,5.42,1,7.2,6,0.16,23.9,3,Sunday,Clear,,Residential,Crossroad,Daylight,Stop Sign,Urban,Car,No,No,Medium
ACC14533,24,6,63.3,78.6,10.55,2,6.1,7,0.4,36.5,16,Saturday,Clear,Dry,Urban Road,Crossroad,Street Lights,Signal,Urban,Motorcycle,No,No,High
ACC14534,31,23,93.1,69.3,11.6,3,7.9,11,0.8,15.3,7,Monday,Clear,Wet,Highway,Intersection,Poor,Stop Sign,Rural,Car,No,No,High
ACC14535,41,27,42.0,66.8,4.78,6,10.5,12,2.01,23.3,21,Sunday,Cloudy,Dry,Rural Road,Intersection,Daylight,Uncontrolled,Suburban,SUV,No,No,Medium
ACC14536,22,11,62.5,50.3,9.65,3,7.3,7,1.99,24.8,13,Saturday,Cloudy,Dry,Urban Road,T-Junction,Poor,Uncontrolled,Urban,Motorcycle,Yes,No,High
ACC14537,32,15,64.4,52.5,4.29,5,5.4,4,0.22,32.3,19,Monday,Clear,Wet,Highway,Straight Road,Poor,Uncontrolled,Urban,Car,No,No,High
ACC14538,30,12,39.9,78.7,8.75,2,5.2,8,1.3,27.0,12,Friday,Cloudy,Wet,Urban Road,Crossroad,Daylight,Signal,Suburban,Car,No,No,Low
ACC14539,18,12,46.3,42.5,10.83,4,8.5,5,0.49,20.7,19,Sunday,Clear,Dry,Residential,Straight Road,Daylight,Signal,Suburban,Truck,No,No,Low
ACC14540,18,0,48.1,21.6,5.84,2,9.5,4,0.5,21.8,22,Saturday,Clear,Dry,Urban Road,Straight Road,Daylight,Stop Sign,Suburban,Car,No,No,Low
ACC14541,51,36,59.9,65.7,9.78,3,12.4,5,0.06,21.1,23,Friday,Clear,Dry,Urban Road,T-Junction,Street Lights,Signal,Suburban,Motorcycle,No,No,Low
ACC14542,44,22,32.0,90.8,4.27,5,8.4,9,5.58,32.6,9,Monday,Cloudy,Dry,Highway,Roundabout,Daylight,Signal,Suburban,SUV,No,No,Medium
ACC14543,46,25,58.6,22.1,8.87,5,9.4,3,0.91,33.1,1,Monday,Clear,Dry,Urban Road,Roundabout,Daylight,Stop Sign,Urban,Car,No,No,Low
ACC14544,31,18,37.1,57.3,8.92,2,9.2,5,1.21,27.9,13,Thursday,Clear,Dry,Urban Road,Roundabout,Street Lights,Signal,Suburban,Car,No,No,Medium
ACC14545,37,12,54.3,6.1,8.36,5,9.0,7,1.5,25.9,3,Tuesday,Clear,Dry,Highway,Intersection,Daylight,Uncontrolled,Rural,Bus,No,No,Low
ACC14546,41,24,37.2,85.7,6.26,4,9.3,4,3.27,30.5,22,Saturday,Rain,Dry,Highway,Crossroad,Poor,Signal,Urban,Car,Yes,No,High
ACC14547,52,28,81.8,36.5,9.88,3,5.0,7,0.14,28.8,18,Thursday,Clear,Dry,Highway,Intersection,Daylight,Traffic Police,Suburban,Car,No,Yes,High
ACC14548,39,20,62.8,58.3,9.98,4,9.4,6,4.73,22.1,18,Friday,Cloudy,Dry,Highway,Crossroad,Poor,Uncontrolled,Urban,Car,No,No,High
ACC14549,28,15,43.6,59.4,12.0,6,8.5,3,20.95,21.0,21,Thursday,Rain,Dry,Highway,Crossroad,Daylight,Signal,Urban,SUV,No,Yes,Medium
ACC14550,42,32,88.3,60.2,12.0,4,12.4,8,4.01,27.5,22,Thursday,Rain,Damaged,Rural Road,Crossroad,Daylight,Stop Sign,Rural,SUV,No,No,High
ACC14551,18,4,30.4,70.7,5.44,6,9.4,4,4.27,35.6,22,Saturday,Fog,Dry,Urban Road,T-Junction,Daylight,Stop Sign,Urban,Car,No,No,Medium
ACC14552,25,1,57.5,95.3,6.35,6,7.9,9,0.77,23.3,2,Monday,Clear,Damaged,Urban Road,Roundabout,Poor,Uncontrolled,Urban,Motorcycle,Yes,No,High
ACC14553,36,28,65.8,50.2,7.18,5,4.9,10,0.27,32.7,3,Monday,Clear,Wet,Rural Road,Intersection,Daylight,Stop Sign,Urban,Car,Yes,No,High
ACC14554,42,28,52.5,52.6,8.17,4,10.1,10,3.97,33.6,6,Saturday,Fog,Wet,Residential,Intersection,Street Lights,Stop Sign,Urban,Truck,No,No,High
ACC14555,43,31,55.3,31.0,7.72,5,10.8,2,9.41,29.4,2,Tuesday,Cloudy,Wet,Urban Road,T-Junction,Poor,Signal,Suburban,Car,No,No,Low
ACC14556,31,9,45.4,15.1,8.96,3,9.9,1,3.66,24.8,2,Wednesday,Cloudy,Wet,Highway,Crossroad,Street Lights,Signal,Urban,Car,Yes,No,Low
ACC14557,34,13,42.4,44.0,6.01,6,12.6,4,15.88,29.1,8,Wednesday,Rain,Dry,Highway,Roundabout,Daylight,Traffic Police,Urban,Bus,No,No,Medium
ACC14558,31,15,73.6,68.4,6.83,2,5.8,3,14.85,28.8,8,Saturday,Rain,Dry,Highway,Straight Road,Poor,Signal,Urban,Car,No,No,High
ACC14559,43,30,59.6,52.4,1.88,3,6.6,10,3.49,25.4,3,Saturday,Fog,Wet,Rural Road,Straight Road,Poor,Signal,Urban,Car,Yes,No,High
ACC14560,41,22,63.6,89.3,8.46,2,8.6,5,19.93,26.9,23,Thursday,Storm,Dry,Urban Road,T-Junction,Daylight,Signal,Suburban,Bus,Yes,No,High
ACC14561,34,10,69.7,57.4,6.09,7,9.4,6,27.97,22.1,18,Tuesday,Rain,Wet,Rural Road,Roundabout,Street Lights,Uncontrolled,Suburban,Bus,No,No,High
ACC14562,28,21,46.7,92.3,7.0,2,9.7,10,0.25,21.9,20,Tuesday,Clear,Dry,Urban Road,Straight Road,Poor,Stop Sign,Urban,Truck,Yes,No,High
ACC14563,39,16,45.3,61.2,10.47,1,9.6,10,7.12,21.2,19,Friday,Fog,Wet,Highway,Straight Road,Poor,Uncontrolled,Urban,SUV,No,No,Medium
ACC14564,36,25,44.7,44.8,,2,7.4,5,0.36,22.0,23,Monday,Clear,Dry,Rural Road,Intersection,Daylight,Uncontrolled,Suburban,Motorcycle,No,No,Low
ACC14565,52,47,58.8,26.7,8.85,2,10.6,5,0.54,31.3,19,Sunday,Clear,Dry,Highway,Roundabout,Street Lights,Uncontrolled,Urban,Car,No,No,Low
ACC14566,34,14,92.9,5.0,11.43,2,7.5,8,0.55,34.5,5,Saturday,Fog,Dry,Urban Road,Straight Road,Daylight,Stop Sign,Urban,Car,No,No,High
ACC14567,33,12,58.7,41.8,9.57,5,8.1,4,0.47,19.8,0,Sunday,,Wet,Residential,Intersection,Daylight,Signal,Suburban,Car,No,No,Medium
ACC14568,26,15,20.0,74.5,11.52,5,4.9,2,0.39,30.7,16,Saturday,Clear,Damaged,Residential,Roundabout,Daylight,Signal,Urban,Car,No,No,Medium
ACC14569,52,31,63.0,47.6,12.0,1,10.4,4,0.02,38.1,17,Saturday,Clear,,Rural Road,Crossroad,Daylight,Stop Sign,Urban,Motorcycle,No,No,Medium
ACC14570,36,15,64.6,34.9,8.01,3,5.9,7,19.35,27.4,4,Saturday,Fog,Wet,Highway,Roundabout,Street Lights,Signal,Urban,Car,No,No,High
ACC14571,38,19,75.7,55.3,8.48,4,8.7,2,2.89,33.1,6,Friday,Cloudy,Dry,Urban Road,T-Junction,Daylight,Stop Sign,Urban,Motorcycle,Yes,No,High
ACC14572,54,48,81.1,56.1,9.41,3,7.1,9,40.8,26.6,14,Wednesday,Rain,Dry,Residential,Intersection,Daylight,Stop Sign,Urban,Car,No,No,Medium
ACC14573,48,30,109.6,46.4,4.74,5,6.7,2,0.26,23.0,16,Tuesday,Clear,Dry,Highway,Crossroad,Daylight,Stop Sign,Rural,Car,No,Yes,High
ACC14574,20,0,56.9,71.1,9.67,1,9.9,3,11.93,18.4,0,Sunday,Rain,Dry,Residential,Intersection,Daylight,Signal,Urban,Truck,No,Yes,High
ACC14575,48,31,62.3,53.0,10.25,2,10.2,6,12.86,29.1,14,Wednesday,Rain,Dry,Urban Road,Intersection,Poor,Signal,Suburban,Car,Yes,No,Medium
ACC14576,48,36,64.0,94.9,3.96,2,6.5,4,0.08,28.9,1,Monday,Clear,Dry,Urban Road,Straight Road,Poor,Uncontrolled,Rural,Car,No,No,Medium
ACC14577,18,2,51.8,45.8,,1,12.5,6,1.28,25.1,20,Monday,Clear,Wet,Residential,Roundabout,Daylight,Signal,Suburban,SUV,No,No,Low
ACC14578,52,27,53.8,41.1,4.75,4,5.8,6,0.08,33.4,18,Saturday,Clear,Wet,Highway,Intersection,Poor,Uncontrolled,Suburban,Truck,No,No,High
ACC14579,29,15,45.0,50.7,9.28,2,4.5,6,24.22,24.3,5,Sunday,Storm,Dry,Urban Road,Intersection,Daylight,Stop Sign,Suburban,Motorcycle,No,No,High
ACC14580,43,21,50.7,77.4,6.3,2,4.9,7,3.99,20.3,20,Monday,Cloudy,Dry,Urban Road,T-Junction,Street Lights,Traffic Police,Urban,Motorcycle,No,No,High
ACC14581,29,21,55.7,70.5,11.5,5,10.1,9,5.02,23.9,1,Wednesday,Fog,Dry,Highway,T-Junction,Poor,Uncontrolled,Rural,Truck,Yes,Yes,High
ACC14582,60,54,66.8,45.1,10.05,5,4.8,5,0.19,25.0,14,Sunday,,Dry,Urban Road,T-Junction,Daylight,Signal,Urban,Car,Yes,No,High
ACC14583,37,24,65.6,33.7,12.0,1,11.7,7,16.57,30.8,20,Tuesday,,Dry,Highway,Intersection,Street Lights,Stop Sign,Rural,Car,No,No,Low
ACC14584,45,37,37.8,26.0,7.03,2,9.8,6,15.18,35.7,14,Sunday,Rain,Dry,Highway,Crossroad,Daylight,Signal,Suburban,Truck,No,No,Low
ACC14585,37,25,33.8,29.9,12.0,2,14.9,5,6.04,27.9,5,Friday,Rain,Damaged,Rural Road,Roundabout,Daylight,Signal,Rural,Car,No,No,Low
ACC14586,23,4,49.3,95.4,2.45,5,8.7,13,55.62,23.8,19,Tuesday,Storm,Wet,Highway,Intersection,Street Lights,Uncontrolled,Urban,Car,Yes,No,High
ACC14587,34,20,86.4,39.2,9.21,2,6.1,1,1.52,28.7,2,Tuesday,Clear,Dry,Residential,Straight Road,Poor,Stop Sign,Rural,Car,No,No,Medium
ACC14588,20,9,65.2,38.8,8.76,2,8.6,9,1.67,21.5,16,Thursday,Clear,Dry,Urban Road,Crossroad,Daylight,Stop Sign,Urban,Car,No,No,Medium
ACC14589,38,15,60.7,75.2,10.5,3,10.0,4,7.69,28.4,5,Tuesday,,Dry,Highway,Crossroad,Poor,Signal,Suburban,SUV,No,No,Medium
ACC14590,33,28,71.3,58.1,6.99,6,9.2,3,10.92,37.3,21,Friday,Rain,Wet,Urban Road,Roundabout,Poor,Uncontrolled,Urban,Car,No,No,High
ACC14591,20,0,35.8,82.8,10.38,2,12.7,3,3.81,16.9,0,Thursday,Cloudy,Dry,Rural Road,Crossroad,Daylight,Signal,Suburban,Car,No,Yes,Medium
ACC14592,30,13,71.1,89.0,5.7,1,6.2,3,1.04,21.7,1,Tuesday,Clear,Dry,Residential,Roundabout,Daylight,Uncontrolled,Suburban,Truck,No,No,High
ACC14593,23,17,47.4,85.0,6.85,6,11.4,6,5.73,17.8,1,Thursday,Cloudy,Wet,Rural Road,Crossroad,Street Lights,Stop Sign,Urban,Motorcycle,No,No,High
ACC14594,30,24,29.0,,8.2,1,7.0,1,2.33,34.6,12,Sunday,Clear,Dry,Highway,Roundabout,Daylight,Signal,Urban,Motorcycle,No,No,Low
ACC14595,33,25,54.7,5.0,9.65,2,12.3,9,0.65,18.8,13,Tuesday,Clear,Dry,Highway,T-Junction,Daylight,Signal,Urban,Motorcycle,No,No,Low
ACC14596,43,18,77.1,19.3,4.69,3,11.7,9,2.45,27.1,21,Monday,Cloudy,Dry,Rural Road,T-Junction,Poor,Signal,Suburban,Motorcycle,Yes,No,Medium
ACC14597,25,18,61.4,59.8,9.03,3,6.6,5,11.66,26.6,16,Monday,Rain,Dry,Residential,Crossroad,Street Lights,Uncontrolled,Suburban,Bus,No,No,High
ACC14598,26,6,55.9,84.4,4.65,2,9.1,5,0.52,23.1,8,Tuesday,Clear,Dry,Residential,Crossroad,Daylight,Uncontrolled,Urban,Car,No,No,High
ACC14599,39,26,44.3,35.5,5.57,2,8.3,12,1.05,29.2,8,Sunday,Clear,Dry,Highway,Roundabout,Street Lights,Stop Sign,Urban,Car,No,No,Medium
ACC14600,36,26,55.1,68.0,11.27,4,8.3,3,0.18,30.4,2,Thursday,Clear,Dry,Residential,Roundabout,Daylight,Stop Sign,Suburban,SUV,No,No,Medium
ACC14601,43,26,96.8,48.1,10.57,3,5.3,8,0.77,27.3,6,Friday,Clear,Dry,Urban Road,Intersection,Daylight,Stop Sign,Urban,Car,No,No,Medium
ACC14602,33,21,72.0,97.0,11.44,1,7.3,5,7.51,18.1,20,Monday,Rain,Wet,Urban Road,T-Junction,Poor,Stop Sign,Rural,Car,No,No,High
ACC14603,41,30,58.5,44.5,5.66,1,8.8,5,2.21,21.7,0,Thursday,Fog,Dry,Urban Road,Intersection,Poor,Stop Sign,Urban,Car,No,No,High
ACC14604,18,8,40.9,77.5,5.92,3,9.2,9,1.6,23.4,12,Friday,Clear,Dry,Urban Road,Intersection,Daylight,Signal,Urban,Car,No,No,Low
ACC14605,27,13,22.0,54.7,6.16,4,9.7,2,5.85,36.0,11,Thursday,Rain,Wet,Rural Road,Straight Road,Daylight,Uncontrolled,Urban,Car,No,No,Medium
ACC14606,35,27,35.7,65.2,8.74,2,7.3,5,5.16,33.8,18,Tuesday,Fog,Wet,Residential,Roundabout,Street Lights,Uncontrolled,Urban,Car,No,No,Medium
ACC14607,34,12,51.9,45.9,11.74,4,10.4,3,24.64,20.1,12,Monday,Rain,Wet,Rural Road,Straight Road,Daylight,Signal,Urban,Car,Yes,Yes,High
ACC14608,37,20,40.3,66.1,8.15,4,7.1,5,0.83,27.8,17,Monday,Clear,Dry,Highway,Straight Road,,Uncontrolled,Urban,Car,No,No,High
ACC14609,45,39,31.0,9.2,3.41,3,4.6,8,31.78,39.9,7,Monday,Storm,Dry,Highway,Intersection,Daylight,Stop Sign,Urban,Car,No,No,Medium
ACC14610,29,15,55.1,26.7,8.23,2,3.0,8,0.92,39.7,4,Tuesday,Clear,Wet,Rural Road,Straight Road,Street Lights,Signal,Suburban,Bus,Yes,No,Medium
ACC14611,38,20,32.3,34.6,7.86,1,5.5,5,0.05,27.7,13,Friday,Clear,Wet,Highway,Roundabout,Daylight,Signal,Suburban,Bus,No,No,Low
ACC14612,32,10,65.0,72.9,11.12,4,7.1,11,0.93,27.8,23,Friday,Clear,Dry,Rural Road,Intersection,Daylight,Uncontrolled,Urban,Motorcycle,No,No,High
ACC14613,40,35,73.0,49.7,8.92,2,8.6,5,2.87,36.5,17,Saturday,Cloudy,Damaged,Rural Road,Roundabout,Daylight,Uncontrolled,Suburban,SUV,No,No,Low
ACC14614,40,26,87.9,5.0,8.82,3,12.9,3,0.26,20.3,11,Saturday,Clear,Dry,Rural Road,Crossroad,Daylight,Uncontrolled,Rural,Truck,No,No,Low
ACC14615,23,4,38.7,58.4,8.28,3,6.8,2,0.41,28.5,1,Sunday,Clear,Icy,Highway,Straight Road,Daylight,Uncontrolled,Rural,Truck,No,No,Medium
ACC14616,39,30,46.6,21.6,5.41,4,10.7,12,0.65,29.8,9,Monday,Clear,Damaged,Residential,Intersection,Daylight,Signal,Rural,Car,No,No,Medium
ACC14617,42,33,38.8,78.7,7.87,1,6.3,6,46.0,24.9,18,Saturday,Rain,Wet,Urban Road,T-Junction,Daylight,Signal,Rural,Bus,No,No,Medium
ACC14618,37,22,75.1,70.3,8.92,6,9.9,7,6.37,12.9,2,Sunday,Fog,Damaged,Highway,Roundabout,Poor,Signal,Urban,SUV,No,No,High
ACC14619,39,16,41.8,22.9,8.3,4,7.6,8,1.12,27.8,20,Friday,Clear,Wet,Rural Road,Straight Road,Daylight,Uncontrolled,Urban,Car,No,No,Low
ACC14620,37,24,49.3,67.6,3.42,3,11.9,5,8.34,26.4,11,Saturday,Fog,Dry,Highway,Roundabout,Daylight,Traffic Police,Urban,Truck,No,No,High
ACC14621,26,11,57.8,96.8,10.31,3,12.2,7,3.17,28.2,5,Saturday,Fog,Dry,Residential,Roundabout,Poor,Signal,Suburban,Truck,No,No,High
ACC14622,30,12,39.4,25.6,8.67,5,12.6,7,9.46,22.2,2,Monday,Rain,Dry,Urban Road,Crossroad,Street Lights,Uncontrolled,Rural,Car,No,No,Medium
ACC14623,37,26,80.7,60.2,10.86,3,8.2,6,0.51,21.1,11,Friday,Clear,Dry,Highway,Roundabout,Street Lights,Stop Sign,Urban,Motorcycle,Yes,No,High
ACC14624,34,12,35.8,63.8,7.54,4,9.6,5,25.67,28.8,13,Sunday,Rain,Wet,Residential,Crossroad,Daylight,Signal,Urban,Car,No,No,Medium
ACC14625,28,4,60.6,43.1,8.84,2,8.6,8,16.79,23.5,17,Monday,Fog,Dry,Highway,Crossroad,Daylight,Stop Sign,Suburban,Car,No,No,Low
ACC14626,27,9,40.1,65.4,3.86,3,9.7,8,8.01,23.7,8,Friday,Rain,Dry,Highway,Crossroad,Street Lights,Uncontrolled,Urban,Car,No,No,Medium
ACC14627,34,16,48.8,44.6,7.26,3,10.7,2,0.39,30.0,18,Thursday,Clear,Dry,Urban Road,Straight Road,Street Lights,Signal,Urban,Motorcycle,No,No,Low
ACC14628,20,2,58.4,25.0,11.65,3,8.6,3,2.49,33.0,17,Monday,Cloudy,Damaged,Urban Road,Roundabout,Daylight,Uncontrolled,Urban,Truck,Yes,No,Medium
ACC14629,30,21,40.9,71.8,10.12,1,9.3,5,1.48,27.9,20,Saturday,Cloudy,Dry,Rural Road,Roundabout,Daylight,Signal,Rural,SUV,No,Yes,Medium
ACC14630,49,29,20.0,44.9,6.48,2,13.4,6,2.84,27.2,18,Sunday,Cloudy,Dry,Urban Road,Crossroad,Poor,Signal,Urban,Motorcycle,No,No,Low
ACC14631,38,26,77.8,27.9,6.46,2,11.9,7,0.65,28.5,14,Sunday,Clear,Dry,Residential,Roundabout,Daylight,Signal,Urban,Car,Yes,No,Medium
ACC14632,30,5,23.5,68.6,10.17,5,6.0,4,0.14,27.7,6,Sunday,Clear,Wet,Rural Road,Roundabout,Daylight,Uncontrolled,Urban,Car,No,No,Low
ACC14633,30,10,48.8,63.5,4.42,3,8.5,5,14.68,35.0,18,Saturday,Rain,Dry,Urban Road,Crossroad,Daylight,Signal,Urban,SUV,No,No,High
ACC14634,61,44,58.4,94.8,9.48,1,6.4,10,8.43,25.6,1,Monday,Fog,Wet,Rural Road,T-Junction,Street Lights,Uncontrolled,Urban,Motorcycle,No,No,High
ACC14635,35,12,57.5,69.8,11.86,1,10.4,8,0.08,21.1,14,Saturday,Clear,Dry,Highway,T-Junction,Street Lights,Stop Sign,Urban,Truck,No,No,Low
ACC14636,41,17,60.2,47.9,4.97,1,5.3,7,18.38,21.1,16,Wednesday,Storm,Dry,Urban Road,Crossroad,Street Lights,Stop Sign,Urban,Car,No,No,Medium
ACC14637,27,6,53.7,73.9,8.84,3,11.2,7,0.35,28.5,10,Monday,Clear,Damaged,Urban Road,Straight Road,Daylight,Uncontrolled,Urban,Motorcycle,No,No,High
ACC14638,40,20,60.3,33.8,9.03,3,6.2,8,15.4,28.3,2,Friday,Rain,Dry,Highway,Roundabout,Daylight,Signal,Suburban,Car,Yes,Yes,High
ACC14639,20,14,64.7,93.1,9.25,1,5.7,4,4.12,21.2,9,Sunday,,Dry,Rural Road,Roundabout,Daylight,Uncontrolled,Urban,Car,No,No,High
ACC14640,31,12,82.4,43.9,8.54,2,5.2,3,4.75,25.2,23,Thursday,Rain,Dry,Highway,T-Junction,Street Lights,Signal,Rural,Bus,Yes,No,High
ACC14641,32,20,47.7,17.8,11.11,3,4.1,7,1.12,20.8,17,Thursday,Fog,Dry,Highway,Crossroad,Street Lights,Stop Sign,Urban,Motorcycle,Yes,No,High
ACC14642,18,0,80.7,43.6,6.07,4,8.0,4,0.38,23.8,23,Friday,Clear,Dry,Rural Road,Straight Road,Poor,Uncontrolled,Urban,Car,Yes,Yes,High
ACC14643,40,23,52.9,45.4,6.44,6,8.0,1,1.23,18.4,15,Tuesday,Fog,Dry,Rural Road,Crossroad,Daylight,Uncontrolled,Rural,Bus,No,No,Low
ACC14644,29,17,68.4,80.1,3.97,4,5.8,4,1.97,31.3,17,Sunday,Clear,Dry,Highway,T-Junction,Street Lights,Signal,Urban,Motorcycle,No,No,High
ACC14645,44,32,62.3,33.1,7.64,3,5.7,0,63.32,21.8,16,Saturday,Rain,Dry,Rural Road,T-Junction,Daylight,Stop Sign,Urban,Car,Yes,No,Low
ACC14646,32,16,40.4,46.4,10.6,3,11.1,6,15.47,26.3,14,Monday,Rain,Wet,Urban Road,Roundabout,Daylight,Signal,Urban,SUV,No,No,Low
ACC14647,24,9,31.1,58.9,8.32,2,9.6,4,20.17,23.4,6,Sunday,Rain,Wet,Residential,Intersection,Daylight,Signal,Rural,Car,No,No,Low
ACC14648,41,28,65.6,57.9,10.5,3,9.5,9,0.59,34.6,6,Thursday,Clear,Dry,Highway,Straight Road,Daylight,Signal,Rural,Bus,No,No,Medium
ACC14649,33,24,37.3,96.0,7.75,3,7.0,6,7.01,30.6,11,Friday,Fog,Dry,Rural Road,Straight Road,Poor,Signal,Urban,Bus,No,No,High
ACC14650,35,14,40.2,73.2,3.68,4,6.6,6,0.19,32.7,6,Thursday,Clear,Dry,Highway,Intersection,Daylight,Uncontrolled,Suburban,Car,Yes,No,High
ACC14651,41,27,51.8,38.4,7.88,6,4.3,4,0.11,22.4,19,Sunday,Clear,Dry,Urban Road,T-Junction,Poor,Uncontrolled,Urban,Motorcycle,No,No,High
ACC14652,37,30,77.4,73.7,5.8,3,10.8,4,17.4,29.3,9,Sunday,Rain,Dry,Highway,Crossroad,Daylight,Signal,Rural,Car,No,No,Medium
ACC14653,28,21,82.2,49.5,6.93,2,11.6,6,0.46,30.2,5,Sunday,Cloudy,Dry,Highway,Straight Road,Daylight,Uncontrolled,Urban,Car,No,No,High
ACC14654,18,8,33.0,100.0,4.32,5,10.0,8,8.17,29.7,18,Sunday,Rain,,Rural Road,Intersection,Daylight,Signal,Rural,Truck,Yes,No,High
ACC14655,25,9,20.0,52.0,10.0,1,7.8,2,1.2,25.3,17,Thursday,Clear,Dry,Highway,Roundabout,Daylight,Stop Sign,Urban,Car,No,No,Low
ACC14656,33,25,55.0,76.2,10.05,3,7.2,4,0.22,32.2,2,Sunday,Clear,Dry,Rural Road,Roundabout,Daylight,Uncontrolled,Urban,Car,No,No,High
ACC14657,35,26,45.7,84.2,9.13,5,10.1,11,12.14,31.8,4,Friday,Rain,Damaged,Rural Road,T-Junction,Daylight,Uncontrolled,Urban,Motorcycle,No,No,High
ACC14658,51,36,87.5,50.5,5.69,1,11.4,10,2.04,31.6,10,Wednesday,Cloudy,Dry,Rural Road,Straight Road,Daylight,Signal,Suburban,Motorcycle,No,No,High
ACC14659,58,49,71.1,54.8,7.17,4,10.2,6,1.15,38.0,11,Thursday,Clear,Wet,Urban Road,Crossroad,Poor,Uncontrolled,Suburban,Truck,No,No,High
ACC14660,34,12,43.0,47.7,4.9,2,7.5,4,12.95,28.3,4,Thursday,,Wet,Residential,Straight Road,Street Lights,Signal,Urban,Bus,No,No,Medium
ACC14661,40,23,33.6,73.2,3.85,2,11.0,8,0.95,32.4,13,Tuesday,Cloudy,Dry,Rural Road,Roundabout,Street Lights,Uncontrolled,Suburban,Truck,No,No,Low
ACC14662,30,23,66.3,100.0,8.67,3,10.6,7,2.47,31.5,19,Wednesday,Cloudy,Dry,Rural Road,Straight Road,Daylight,Stop Sign,Suburban,Bus,No,No,High
ACC14663,28,20,46.5,72.0,10.01,2,10.4,6,4.66,32.1,5,Tuesday,Cloudy,Dry,Urban Road,Roundabout,Daylight,Uncontrolled,Suburban,Car,No,No,Medium
ACC14664,33,24,42.7,66.3,9.08,2,5.6,7,31.22,26.5,12,Friday,Rain,,Highway,Intersection,Daylight,Signal,Urban,Motorcycle,Yes,Yes,High
ACC14665,28,10,63.4,39.1,5.48,5,5.4,5,23.42,31.4,23,Sunday,Rain,Dry,Urban Road,Intersection,Poor,Stop Sign,Urban,Car,No,No,High
ACC14666,27,20,38.9,83.8,10.38,3,7.5,9,19.28,25.9,21,Sunday,Rain,Wet,Highway,Roundabout,Daylight,Stop Sign,Urban,SUV,No,No,Medium
ACC14667,29,23,62.2,62.3,12.0,4,12.2,7,0.17,19.4,3,Saturday,Clear,Dry,Urban Road,Crossroad,Daylight,Stop Sign,Urban,Motorcycle,No,No,Medium
ACC14668,27,7,65.5,100.0,8.36,6,9.0,4,34.09,15.2,16,Sunday,Rain,Dry,Highway,Crossroad,Street Lights,Uncontrolled,Suburban,SUV,Yes,No,High
ACC14669,35,20,33.7,99.5,10.86,2,5.2,4,32.87,30.9,7,Monday,Rain,Wet,Highway,Straight Road,Daylight,Traffic Police,Suburban,Bus,No,No,Medium
ACC14670,37,15,65.3,60.9,6.45,4,8.0,5,8.52,29.8,2,Friday,Rain,Wet,Highway,Roundabout,Street Lights,Uncontrolled,Suburban,Truck,Yes,No,High
ACC14671,22,1,57.5,65.9,5.66,4,7.7,6,0.1,31.9,18,Wednesday,Clear,Dry,Highway,T-Junction,Daylight,Signal,Urban,Motorcycle,Yes,Yes,High
ACC14672,39,29,21.5,57.7,1.44,5,12.1,7,5.92,38.4,16,Saturday,Fog,Wet,Residential,Crossroad,Daylight,Uncontrolled,Suburban,Motorcycle,No,No,High
ACC14673,34,25,61.9,34.4,9.08,2,8.6,5,15.7,19.2,19,Friday,Rain,Dry,Urban Road,Crossroad,Street Lights,Signal,Urban,Motorcycle,No,No,Medium
ACC14674,33,18,45.5,77.0,8.83,1,8.6,7,0.56,14.8,6,Wednesday,Clear,Dry,Rural Road,Intersection,Daylight,Stop Sign,Rural,Car,No,No,High
ACC14675,39,32,51.5,53.0,6.95,1,14.8,14,1.47,17.8,6,Saturday,Clear,Dry,Urban Road,Crossroad,Daylight,Uncontrolled,Urban,SUV,No,Yes,Medium
ACC14676,52,34,69.3,100.0,8.01,4,7.7,8,6.49,31.4,0,Tuesday,Fog,Dry,Urban Road,Crossroad,Daylight,Signal,Suburban,Bus,No,No,High
ACC14677,33,28,50.7,,4.21,5,11.5,5,0.08,17.7,11,Thursday,Clear,Damaged,Urban Road,Crossroad,Street Lights,Uncontrolled,Suburban,Bus,No,No,Medium
ACC14678,25,4,87.1,28.3,7.42,1,5.8,7,37.9,25.9,3,Friday,Storm,Dry,Rural Road,Roundabout,Poor,Uncontrolled,Rural,Motorcycle,No,No,High
ACC14679,41,18,20.0,68.7,7.3,4,8.8,3,19.06,22.7,4,Sunday,Rain,Dry,Highway,Roundabout,Street Lights,Stop Sign,Urban,Car,Yes,No,High
ACC14680,41,16,60.5,78.4,6.25,2,7.1,5,2.09,19.9,2,Friday,Cloudy,Dry,Residential,Intersection,Poor,Signal,Urban,Truck,No,No,High
ACC14681,38,26,43.2,71.1,8.55,5,10.4,7,0.14,27.9,9,Saturday,Clear,Dry,Highway,Straight Road,Daylight,Signal,Urban,Car,No,No,Medium
ACC14682,35,19,45.8,65.5,7.88,2,7.3,7,0.36,28.9,11,Thursday,Clear,Dry,Urban Road,Crossroad,Daylight,Traffic Police,Urban,SUV,No,No,Medium
ACC14683,23,1,39.2,55.0,9.24,5,11.4,8,6.86,23.0,5,Friday,Fog,Dry,Rural Road,Straight Road,Daylight,Signal,Suburban,Bus,Yes,No,High
ACC14684,22,8,69.1,64.6,,4,12.0,9,0.93,21.5,21,Sunday,Clear,Wet,Urban Road,Roundabout,Street Lights,Stop Sign,Rural,Car,No,No,Medium
ACC14685,31,19,34.2,62.2,5.73,5,7.4,2,26.08,30.0,3,Friday,Rain,Dry,Rural Road,Crossroad,Daylight,Signal,Urban,Truck,No,No,Medium
ACC14686,24,18,86.5,30.8,10.14,2,9.2,7,0.61,29.3,7,Saturday,Clear,Dry,Urban Road,Straight Road,Street Lights,Signal,Suburban,Truck,No,No,Medium
ACC14687,44,31,71.8,100.0,6.06,4,8.6,10,1.85,25.8,20,Monday,Clear,Dry,Urban Road,Straight Road,Street Lights,Uncontrolled,Rural,Motorcycle,No,No,High
ACC14688,18,11,45.5,65.5,12.0,4,4.2,3,0.71,28.7,12,Saturday,Clear,Dry,Rural Road,T-Junction,Poor,Signal,Urban,Motorcycle,No,Yes,High
ACC14689,34,22,49.9,58.6,9.59,6,6.9,5,1.53,39.7,0,Saturday,Cloudy,Dry,Residential,Roundabout,Daylight,Traffic Police,Urban,Car,Yes,No,Medium
ACC14690,33,21,73.3,98.5,12.0,2,7.8,4,13.14,25.7,3,Saturday,Storm,Wet,Highway,Intersection,Daylight,Stop Sign,Rural,Car,Yes,No,High
ACC14691,41,23,61.4,24.7,5.97,3,7.6,9,0.05,27.7,7,Monday,Clear,,Rural Road,Intersection,Daylight,Stop Sign,Rural,Bus,No,No,Medium
ACC14692,43,31,81.3,100.0,7.73,2,4.3,8,0.93,30.7,19,Sunday,Clear,Dry,Urban Road,T-Junction,Daylight,Signal,Urban,Car,No,No,High
ACC14693,27,14,54.2,39.2,7.36,5,9.4,8,0.9,25.5,19,Thursday,Clear,Dry,Rural Road,Straight Road,Poor,Traffic Police,Urban,Bus,No,No,Low
ACC14694,49,38,75.5,92.8,7.63,2,6.5,3,2.06,30.0,7,Tuesday,Cloudy,Wet,Rural Road,T-Junction,Daylight,Signal,Urban,Motorcycle,No,No,High
ACC14695,23,6,70.4,34.7,7.57,4,5.5,9,0.25,22.3,19,Friday,Clear,Dry,Urban Road,T-Junction,Poor,Stop Sign,Suburban,SUV,Yes,No,High
ACC14696,44,31,70.4,36.5,9.02,6,5.5,5,3.68,35.2,15,Saturday,Fog,Dry,Urban Road,Roundabout,Poor,Signal,Urban,SUV,No,No,High
ACC14697,42,18,55.4,72.4,9.77,4,8.3,9,1.15,21.4,7,Friday,Cloudy,Dry,Urban Road,Crossroad,Street Lights,Signal,Urban,Truck,No,No,Medium
ACC14698,18,0,66.8,63.2,10.01,2,5.3,6,0.34,32.4,18,Tuesday,Cloudy,Wet,Highway,Straight Road,Daylight,Stop Sign,Suburban,Motorcycle,No,No,Medium
ACC14699,23,13,49.8,35.7,10.76,3,9.2,6,0.12,33.9,10,Friday,Clear,Dry,Urban Road,Intersection,Daylight,Uncontrolled,Suburban,Motorcycle,No,No,Low
ACC14700,45,32,44.6,37.8,3.08,3,11.1,2,12.42,17.7,19,Tuesday,Storm,Wet,Highway,Intersection,Daylight,Signal,Rural,Car,No,No,High
ACC14701,37,19,61.1,48.5,11.7,1,6.1,4,0.78,21.4,16,Thursday,Clear,Wet,Residential,T-Junction,Daylight,Stop Sign,Urban,Car,No,No,High
ACC14702,36,31,70.1,84.4,6.99,8,9.4,14,0.22,30.3,21,Thursday,Clear,Dry,Urban Road,T-Junction,Daylight,Uncontrolled,Urban,Motorcycle,No,No,High
ACC14703,18,8,58.5,65.0,10.56,6,10.8,3,14.59,32.9,0,Tuesday,Rain,Wet,Highway,T-Junction,Daylight,Signal,Rural,Bus,Yes,No,High
ACC14704,33,22,33.5,71.4,8.24,5,5.7,6,2.35,18.3,15,Tuesday,Cloudy,Wet,Highway,Straight Road,Street Lights,Signal,Suburban,Car,No,No,Medium
ACC14705,28,15,52.7,45.2,12.0,2,9.9,5,0.41,25.9,5,Wednesday,Clear,Dry,Residential,T-Junction,Daylight,Signal,Rural,Motorcycle,No,No,Low
ACC14706,21,0,62.7,69.4,12.0,3,11.1,7,1.08,32.2,7,Monday,Clear,Dry,Highway,T-Junction,Daylight,Signal,Rural,Motorcycle,No,No,Medium
ACC14707,42,35,86.3,24.8,10.67,4,10.1,4,17.39,20.7,4,Sunday,Rain,Dry,Highway,Crossroad,Daylight,Signal,Rural,SUV,No,No,Medium
ACC14708,35,29,73.9,37.5,12.0,3,8.8,6,0.1,25.3,21,Monday,Clear,Dry,Highway,Straight Road,Poor,Signal,Urban,Car,No,Yes,Medium
ACC14709,26,8,77.9,81.1,5.58,6,13.1,5,11.15,21.8,7,Saturday,Rain,Dry,Urban Road,Roundabout,Street Lights,Stop Sign,Urban,Car,No,No,High
ACC14710,27,15,20.0,65.5,12.0,6,8.4,4,1.67,20.4,1,Friday,Cloudy,Dry,Urban Road,Roundabout,Daylight,Signal,Suburban,SUV,No,No,Low
ACC14711,36,27,90.4,100.0,7.41,5,6.5,6,0.83,32.1,3,Friday,Clear,Dry,Highway,Crossroad,Street Lights,Stop Sign,Suburban,Car,No,No,High
ACC14712,40,21,66.7,73.5,6.15,4,5.1,4,1.43,25.6,15,Tuesday,Cloudy,Damaged,Urban Road,Intersection,Street Lights,Traffic Police,Urban,Truck,No,No,High
ACC14713,43,33,37.1,27.8,4.45,2,10.0,5,0.28,28.8,21,Saturday,Clear,Dry,Highway,Roundabout,Poor,Traffic Police,Suburban,Truck,No,No,Low
ACC14714,41,25,35.7,77.5,7.21,3,7.1,4,11.39,34.4,0,Tuesday,Rain,Dry,Urban Road,Straight Road,Daylight,Uncontrolled,Urban,Car,No,Yes,High
ACC14715,35,22,46.0,,2.06,2,7.1,6,2.65,31.3,8,Monday,Cloudy,Dry,Highway,Intersection,Poor,Signal,Suburban,Motorcycle,Yes,No,High
ACC14716,26,14,42.7,74.5,7.27,2,7.0,3,0.23,23.2,8,Saturday,Clear,Dry,Urban Road,T-Junction,Daylight,Signal,Urban,SUV,Yes,No,Medium
ACC14717,39,20,63.0,52.1,7.88,2,9.2,4,3.02,33.4,4,Saturday,Cloudy,Dry,Residential,Straight Road,Poor,Uncontrolled,Urban,Car,No,No,Medium
ACC14718,24,7,46.0,41.3,9.41,3,7.4,8,42.85,30.4,2,Friday,Storm,Dry,Residential,Intersection,Daylight,Signal,Rural,Car,No,No,Medium
ACC14719,36,21,62.8,58.5,6.7,2,5.3,7,0.52,26.0,8,Sunday,Clear,Dry,Urban Road,Roundabout,Poor,Signal,Urban,Motorcycle,Yes,Yes,High
ACC14720,33,25,55.2,29.5,5.33,4,11.7,5,6.38,15.8,21,Monday,Fog,Wet,Urban Road,T-Junction,Poor,Stop Sign,Urban,Motorcycle,No,No,High
ACC14721,44,27,76.1,50.4,8.26,1,6.6,4,0.24,26.6,0,Thursday,Clear,Wet,Highway,T-Junction,Daylight,Signal,Urban,Motorcycle,No,Yes,High
ACC14722,43,24,56.4,8.2,9.97,3,8.5,4,0.14,19.1,16,Monday,Clear,Dry,Urban Road,Straight Road,Poor,Uncontrolled,Rural,SUV,No,No,Low
ACC14723,41,20,28.4,84.1,8.58,3,8.8,2,0.0,27.2,17,Monday,Clear,Wet,Highway,T-Junction,Daylight,Uncontrolled,Rural,SUV,No,No,Low
ACC14724,40,29,38.3,65.2,2.96,4,8.5,6,0.76,28.7,12,Tuesday,Clear,Wet,Urban Road,Intersection,Daylight,Uncontrolled,Rural,Car,Yes,No,High
ACC14725,34,24,68.2,54.4,9.84,2,10.9,10,0.31,23.2,3,Friday,Clear,Dry,Residential,Crossroad,Daylight,Uncontrolled,Rural,Car,Yes,No,Medium
ACC14726,52,32,84.7,70.0,11.6,2,9.8,6,1.7,23.2,3,Sunday,Clear,Damaged,Residential,Roundabout,Poor,Signal,Suburban,Car,No,No,High
ACC14727,41,27,65.6,30.8,10.42,3,6.9,3,4.33,26.2,16,Thursday,Fog,Wet,Highway,Straight Road,Daylight,Uncontrolled,Urban,SUV,Yes,No,Medium
ACC14728,51,38,95.4,52.0,11.13,3,8.1,6,25.02,23.7,2,Monday,Rain,,Highway,Crossroad,Street Lights,Signal,Urban,Car,Yes,No,High
ACC14729,47,39,22.3,72.5,10.69,2,8.1,7,25.99,21.4,9,Monday,Rain,Dry,Residential,Crossroad,Street Lights,Uncontrolled,Urban,Motorcycle,No,No,Medium
ACC14730,30,16,60.7,37.7,8.0,1,9.5,9,0.22,20.2,15,Tuesday,Clear,Dry,Residential,Straight Road,Poor,Signal,Suburban,Bus,No,No,Medium
ACC14731,29,9,30.4,86.4,7.54,5,8.1,7,0.97,33.4,8,Saturday,,Dry,Residential,Intersection,Street Lights,Uncontrolled,Suburban,Motorcycle,No,No,Medium
ACC14732,40,26,69.4,52.6,9.51,2,8.1,6,0.09,36.0,19,Wednesday,Clear,Wet,Urban Road,Roundabout,Daylight,Traffic Police,Urban,Car,No,No,Medium
ACC14733,22,0,81.5,14.8,8.68,1,8.0,5,11.62,26.1,16,Friday,Rain,Dry,Urban Road,Straight Road,Daylight,Signal,Urban,Motorcycle,No,No,Medium
ACC14734,31,26,32.1,63.8,9.73,5,6.1,12,11.69,30.4,3,Friday,Fog,Wet,Rural Road,Crossroad,Daylight,Signal,Urban,Truck,No,No,High
ACC14735,27,18,77.1,50.7,6.48,5,8.3,8,0.45,20.6,11,Friday,Clear,Wet,Highway,Crossroad,Street Lights,Signal,Urban,Truck,No,No,High
ACC14736,35,18,91.8,100.0,7.76,3,8.6,2,1.4,20.1,8,Monday,Clear,Wet,Urban Road,Straight Road,Daylight,Signal,Suburban,Truck,No,No,High
ACC14737,18,0,42.3,51.4,9.2,2,10.8,8,2.63,26.1,15,Monday,Cloudy,Wet,Urban Road,Crossroad,Daylight,Signal,Suburban,Car,No,Yes,Medium
ACC14738,59,48,89.1,78.2,8.74,3,8.6,6,0.35,30.6,23,Monday,Clear,,Residential,Straight Road,Poor,Uncontrolled,Suburban,Car,No,No,High
ACC14739,43,19,42.9,48.5,3.54,3,9.8,9,0.45,26.2,16,Saturday,Clear,Dry,Residential,Straight Road,Daylight,Stop Sign,Urban,Truck,No,No,High
ACC14740,46,34,61.5,19.5,11.78,4,9.4,0,4.64,28.8,11,Wednesday,Cloudy,Wet,Highway,Roundabout,Street Lights,Stop Sign,Rural,SUV,No,No,Low
ACC14741,37,24,104.7,65.2,12.0,8,11.7,8,2.76,26.0,20,Monday,Rain,Dry,Residential,Straight Road,Daylight,Uncontrolled,Urban,Car,No,No,High
ACC14742,48,23,49.2,65.7,6.95,4,9.1,4,0.15,33.3,16,Friday,Clear,Dry,Highway,Crossroad,Daylight,Signal,Urban,Car,No,No,Medium
ACC14743,41,26,52.8,80.3,6.56,4,8.8,3,0.26,25.1,13,Saturday,Clear,Damaged,Rural Road,T-Junction,Daylight,Signal,Suburban,Truck,Yes,No,High
ACC14744,44,27,57.2,16.9,6.53,1,9.2,4,14.49,42.9,6,Friday,Storm,Wet,Highway,Roundabout,Daylight,Uncontrolled,Urban,Motorcycle,Yes,No,High
ACC14745,40,24,50.7,69.9,7.5,5,7.7,5,0.13,24.0,19,Tuesday,Clear,Dry,Urban Road,Crossroad,Poor,Uncontrolled,Urban,Car,Yes,No,High
ACC14746,50,41,91.1,68.3,7.84,3,10.7,4,0.01,31.3,17,Wednesday,Clear,Wet,Highway,Crossroad,,Signal,Urban,Motorcycle,No,No,High
ACC14747,27,2,60.8,66.4,6.51,3,6.5,7,0.07,25.1,2,Thursday,Clear,Wet,Highway,Roundabout,Daylight,Signal,Suburban,SUV,No,No,High
ACC14748,52,46,91.6,5.0,12.0,4,11.7,7,0.65,23.8,14,Monday,Clear,Dry,Highway,Roundabout,Street Lights,Signal,Rural,Truck,No,No,Low
ACC14749,33,8,76.1,82.5,8.73,6,8.5,4,0.44,13.9,5,Sunday,Clear,Dry,Urban Road,Crossroad,Street Lights,Signal,Suburban,Motorcycle,No,Yes,High
ACC14750,26,12,37.4,32.1,9.95,2,8.6,7,21.87,24.2,8,Thursday,Rain,,Residential,T-Junction,Street Lights,Signal,Suburban,Bus,No,No,Low
ACC14751,40,31,74.7,79.7,10.54,5,6.7,7,0.05,22.2,2,Monday,Clear,Dry,Urban Road,Intersection,Poor,Uncontrolled,Urban,Car,No,No,Medium
ACC14752,23,15,55.8,99.3,11.03,5,8.5,11,1.0,27.0,15,Wednesday,Clear,Dry,Urban Road,Crossroad,Street Lights,Uncontrolled,Urban,Motorcycle,No,No,High
ACC14753,30,12,59.3,77.3,9.75,2,8.9,7,21.46,23.1,9,Wednesday,Rain,Dry,Highway,Roundabout,Daylight,Signal,Urban,Motorcycle,No,No,High
ACC14754,32,13,92.1,64.2,7.67,1,7.7,7,1.73,31.1,11,Friday,Cloudy,Wet,Highway,Straight Road,Street Lights,Stop Sign,Rural,Motorcycle,No,Yes,High
ACC14755,33,10,49.2,53.7,7.91,4,5.7,6,5.0,24.1,5,Wednesday,Fog,Dry,Highway,Straight Road,Daylight,Signal,Urban,SUV,Yes,Yes,High
ACC14756,46,36,57.1,61.7,10.16,2,8.0,5,6.14,28.8,1,Saturday,Fog,Dry,Rural Road,Roundabout,Daylight,Stop Sign,Rural,Car,Yes,Yes,High
ACC14757,44,30,87.9,33.4,10.77,3,7.1,8,1.1,31.5,13,Saturday,,,Highway,Roundabout,Daylight,Stop Sign,Urban,Car,No,No,Low
ACC14758,32,8,55.4,,4.26,1,7.0,5,9.04,28.4,18,Sunday,Rain,Icy,Highway,Intersection,Daylight,Uncontrolled,Suburban,SUV,No,No,High
ACC14759,40,26,63.7,54.0,11.42,3,9.5,7,1.24,38.4,9,Thursday,Cloudy,Dry,Rural Road,Roundabout,Daylight,Signal,Rural,Car,Yes,No,Low
ACC14760,58,44,52.5,30.2,12.0,3,11.2,7,53.48,21.0,18,Thursday,Storm,Dry,Urban Road,Straight Road,Daylight,Signal,Urban,Car,No,No,Low
ACC14761,22,11,53.0,34.9,6.86,4,9.0,4,6.81,24.0,1,Wednesday,Cloudy,Damaged,Highway,T-Junction,Daylight,Stop Sign,Suburban,Motorcycle,No,No,Low
ACC14762,24,2,46.5,57.2,8.04,4,7.5,8,13.97,35.2,22,Thursday,Storm,Dry,Residential,Roundabout,Poor,Signal,Urban,SUV,No,Yes,High
ACC14763,36,24,34.5,26.4,10.73,1,14.2,1,4.6,30.3,23,Saturday,Rain,Icy,Urban Road,Intersection,Poor,Signal,Urban,Motorcycle,No,No,Medium
ACC14764,65,47,46.5,,5.01,1,9.9,11,0.06,21.0,18,Monday,Clear,Damaged,Highway,T-Junction,Street Lights,Signal,Urban,Motorcycle,No,No,High
ACC14765,26,17,64.1,87.9,9.25,1,14.1,10,0.99,31.0,20,Tuesday,Cloudy,Damaged,Residential,Intersection,Street Lights,Stop Sign,Rural,Motorcycle,No,No,Medium
ACC14766,29,12,40.6,62.6,8.99,4,9.0,5,29.51,33.7,20,Sunday,Storm,Dry,Highway,T-Junction,Daylight,Signal,Urban,SUV,No,No,High
ACC14767,41,17,53.7,53.5,3.83,4,6.7,7,1.75,23.1,6,Saturday,Fog,Wet,Highway,Roundabout,Poor,Traffic Police,Urban,Bus,No,No,High
ACC14768,45,24,76.5,39.4,4.54,3,12.9,8,0.1,32.9,17,Friday,,Wet,Residential,Straight Road,Daylight,Signal,Rural,Car,No,No,High
ACC14769,35,29,59.3,,12.0,4,12.1,7,6.66,26.6,7,Tuesday,,Icy,Urban Road,T-Junction,Daylight,Signal,Urban,Bus,Yes,No,Medium
ACC14770,38,20,98.1,22.4,9.12,2,13.4,6,0.01,25.5,21,Thursday,Clear,Dry,Urban Road,Crossroad,Daylight,Stop Sign,Urban,Bus,No,Yes,Medium
ACC14771,35,19,69.4,55.5,8.71,4,11.1,3,0.43,34.8,14,Friday,Clear,Wet,Residential,Intersection,Daylight,Signal,Rural,Truck,No,No,Low
ACC14772,37,25,24.5,61.2,12.0,3,7.4,9,0.59,28.3,4,Sunday,Clear,Dry,Residential,T-Junction,Daylight,Stop Sign,Urban,Truck,No,No,Low
ACC14773,19,0,40.3,42.7,12.0,2,5.2,5,0.14,27.3,7,Tuesday,Clear,Dry,Highway,Intersection,Daylight,Stop Sign,Urban,Motorcycle,No,No,Low
ACC14774,37,16,20.0,64.6,4.96,4,7.7,3,12.55,24.9,1,Tuesday,Rain,Dry,Highway,Straight Road,Daylight,Stop Sign,Rural,Truck,Yes,No,Medium
ACC14775,35,17,54.2,100.0,6.82,3,8.5,5,0.41,31.5,5,Thursday,Clear,Wet,Rural Road,Intersection,,Uncontrolled,Urban,Truck,Yes,No,High
ACC14776,39,19,83.0,70.1,7.5,2,6.4,7,6.4,24.2,4,Friday,Rain,Dry,Rural Road,Intersection,Daylight,Signal,Urban,Car,No,No,High
ACC14777,29,20,62.2,86.5,9.27,5,5.4,4,0.76,28.9,22,Saturday,Clear,Dry,Urban Road,Crossroad,Poor,Traffic Police,Urban,Car,Yes,No,High
ACC14778,41,18,44.9,78.4,6.07,1,7.0,8,0.72,31.1,12,Saturday,Clear,Icy,Urban Road,Intersection,Daylight,Uncontrolled,Suburban,Car,Yes,No,High
ACC14779,44,26,87.6,93.6,12.0,2,9.1,8,0.48,28.2,15,Friday,Clear,Dry,Highway,T-Junction,Daylight,Signal,Urban,Bus,No,No,Medium
ACC14780,63,49,42.5,46.7,2.97,4,7.8,7,0.37,28.8,5,Tuesday,Clear,Wet,Residential,Intersection,Street Lights,Signal,Urban,Truck,No,No,High
ACC14781,30,21,70.7,9.9,4.01,4,8.9,8,0.38,15.0,20,Friday,Clear,Dry,Residential,Roundabout,Poor,Signal,Urban,Motorcycle,No,No,High
ACC14782,24,5,44.6,50.6,6.94,1,11.7,5,0.3,33.5,11,Sunday,Clear,,Residential,Intersection,Daylight,Signal,Urban,Bus,Yes,No,High
ACC14783,37,30,65.9,34.9,8.56,6,8.8,3,1.68,12.7,13,Saturday,Cloudy,Wet,Residential,Roundabout,Poor,Stop Sign,Suburban,Truck,No,No,Medium
ACC14784,41,30,49.6,45.3,12.0,2,11.2,3,1.44,35.9,3,Friday,Clear,Damaged,Highway,Intersection,Daylight,Signal,Urban,SUV,No,No,Low
ACC14785,36,20,37.3,39.7,8.87,3,6.1,4,0.35,33.3,18,Monday,Clear,Dry,Highway,Intersection,Daylight,Traffic Police,Suburban,Car,No,No,Medium
ACC14786,36,18,29.2,69.8,8.84,1,6.9,5,0.81,27.8,7,Thursday,Clear,Wet,Rural Road,T-Junction,Daylight,Signal,Urban,Motorcycle,No,No,High
ACC14787,29,24,66.9,92.1,10.24,4,8.0,2,4.54,20.2,17,Saturday,Fog,,Rural Road,Roundabout,Street Lights,Signal,Urban,Truck,No,No,High
ACC14788,18,13,73.7,86.1,8.2,6,5.3,7,1.28,22.9,20,Thursday,Fog,Dry,Highway,Roundabout,Daylight,Signal,Urban,Car,No,Yes,High
ACC14789,49,42,68.2,55.6,7.57,2,6.3,7,1.35,27.7,15,Monday,Cloudy,Dry,Urban Road,Crossroad,Street Lights,Signal,Urban,Car,No,No,Medium
ACC14790,53,33,58.6,13.8,6.75,3,9.4,8,1.58,25.9,10,Sunday,Clear,Dry,Residential,Intersection,Daylight,Uncontrolled,Urban,Motorcycle,Yes,No,Medium
ACC14791,27,11,28.7,39.5,8.05,5,10.9,10,1.4,27.9,2,Sunday,Clear,Dry,Highway,Intersection,Street Lights,Stop Sign,Suburban,Bus,Yes,No,Medium
ACC14792,28,11,59.9,23.3,11.48,3,6.4,11,12.1,24.7,0,Tuesday,Storm,Dry,Highway,T-Junction,Daylight,Signal,Suburban,Motorcycle,No,No,High
ACC14793,18,1,60.5,56.5,,4,8.5,6,0.22,24.8,22,Wednesday,Clear,Dry,Highway,Crossroad,Daylight,Uncontrolled,Urban,Motorcycle,No,No,High
ACC14794,31,25,94.3,76.2,7.7,3,8.2,9,0.31,28.8,11,Saturday,Clear,Dry,Rural Road,Crossroad,Street Lights,Uncontrolled,Suburban,Motorcycle,Yes,No,High
ACC14795,39,31,49.7,100.0,6.9,2,9.6,3,0.75,31.8,21,Tuesday,Clear,Dry,Urban Road,T-Junction,Street Lights,Uncontrolled,Rural,Car,No,No,Medium
ACC14796,28,8,51.0,60.2,7.75,4,7.9,3,0.05,32.1,14,Monday,Clear,Dry,Rural Road,Roundabout,Daylight,Uncontrolled,Urban,SUV,Yes,No,Medium
ACC14797,43,25,62.2,5.8,9.2,2,8.3,7,0.29,21.1,21,Friday,Clear,Damaged,Urban Road,Straight Road,Street Lights,Stop Sign,Urban,Car,No,No,Low
ACC14798,25,11,56.7,20.5,5.36,4,9.6,6,3.39,19.9,10,Monday,Rain,Wet,Urban Road,T-Junction,Street Lights,Stop Sign,Suburban,Motorcycle,No,No,Medium
ACC14799,42,37,56.3,53.6,9.89,4,4.3,9,0.29,17.8,2,Thursday,Clear,Dry,Highway,Roundabout,Daylight,Signal,Urban,Car,No,No,Medium
ACC14800,38,25,37.0,100.0,8.45,4,11.3,5,5.62,33.8,20,Friday,Cloudy,Damaged,Rural Road,Crossroad,Poor,Signal,Suburban,Motorcycle,Yes,No,High
ACC14801,31,21,65.5,83.0,9.72,2,8.8,7,0.06,24.1,20,Tuesday,,Wet,Residential,T-Junction,Street Lights,Stop Sign,Rural,SUV,No,Yes,High
ACC14802,32,13,55.1,16.3,,6,6.4,6,0.28,30.5,21,Friday,Clear,Dry,Rural Road,Straight Road,Daylight,Uncontrolled,Urban,SUV,No,No,Low
ACC14803,43,22,34.5,21.6,,5,7.7,6,0.9,26.0,9,Thursday,Fog,Dry,Residential,Intersection,Daylight,Stop Sign,Rural,Car,No,No,Low
ACC14804,65,50,47.5,5.0,7.08,4,11.0,7,1.08,14.5,18,Monday,Clear,Wet,Urban Road,T-Junction,Daylight,Traffic Police,Urban,Car,No,No,Low
ACC14805,34,21,36.3,74.1,4.95,6,3.0,7,25.4,33.9,2,Sunday,Rain,Dry,Urban Road,Straight Road,Daylight,Signal,Urban,Car,No,No,High
ACC14806,46,36,56.6,42.6,6.63,2,8.8,6,4.42,26.1,21,Tuesday,Cloudy,Wet,Highway,Straight Road,Daylight,Uncontrolled,Urban,Car,Yes,No,Medium
ACC14807,53,46,83.7,42.0,7.23,3,9.5,7,0.27,45.0,20,Wednesday,Clear,Wet,Urban Road,T-Junction,Daylight,Stop Sign,Urban,Truck,No,No,High
ACC14808,28,16,44.7,81.4,12.0,7,12.5,6,5.56,24.4,6,Sunday,Storm,Wet,Rural Road,Roundabout,,Uncontrolled,Urban,Motorcycle,Yes,No,High
ACC14809,25,6,56.5,33.6,9.75,3,5.2,4,0.04,31.8,3,Wednesday,Clear,Icy,Rural Road,T-Junction,Daylight,Stop Sign,Urban,Bus,No,No,Medium
ACC14810,35,17,58.3,34.8,5.03,5,8.7,5,11.09,34.8,0,Monday,Fog,Dry,Residential,Crossroad,Street Lights,Signal,Suburban,Truck,Yes,No,High
ACC14811,37,24,82.6,62.4,5.06,3,8.2,7,1.72,22.7,2,Tuesday,,Dry,Urban Road,Straight Road,Daylight,Signal,Urban,Car,No,No,Medium
ACC14812,41,17,57.8,53.8,12.0,3,14.2,4,20.12,31.1,0,Sunday,Fog,Wet,Highway,Straight Road,Daylight,Traffic Police,Urban,Bus,Yes,No,High
ACC14813,26,2,36.4,79.7,8.77,6,10.6,7,0.81,43.5,4,Sunday,Clear,Dry,Highway,Intersection,Street Lights,Signal,Urban,Bus,No,No,High
ACC14814,43,20,103.8,32.4,3.97,4,11.6,7,0.39,34.3,21,Tuesday,Cloudy,Wet,Urban Road,Straight Road,Street Lights,Stop Sign,Urban,Motorcycle,No,No,High
ACC14815,23,9,76.5,64.6,6.08,3,10.5,9,36.35,36.9,17,Friday,Rain,Damaged,Highway,Intersection,Daylight,Signal,Urban,SUV,No,No,High
ACC14816,35,15,20.0,46.8,4.13,2,5.3,8,2.93,41.3,23,Sunday,Fog,Wet,Highway,Straight Road,Daylight,Signal,Suburban,Bus,No,Yes,High
ACC14817,38,14,63.0,53.4,7.67,3,10.0,7,8.52,26.7,14,Saturday,Fog,Dry,Highway,Straight Road,Daylight,Uncontrolled,Urban,Motorcycle,No,No,High
ACC14818,20,0,77.3,53.3,8.41,5,11.2,8,4.37,25.6,21,Monday,Rain,Dry,Highway,T-Junction,Street Lights,Uncontrolled,Suburban,SUV,Yes,No,High
ACC14819,40,29,58.8,45.4,11.26,2,13.2,9,6.47,29.7,1,Friday,Fog,Dry,Urban Road,T-Junction,Daylight,Traffic Police,Urban,Truck,No,No,Low
ACC14820,33,27,64.8,78.0,4.82,4,8.5,6,0.2,22.6,17,Monday,Clear,Dry,Highway,Crossroad,Street Lights,Signal,Suburban,Motorcycle,No,No,High
ACC14821,30,6,57.4,61.5,6.54,4,3.9,6,0.33,25.1,2,Thursday,Clear,Wet,Urban Road,Roundabout,Street Lights,Stop Sign,Urban,Car,Yes,No,Medium
ACC14822,38,13,49.7,27.2,8.85,3,7.7,7,0.31,23.6,13,Monday,Clear,Wet,Urban Road,Crossroad,Daylight,Uncontrolled,Urban,SUV,No,No,High
ACC14823,19,0,35.3,62.9,9.75,3,8.1,4,0.45,18.8,6,Friday,Clear,Wet,Urban Road,Straight Road,Daylight,Traffic Police,Suburban,Car,No,No,Low
ACC14824,39,28,50.6,48.1,10.87,3,8.6,7,0.21,24.4,21,Tuesday,Clear,Dry,Urban Road,Crossroad,Daylight,Traffic Police,Urban,Motorcycle,No,No,Medium
ACC14825,22,0,20.0,46.4,3.4,5,14.7,6,9.47,22.0,2,Monday,Cloudy,Dry,Highway,T-Junction,Daylight,Uncontrolled,Rural,Motorcycle,No,Yes,High
ACC14826,39,15,90.2,73.7,8.47,3,8.5,8,0.17,28.3,9,Sunday,Clear,Wet,Urban Road,Straight Road,Daylight,Signal,Suburban,Motorcycle,No,No,High
ACC14827,36,21,58.4,51.2,9.23,3,7.5,9,11.49,24.5,20,Tuesday,Rain,Dry,Highway,Straight Road,Daylight,Signal,Urban,Truck,No,Yes,High
ACC14828,52,41,34.7,61.0,10.11,1,7.3,7,0.16,29.8,0,Thursday,Clear,Dry,Rural Road,Crossroad,Street Lights,Uncontrolled,Rural,Motorcycle,No,No,Low
ACC14829,52,39,58.6,73.2,7.88,3,9.0,11,0.59,31.6,12,Wednesday,Clear,Wet,Highway,Intersection,Daylight,Uncontrolled,Rural,Car,Yes,No,Medium
ACC14830,43,37,80.8,57.3,9.23,4,7.2,4,9.85,17.2,7,Wednesday,Cloudy,Wet,Rural Road,Roundabout,Poor,Uncontrolled,Urban,SUV,No,No,Medium
ACC14831,34,18,70.4,5.0,11.64,2,5.5,5,12.73,26.2,4,Friday,Rain,Dry,Highway,Crossroad,Daylight,Signal,Urban,Truck,No,No,Medium
ACC14832,35,22,39.2,82.1,7.63,2,8.5,4,25.83,20.0,21,Monday,Rain,Damaged,Highway,Crossroad,Daylight,Stop Sign,Suburban,SUV,No,No,High
ACC14833,22,0,51.5,11.5,8.37,3,10.0,6,2.71,30.0,11,Thursday,Cloudy,Dry,Rural Road,Roundabout,Street Lights,Signal,Urban,Car,Yes,No,Medium
ACC14834,18,7,73.6,30.9,7.84,4,5.8,7,0.8,29.2,9,Thursday,Clear,Icy,Highway,Straight Road,Street Lights,Stop Sign,Urban,Truck,No,No,High
ACC14835,47,42,44.9,48.4,7.14,5,8.4,7,0.04,25.6,20,Tuesday,Cloudy,Dry,Rural Road,Straight Road,Daylight,Signal,Suburban,Truck,No,No,Medium
ACC14836,30,10,64.8,56.8,4.68,4,11.6,7,0.27,29.0,2,Saturday,Clear,Dry,Highway,Intersection,Street Lights,Traffic Police,Suburban,Car,No,No,Medium
ACC14837,25,20,48.0,18.4,7.15,6,4.4,6,0.1,21.3,7,Sunday,Clear,Damaged,Highway,Crossroad,Poor,Signal,Suburban,Bus,No,Yes,Medium
ACC14838,18,2,56.5,63.0,9.75,3,7.6,4,0.6,27.6,18,Friday,Clear,Dry,Rural Road,Roundabout,Street Lights,Stop Sign,Suburban,Car,No,Yes,Medium
ACC14839,36,27,78.6,80.1,9.61,4,10.3,7,0.59,28.4,17,Thursday,Clear,Wet,Urban Road,Crossroad,Daylight,Signal,Urban,Motorcycle,No,No,High
ACC14840,32,15,46.6,52.3,7.82,3,7.9,10,1.42,30.1,4,Monday,Clear,Wet,Urban Road,T-Junction,Street Lights,Uncontrolled,Urban,Truck,No,No,Medium
ACC14841,27,18,27.9,49.3,8.02,3,8.5,7,17.67,26.6,21,Thursday,Storm,Damaged,Urban Road,Crossroad,Street Lights,Stop Sign,Suburban,Motorcycle,No,No,High
ACC14842,27,12,98.7,86.1,3.54,7,9.7,4,65.31,26.5,18,Wednesday,Storm,Icy,Highway,Crossroad,Street Lights,Traffic Police,Urban,Truck,No,No,High
ACC14843,38,26,52.4,46.0,10.76,3,5.0,3,0.6,31.4,6,Friday,Clear,Dry,Urban Road,T-Junction,Street Lights,Signal,Suburban,Car,Yes,No,Medium
ACC14844,36,27,64.0,5.0,2.96,2,5.8,7,0.94,26.2,11,Tuesday,Clear,Wet,Highway,T-Junction,Poor,Signal,Urban,Truck,No,Yes,High
ACC14845,18,1,96.0,64.1,4.72,5,9.7,4,0.41,29.3,4,Sunday,Clear,Dry,Rural Road,Roundabout,Daylight,Uncontrolled,Urban,Car,No,No,High
ACC14846,25,18,67.9,44.9,8.01,4,9.8,6,1.7,29.0,9,Monday,Clear,Dry,Rural Road,Straight Road,Daylight,Signal,Suburban,Motorcycle,No,No,High
ACC14847,44,20,56.5,41.3,9.43,6,7.2,13,6.67,26.0,11,Wednesday,Fog,Wet,Highway,Intersection,Daylight,Signal,Urban,Car,No,No,High
ACC14848,27,6,58.7,96.7,11.73,7,12.2,7,0.53,27.6,0,Thursday,Clear,Dry,Residential,T-Junction,Daylight,Stop Sign,Urban,Motorcycle,Yes,No,High
ACC14849,45,22,92.9,34.1,10.43,4,8.7,5,12.33,22.2,6,Friday,Rain,Dry,Highway,Straight Road,Daylight,Uncontrolled,Urban,Truck,No,No,High
ACC14850,35,29,74.2,42.3,9.81,6,6.6,8,0.49,27.8,8,Friday,Clear,Dry,Highway,Roundabout,Street Lights,Signal,Urban,Bus,No,No,Medium
ACC14851,30,25,49.4,34.7,9.06,4,10.1,5,3.33,27.4,18,Monday,Storm,Wet,Rural Road,Crossroad,Daylight,Signal,Urban,Motorcycle,No,No,High
ACC14852,30,18,74.5,73.6,1.16,4,8.5,6,1.32,19.9,19,Tuesday,Clear,Icy,Rural Road,Roundabout,Street Lights,Uncontrolled,Urban,Car,No,No,High
ACC14853,41,24,47.7,80.8,9.17,4,6.5,12,7.98,27.9,8,Wednesday,Rain,Dry,Rural Road,Roundabout,Street Lights,Stop Sign,Suburban,Motorcycle,No,No,High
ACC14854,25,15,63.0,73.6,10.72,3,4.8,12,0.5,16.7,18,Saturday,Clear,Dry,Urban Road,T-Junction,Daylight,Signal,Rural,Truck,Yes,No,High
ACC14855,20,4,70.6,62.2,4.24,6,7.9,6,0.67,27.8,14,Tuesday,Cloudy,Damaged,Highway,Intersection,Poor,Signal,Urban,Car,No,No,High
ACC14856,27,10,45.2,66.4,8.48,1,6.2,12,0.47,28.2,3,Sunday,Clear,Dry,Residential,T-Junction,Daylight,Stop Sign,Urban,Motorcycle,No,No,High
ACC14857,21,13,49.7,70.3,4.08,5,8.9,9,0.34,22.9,16,Sunday,Clear,Dry,Highway,Crossroad,,Signal,Suburban,Motorcycle,Yes,Yes,High
ACC14858,23,3,48.4,84.5,9.93,3,9.8,5,11.02,24.2,14,Monday,Fog,Dry,Rural Road,T-Junction,Street Lights,Uncontrolled,Rural,Car,No,No,High
ACC14859,23,0,36.2,100.0,5.62,2,3.9,8,3.34,21.1,23,Monday,Fog,Dry,Highway,Crossroad,Daylight,Uncontrolled,Urban,Car,No,No,High
ACC14860,36,18,59.2,68.5,12.0,2,8.0,4,2.75,26.9,9,Wednesday,Fog,Dry,Rural Road,T-Junction,Daylight,Stop Sign,Urban,Car,No,No,Low
ACC14861,18,0,56.8,42.6,10.17,1,13.3,6,12.02,23.8,23,Friday,Cloudy,Wet,Urban Road,Intersection,Daylight,Traffic Police,Urban,Car,No,No,Medium
ACC14862,36,26,63.2,7.0,8.44,3,8.8,5,48.38,32.2,11,Friday,Rain,Dry,Highway,Straight Road,Street Lights,Signal,Urban,Car,No,No,Medium
ACC14863,34,28,65.1,81.3,8.08,2,7.6,6,0.02,30.0,12,Wednesday,Clear,Damaged,Urban Road,Intersection,Street Lights,Signal,Suburban,Motorcycle,No,No,High
ACC14864,43,33,48.8,87.5,9.98,3,9.0,6,0.77,27.5,14,Tuesday,Clear,Wet,Rural Road,T-Junction,Daylight,Uncontrolled,Rural,Car,No,No,Medium
ACC14865,38,20,73.0,44.5,9.72,3,10.3,3,0.36,28.1,14,Sunday,Clear,Wet,Rural Road,Roundabout,Street Lights,Stop Sign,Suburban,Car,Yes,No,Low
ACC14866,38,21,60.2,60.8,8.77,4,9.1,5,2.03,20.0,10,Wednesday,Cloudy,Dry,Urban Road,Straight Road,Daylight,Signal,Rural,Car,No,No,Medium
ACC14867,24,14,31.7,76.2,5.2,1,5.1,4,0.41,26.0,17,Saturday,Clear,Dry,Rural Road,Roundabout,Daylight,Signal,Urban,Truck,No,No,Medium
ACC14868,30,17,64.1,20.6,9.97,3,7.5,10,0.5,20.7,8,Friday,Clear,Dry,Highway,Intersection,Poor,Signal,Rural,SUV,No,No,Low
ACC14869,18,6,46.2,8.8,6.69,2,7.0,13,5.95,20.6,14,Tuesday,Cloudy,Damaged,Urban Road,Straight Road,Daylight,Signal,Urban,Truck,No,Yes,High
ACC14870,48,24,20.0,46.9,4.11,4,9.3,6,15.4,37.5,4,Thursday,Rain,Dry,Highway,T-Junction,Poor,Uncontrolled,Urban,Motorcycle,Yes,No,High
ACC14871,50,39,90.5,39.3,7.73,3,8.6,4,0.54,38.8,0,Tuesday,Clear,Dry,Urban Road,Roundabout,Street Lights,Uncontrolled,Suburban,Truck,Yes,No,Medium
ACC14872,40,31,23.9,94.0,7.03,7,10.2,8,0.91,18.8,13,Sunday,Clear,Dry,Highway,T-Junction,Poor,Signal,Urban,Car,No,No,High
ACC14873,21,5,41.2,59.7,8.61,6,5.8,4,0.39,24.3,16,Friday,Clear,Dry,Highway,Crossroad,Daylight,Signal,Urban,Car,No,No,Low
ACC14874,42,35,53.2,79.4,7.33,2,11.5,4,1.34,30.1,4,Monday,Clear,Dry,Rural Road,Straight Road,Daylight,Signal,Suburban,Car,No,Yes,Medium
ACC14875,30,15,60.6,7.5,6.54,7,12.6,2,0.61,30.3,2,Tuesday,Clear,Dry,Rural Road,Roundabout,Daylight,Signal,Urban,Car,No,No,Low
ACC14876,18,0,61.4,52.9,9.27,2,4.8,1,1.17,29.5,16,Sunday,Cloudy,Dry,Highway,Intersection,Street Lights,Signal,Suburban,Car,No,No,Medium
ACC14877,31,7,51.7,46.8,9.37,5,10.3,5,2.95,32.4,19,Tuesday,Cloudy,Dry,Urban Road,Intersection,Street Lights,Signal,Urban,Motorcycle,No,Yes,Medium
ACC14878,46,23,28.6,62.6,3.77,6,7.1,4,23.9,32.7,15,Monday,Rain,Dry,Residential,Intersection,Daylight,Signal,Suburban,Car,No,Yes,Medium
ACC14879,32,10,65.9,76.9,7.33,2,8.5,8,0.14,24.2,18,Friday,Clear,Wet,Rural Road,Intersection,Street Lights,Stop Sign,Urban,SUV,No,No,Medium
ACC14880,36,23,38.9,49.2,8.43,3,7.8,6,19.27,30.5,21,Thursday,Rain,Dry,Urban Road,Roundabout,Daylight,Uncontrolled,Urban,SUV,No,No,Medium
ACC14881,22,0,67.9,82.6,5.81,6,11.2,6,0.98,31.8,21,Thursday,Clear,Dry,Rural Road,Crossroad,Daylight,Signal,Urban,SUV,No,No,Medium
ACC14882,32,13,68.6,56.6,9.11,4,8.0,6,2.43,27.2,4,Sunday,Cloudy,Dry,Urban Road,Intersection,Daylight,Traffic Police,Suburban,Car,Yes,No,Medium
ACC14883,32,18,59.0,41.6,8.05,1,6.0,4,2.4,37.8,22,Wednesday,Rain,Dry,Highway,Intersection,Daylight,Uncontrolled,Suburban,SUV,No,No,High
ACC14884,24,8,38.8,51.4,7.57,1,8.2,6,0.11,18.1,23,Thursday,Clear,Damaged,Highway,Intersection,Daylight,Traffic Police,Urban,Bus,No,No,Medium
ACC14885,37,23,49.6,5.0,6.3,5,3.6,9,0.83,19.2,19,Thursday,Clear,Dry,Highway,Crossroad,Daylight,Uncontrolled,Urban,SUV,No,No,Medium
ACC14886,32,23,90.8,84.8,7.01,5,4.9,3,4.03,24.1,3,Tuesday,Fog,Wet,Residential,Straight Road,Poor,Stop Sign,Urban,Motorcycle,No,No,High
ACC14887,41,27,55.4,55.7,10.67,4,10.2,6,0.17,24.1,0,Wednesday,Clear,Damaged,Highway,Intersection,Street Lights,Stop Sign,Suburban,Bus,No,No,High
ACC14888,29,8,29.9,70.6,11.43,2,8.6,11,19.32,13.2,19,Thursday,Rain,Wet,Urban Road,Intersection,Daylight,Signal,Urban,Car,No,No,Medium
ACC14889,36,26,70.3,86.8,5.97,3,6.8,3,0.21,21.6,9,Tuesday,Clear,Dry,Residential,Intersection,Street Lights,Uncontrolled,Urban,Car,No,Yes,High
ACC14890,27,9,45.3,15.0,7.56,1,9.0,7,17.71,28.5,23,Wednesday,Rain,Dry,Residential,Straight Road,Street Lights,Stop Sign,Suburban,Car,Yes,Yes,Low
ACC14891,18,2,79.3,5.0,5.61,4,5.3,9,0.17,31.2,19,Tuesday,Clear,Wet,Rural Road,Intersection,Daylight,Stop Sign,Rural,SUV,Yes,No,Medium
ACC14892,47,24,20.0,93.7,7.79,3,3.5,5,0.46,27.3,8,Monday,Clear,Dry,Highway,Straight Road,Street Lights,Uncontrolled,Urban,Car,Yes,No,Medium
ACC14893,30,10,63.2,35.5,8.64,1,8.7,3,4.34,25.3,22,Friday,Cloudy,Wet,Urban Road,Straight Road,Street Lights,Signal,Urban,Car,No,Yes,Medium
ACC14894,25,13,93.7,58.1,8.16,3,11.4,8,0.16,26.6,19,Friday,,Wet,Rural Road,T-Junction,Street Lights,Stop Sign,Suburban,SUV,Yes,Yes,High
ACC14895,41,25,71.8,46.2,1.41,3,6.1,4,2.3,33.3,12,Friday,Clear,Wet,Urban Road,T-Junction,Street Lights,Signal,Suburban,Car,No,No,High
ACC14896,35,12,70.4,59.8,11.05,5,8.1,5,0.33,35.2,9,Thursday,Clear,Dry,Urban Road,Intersection,Street Lights,Uncontrolled,Urban,SUV,Yes,No,Medium
ACC14897,20,10,43.5,82.9,6.79,2,10.0,7,1.4,29.3,22,Friday,Clear,Wet,Highway,Roundabout,Daylight,Uncontrolled,Urban,Bus,No,No,High
ACC14898,32,18,39.5,31.0,4.95,3,10.1,5,0.9,25.8,5,Friday,Clear,Wet,Urban Road,T-Junction,Poor,Uncontrolled,Urban,Car,No,No,High
ACC14899,18,9,49.3,99.1,5.89,6,9.8,4,0.88,29.0,6,Wednesday,Clear,Wet,Urban Road,T-Junction,Daylight,Uncontrolled,Suburban,Car,No,No,High
ACC14900,27,14,68.0,50.4,10.64,3,6.1,4,2.26,28.2,17,Sunday,Fog,Dry,Highway,Roundabout,,Signal,Suburban,Motorcycle,No,No,High
ACC14901,50,44,53.6,97.6,9.78,2,8.8,5,0.66,42.4,20,Wednesday,Clear,Dry,Urban Road,Crossroad,Daylight,Traffic Police,Urban,SUV,No,No,Medium
ACC14902,23,0,29.2,5.0,7.88,7,6.7,5,0.68,31.2,14,Saturday,Cloudy,Dry,Urban Road,Intersection,Daylight,Signal,Urban,SUV,No,No,Low
ACC14903,27,2,70.3,38.5,7.83,4,6.2,3,1.79,40.2,13,Wednesday,Clear,Dry,Urban Road,Crossroad,Street Lights,Uncontrolled,Urban,Car,No,No,Medium
ACC14904,37,21,59.0,28.6,4.82,5,8.8,7,0.81,25.3,8,Thursday,Clear,Dry,Urban Road,Crossroad,Daylight,Signal,Rural,Car,No,No,Medium
ACC14905,23,7,65.0,27.0,10.5,3,7.1,5,4.31,25.7,18,Sunday,Fog,,Rural Road,Straight Road,Street Lights,Signal,Urban,Car,No,No,High
ACC14906,27,3,51.3,88.3,10.29,2,9.1,11,0.49,27.8,20,Saturday,Clear,Dry,Rural Road,Straight Road,Daylight,Uncontrolled,Urban,Truck,No,No,Low
ACC14907,46,33,59.2,34.5,11.25,6,7.7,9,39.81,25.6,13,Saturday,Storm,Wet,Highway,Intersection,Street Lights,Stop Sign,Suburban,Car,No,No,Low
ACC14908,25,8,68.2,82.0,8.51,3,9.3,6,0.56,19.9,3,Friday,Clear,Dry,Highway,Roundabout,Daylight,Signal,Rural,Car,No,No,Medium
ACC14909,32,10,50.1,75.8,10.98,6,11.0,6,5.57,34.6,18,Thursday,Rain,Dry,Urban Road,Straight Road,Daylight,Uncontrolled,Suburban,Truck,No,No,Medium
ACC14910,27,12,41.4,85.0,5.76,4,8.0,3,0.42,26.7,12,Sunday,Cloudy,Dry,Urban Road,T-Junction,Daylight,Stop Sign,Urban,Motorcycle,No,No,High
ACC14911,29,20,33.2,17.0,8.17,2,6.6,6,7.03,26.8,19,Sunday,Fog,Dry,Urban Road,Intersection,Street Lights,Signal,Rural,Car,No,No,Low
ACC14912,36,15,57.0,73.7,10.32,4,10.7,5,1.82,32.5,18,Thursday,Cloudy,Damaged,Highway,Crossroad,Street Lights,Stop Sign,Suburban,Bus,No,No,Low
ACC14913,35,25,61.4,88.9,9.83,3,10.2,2,0.06,31.7,22,Thursday,Cloudy,Dry,Rural Road,Intersection,Street Lights,Signal,Suburban,Motorcycle,No,No,Medium
ACC14914,28,6,73.3,82.3,12.0,3,9.7,9,0.22,18.9,0,Thursday,Clear,Wet,Highway,Straight Road,Poor,Uncontrolled,Urban,Motorcycle,No,No,High
ACC14915,34,10,71.2,,6.47,1,8.1,5,0.52,20.6,23,Thursday,Clear,Dry,Highway,Roundabout,Street Lights,Signal,Urban,Truck,No,No,High
ACC14916,45,29,57.7,16.7,10.14,7,6.0,5,1.49,30.5,12,Thursday,Fog,Damaged,Urban Road,Crossroad,Poor,Stop Sign,Suburban,Motorcycle,No,No,Medium
ACC14917,34,28,61.5,59.3,5.0,3,9.6,8,0.38,35.3,6,Saturday,Clear,Dry,Rural Road,Roundabout,Daylight,Signal,Rural,Truck,Yes,No,Medium
ACC14918,35,11,89.0,71.8,3.44,5,8.3,6,0.21,20.9,0,Friday,Clear,Dry,Highway,Intersection,Daylight,Signal,Suburban,SUV,No,Yes,High
ACC14919,27,5,69.6,46.1,8.93,3,7.6,7,5.51,26.5,9,Wednesday,Rain,Dry,Rural Road,Roundabout,Daylight,Stop Sign,Rural,Truck,No,Yes,High
ACC14920,41,34,62.6,55.9,12.0,3,8.7,10,0.25,32.6,18,Saturday,Clear,Dry,Highway,Roundabout,,Stop Sign,Urban,Truck,No,No,Medium
ACC14921,24,6,40.3,81.2,11.69,3,7.5,5,62.02,25.9,8,Tuesday,Storm,Dry,Rural Road,Intersection,Daylight,Traffic Police,Urban,Truck,No,No,Medium
ACC14922,50,39,49.3,63.2,5.83,5,10.4,6,24.84,23.8,6,Sunday,Rain,Damaged,Residential,Crossroad,Daylight,Uncontrolled,Suburban,Motorcycle,No,No,High
ACC14923,34,22,29.8,93.6,8.0,2,9.0,6,0.79,20.7,2,Tuesday,Cloudy,Wet,Residential,Roundabout,Street Lights,Uncontrolled,Suburban,Car,No,No,Medium
ACC14924,32,15,63.1,63.4,5.21,4,12.2,5,7.04,24.9,11,Tuesday,Fog,Wet,Highway,Roundabout,Street Lights,Stop Sign,Suburban,Car,No,No,High
ACC14925,48,29,44.4,52.6,8.36,5,11.3,8,0.64,19.2,18,Sunday,Clear,Dry,Highway,Intersection,Poor,Signal,Rural,Truck,No,No,Medium
ACC14926,43,38,39.2,80.4,9.59,5,7.0,5,0.11,34.1,0,Monday,Clear,Dry,Urban Road,T-Junction,Poor,Signal,Urban,Motorcycle,No,No,High
ACC14927,50,42,64.1,76.2,7.05,5,5.4,9,1.53,33.5,15,Wednesday,Cloudy,Dry,Residential,Roundabout,Daylight,Signal,Urban,Motorcycle,No,No,High
ACC14928,45,22,77.0,54.2,8.62,2,9.7,6,0.16,18.8,20,Friday,Clear,Icy,Highway,Straight Road,Daylight,Uncontrolled,Rural,Bus,No,No,Low
ACC14929,28,13,45.9,88.4,6.28,1,8.7,5,15.61,23.4,8,Thursday,Rain,Wet,Urban Road,Crossroad,Daylight,Signal,Urban,Car,No,No,High
ACC14930,29,14,51.9,28.0,6.52,1,10.8,8,0.53,36.6,17,Tuesday,Fog,Damaged,Highway,Roundabout,Daylight,Stop Sign,Suburban,Truck,Yes,No,High
ACC14931,38,16,52.4,51.0,5.65,2,6.9,7,0.99,33.3,7,Sunday,Clear,Wet,Urban Road,Intersection,Daylight,Signal,Rural,Motorcycle,No,Yes,Medium
ACC14932,31,23,83.4,100.0,5.81,1,6.2,8,0.09,26.2,12,Wednesday,Clear,Dry,Highway,Straight Road,Street Lights,Signal,Urban,Car,No,No,High
ACC14933,46,27,37.0,91.0,12.0,1,9.5,0,6.49,18.4,3,Friday,Storm,Dry,Highway,Intersection,Daylight,Signal,Rural,Car,No,No,Low
ACC14934,25,10,20.0,81.0,9.35,4,11.7,6,1.42,21.0,2,Tuesday,Clear,Dry,Urban Road,Roundabout,Street Lights,Stop Sign,Urban,Car,No,No,Medium
ACC14935,33,13,65.3,35.7,3.43,5,6.5,5,5.1,30.7,18,Wednesday,Cloudy,Dry,Urban Road,Straight Road,Street Lights,Signal,Suburban,Car,No,Yes,High
ACC14936,31,12,20.0,11.4,9.1,5,8.3,4,0.28,37.5,7,Sunday,Clear,Dry,Residential,Crossroad,Daylight,Stop Sign,Urban,Car,Yes,No,Low
ACC14937,31,13,39.4,51.5,9.23,3,10.7,6,1.84,29.9,16,Saturday,Fog,Dry,Rural Road,Crossroad,Daylight,Stop Sign,Suburban,Motorcycle,No,No,Medium
ACC14938,35,13,93.1,69.4,12.0,2,9.5,4,1.17,28.5,9,Friday,Cloudy,Wet,Rural Road,Crossroad,Poor,Uncontrolled,Suburban,Truck,Yes,No,High
ACC14939,30,14,56.6,86.7,4.99,5,7.6,4,19.58,31.7,7,Sunday,Rain,Damaged,Highway,T-Junction,Daylight,Uncontrolled,Urban,Motorcycle,No,No,High
ACC14940,31,18,64.4,31.5,9.45,3,9.7,8,31.82,17.3,16,Saturday,Rain,Wet,Rural Road,Intersection,Daylight,Uncontrolled,Suburban,Bus,No,No,Low
ACC14941,23,14,73.9,63.2,7.76,4,9.9,2,2.86,28.8,19,Wednesday,Clear,Damaged,Highway,Roundabout,Daylight,Stop Sign,Rural,Truck,Yes,No,High
ACC14942,34,22,31.2,51.0,8.64,3,8.8,4,1.03,17.4,23,Thursday,Clear,Dry,Urban Road,Straight Road,Daylight,Signal,Suburban,Car,No,No,Low
ACC14943,27,5,62.7,61.6,9.69,2,8.1,3,2.82,15.3,0,Wednesday,Rain,Dry,Urban Road,Intersection,Daylight,Traffic Police,Rural,Car,Yes,No,High
ACC14944,27,15,25.7,69.2,2.56,3,8.9,4,0.33,28.3,13,Wednesday,Clear,Wet,Urban Road,Roundabout,Street Lights,Signal,Urban,Car,No,No,High
ACC14945,34,9,44.0,51.0,9.34,7,6.7,3,23.16,31.2,3,Monday,Rain,Dry,Urban Road,T-Junction,Daylight,Signal,Urban,SUV,Yes,No,Medium
ACC14946,38,21,56.6,43.3,9.42,3,8.0,4,0.75,18.8,3,Thursday,Fog,Dry,Residential,Roundabout,Daylight,Signal,Urban,SUV,No,No,Medium
ACC14947,54,33,40.9,53.9,8.67,3,9.3,9,0.82,24.0,21,Saturday,Cloudy,Dry,Urban Road,Intersection,Daylight,Stop Sign,Rural,Car,Yes,No,Low
ACC14948,28,13,55.7,70.9,5.33,3,11.0,4,33.82,23.8,14,Wednesday,Rain,Dry,Highway,Roundabout,Street Lights,Signal,Urban,Motorcycle,No,No,High
ACC14949,43,25,73.0,70.8,7.65,3,6.6,7,18.84,29.2,15,Thursday,Rain,Dry,Highway,Straight Road,Daylight,Uncontrolled,Urban,SUV,No,No,High
ACC14950,32,7,42.9,33.0,11.54,2,9.6,7,12.58,28.9,17,Wednesday,Rain,Dry,Urban Road,T-Junction,Daylight,Stop Sign,Urban,Truck,No,No,Medium
ACC14951,51,36,67.4,28.5,7.9,4,6.5,5,0.46,24.2,3,Sunday,Clear,Dry,Highway,Straight Road,Street Lights,Stop Sign,Urban,Motorcycle,No,No,Medium
ACC14952,57,47,39.8,81.5,9.98,2,10.1,6,1.16,21.1,17,Thursday,Clear,Wet,Urban Road,T-Junction,Daylight,Signal,Rural,Car,No,No,Medium
ACC14953,24,6,78.8,26.2,9.29,1,11.3,3,0.24,25.6,8,Friday,Clear,Dry,Rural Road,T-Junction,Daylight,Stop Sign,Urban,Car,No,No,Low
ACC14954,37,14,70.7,42.8,10.86,4,6.0,2,8.54,24.7,0,Sunday,Rain,Dry,Urban Road,Roundabout,Daylight,Signal,Rural,Truck,Yes,No,High
ACC14955,39,34,70.2,53.4,12.0,2,7.3,2,2.78,30.6,15,Tuesday,Cloudy,Dry,Highway,Straight Road,Street Lights,Signal,Urban,Bus,No,No,Low
ACC14956,50,25,73.4,59.0,2.84,3,6.8,6,6.62,27.1,21,Monday,,Dry,Rural Road,T-Junction,Poor,Signal,Rural,Motorcycle,Yes,No,High
ACC14957,25,9,95.7,56.8,6.37,5,8.2,5,0.3,33.0,22,Tuesday,Clear,Wet,Residential,T-Junction,Daylight,Uncontrolled,Urban,Car,No,No,High
ACC14958,46,25,62.2,73.9,8.11,8,7.5,7,6.6,27.0,12,Wednesday,Cloudy,Wet,Rural Road,Roundabout,Daylight,Stop Sign,Urban,SUV,No,No,High
ACC14959,35,28,41.7,95.3,12.0,2,10.7,5,0.62,26.7,4,Wednesday,Clear,Wet,Highway,Intersection,Daylight,Stop Sign,Urban,Bus,No,Yes,High
ACC14960,18,7,69.0,56.5,10.75,5,9.1,13,23.02,23.0,19,Friday,Rain,Dry,Highway,Intersection,Street Lights,Stop Sign,Urban,Car,No,No,High
ACC14961,34,9,61.3,35.7,9.37,2,9.3,7,0.98,25.9,4,Wednesday,Cloudy,Dry,Highway,Crossroad,Street Lights,Stop Sign,Urban,Car,Yes,No,Medium
ACC14962,42,31,61.9,64.7,9.41,3,7.9,6,0.81,24.7,8,Saturday,Clear,Dry,Rural Road,Crossroad,Street Lights,Signal,Urban,Motorcycle,Yes,Yes,High
ACC14963,50,37,63.7,51.2,5.6,4,9.7,2,0.49,26.2,14,Thursday,Clear,Dry,Residential,T-Junction,Street Lights,Signal,Urban,Car,No,No,High
ACC14964,37,26,27.7,47.2,9.4,4,11.0,3,17.51,24.2,9,Saturday,Rain,Dry,Urban Road,Intersection,Poor,Uncontrolled,Urban,Car,No,No,Medium
ACC14965,34,20,41.4,75.4,4.09,2,7.6,4,20.25,15.8,4,Tuesday,Cloudy,Dry,Highway,T-Junction,Poor,Stop Sign,Suburban,Car,No,No,Medium
ACC14966,18,10,32.6,29.5,8.41,3,10.4,6,0.27,21.8,23,Sunday,Clear,Dry,Rural Road,Straight Road,Street Lights,Uncontrolled,Urban,SUV,Yes,No,Low
ACC14967,39,24,99.3,45.1,9.24,2,6.2,9,12.85,30.6,19,Wednesday,Storm,Wet,Highway,Intersection,Daylight,Stop Sign,Suburban,Bus,No,No,High
ACC14968,28,17,93.1,53.3,10.3,4,13.9,4,45.55,40.9,20,Friday,Rain,Dry,Urban Road,Intersection,Daylight,Uncontrolled,Rural,Car,No,No,Medium
ACC14969,32,11,101.4,77.7,4.32,3,6.8,6,34.73,22.8,12,Monday,Storm,Wet,Highway,Intersection,Daylight,Stop Sign,Urban,SUV,No,No,High
ACC14970,45,32,89.4,72.7,7.14,2,11.3,5,0.46,23.0,22,Saturday,Clear,Dry,Highway,Crossroad,Daylight,Signal,Urban,Truck,No,No,High
ACC14971,41,20,56.3,81.5,4.89,7,7.0,4,0.67,17.3,11,Tuesday,Cloudy,Dry,Residential,Roundabout,Street Lights,Uncontrolled,Urban,Car,Yes,Yes,High
ACC14972,40,22,37.6,41.4,11.33,2,8.9,7,1.83,25.7,16,Friday,Fog,Icy,Highway,Roundabout,Daylight,Signal,Urban,SUV,No,No,High
ACC14973,25,2,59.5,99.2,12.0,1,10.1,7,0.22,28.6,23,Friday,Cloudy,Damaged,Urban Road,Crossroad,Street Lights,Signal,Suburban,Motorcycle,No,No,Medium
ACC14974,19,0,91.6,50.4,10.3,3,10.5,6,10.75,27.2,16,Tuesday,Rain,Dry,Urban Road,Crossroad,Daylight,Signal,Urban,Bus,No,Yes,High
ACC14975,27,4,63.4,72.2,4.92,3,9.3,7,0.73,26.8,0,Friday,Clear,Dry,Urban Road,Crossroad,Street Lights,Uncontrolled,Urban,Motorcycle,No,No,High
ACC14976,21,5,59.5,62.8,7.94,7,10.5,2,0.42,26.3,4,Sunday,Clear,Dry,Highway,Roundabout,Daylight,Uncontrolled,Urban,Motorcycle,Yes,No,High
ACC14977,47,24,60.7,40.5,9.41,1,5.3,8,0.19,22.3,7,Sunday,Clear,Dry,Highway,T-Junction,Daylight,Uncontrolled,Rural,Car,No,No,Medium
ACC14978,37,29,59.4,50.3,8.7,3,8.7,9,0.64,32.4,4,Monday,Clear,,Urban Road,Crossroad,Daylight,Traffic Police,Suburban,Car,No,No,Medium
ACC14979,55,48,57.3,72.2,9.36,1,11.6,4,0.96,17.5,13,Monday,Clear,Damaged,Rural Road,T-Junction,Poor,Signal,Rural,Motorcycle,Yes,Yes,High
ACC14980,40,24,51.5,71.1,8.55,2,10.4,4,0.28,26.5,11,Wednesday,,Wet,Rural Road,T-Junction,Daylight,Stop Sign,Rural,SUV,No,No,Medium
ACC14981,51,29,82.3,66.4,8.69,8,8.3,10,26.78,22.7,22,Thursday,Storm,Dry,Urban Road,Straight Road,Daylight,Stop Sign,Urban,Truck,No,Yes,High
ACC14982,40,31,40.8,85.8,5.5,5,8.9,9,0.17,29.2,13,Wednesday,Clear,Wet,Urban Road,Roundabout,Daylight,Traffic Police,Urban,Car,No,No,High
ACC14983,47,23,61.0,88.6,10.17,6,6.9,2,9.24,26.6,7,Thursday,Rain,Dry,Residential,T-Junction,Street Lights,Signal,Urban,Car,No,No,High
ACC14984,35,26,50.4,53.6,3.61,4,4.0,5,21.14,36.2,16,Tuesday,Rain,Damaged,Highway,Roundabout,Daylight,Traffic Police,Urban,SUV,No,No,High
ACC14985,49,30,37.7,,10.31,3,10.4,9,3.93,27.4,22,Friday,Cloudy,Damaged,Rural Road,Roundabout,Poor,Signal,Urban,Car,No,No,High
ACC14986,45,22,47.5,,2.17,4,9.6,9,0.1,18.7,20,Wednesday,Clear,Dry,Highway,Straight Road,Daylight,Uncontrolled,Urban,Car,No,No,Medium
ACC14987,20,0,41.7,69.2,10.99,4,9.1,5,21.96,26.7,0,Friday,Rain,Dry,Rural Road,Roundabout,Daylight,Stop Sign,Urban,Bus,No,No,High
ACC14988,45,27,36.1,91.8,8.03,2,4.8,5,3.01,28.2,23,Wednesday,Cloudy,Dry,Rural Road,T-Junction,Street Lights,Uncontrolled,Urban,SUV,No,No,Medium
ACC14989,42,26,63.7,63.4,7.04,5,8.0,3,22.94,40.2,3,Wednesday,Rain,Dry,Rural Road,Intersection,Daylight,Signal,Rural,Truck,No,No,Medium
ACC14990,18,11,84.0,54.0,10.95,2,4.9,8,26.33,29.3,5,Monday,Rain,Wet,Residential,T-Junction,Street Lights,Signal,Rural,Car,Yes,No,High
ACC14991,34,29,40.6,82.7,9.85,4,3.7,5,29.86,21.7,10,Thursday,Storm,Dry,Residential,T-Junction,Daylight,Signal,Urban,Car,No,No,High
ACC14992,47,22,49.0,37.9,6.85,2,7.1,8,0.17,33.2,19,Tuesday,Cloudy,Dry,Highway,Roundabout,Poor,Stop Sign,Urban,Bus,No,Yes,High
ACC14993,18,8,53.2,55.6,11.91,3,12.2,8,0.21,36.5,21,Sunday,Clear,Dry,Urban Road,T-Junction,Street Lights,Stop Sign,Urban,SUV,No,No,Low
ACC14994,42,36,62.3,32.7,8.01,5,9.2,4,0.75,28.5,19,Friday,Cloudy,Wet,Highway,Intersection,Street Lights,Traffic Police,Rural,SUV,No,No,Medium
ACC14995,39,23,63.0,73.8,8.05,2,7.9,8,0.28,19.3,5,Wednesday,Clear,Dry,Rural Road,Roundabout,Daylight,Stop Sign,Rural,Motorcycle,No,No,High
ACC14996,36,25,69.4,30.9,8.81,2,7.6,4,4.93,29.1,10,Friday,Fog,Damaged,Rural Road,Crossroad,Daylight,Signal,Urban,Bus,Yes,No,High
ACC14997,70,55,36.8,81.8,8.76,4,7.3,5,0.41,37.8,5,Monday,Clear,Damaged,Urban Road,T-Junction,Street Lights,Signal,Urban,Car,No,No,Medium
ACC14998,43,31,28.8,48.4,8.39,4,11.3,5,0.89,34.0,9,Sunday,Clear,Damaged,Urban Road,T-Junction,,Signal,Urban,Car,No,No,Low
ACC14999,29,19,41.5,100.0,10.19,1,8.5,6,13.66,38.8,11,Tuesday,Rain,Dry,Rural Road,Straight Road,Daylight,Uncontrolled,Urban,Car,No,No,High
ACC15000,32,8,45.7,5.0,7.29,3,12.0,6,0.95,29.3,6,Thursday,Cloudy,Dry,Urban Road,Crossroad,Daylight,Uncontrolled,Suburban,SUV,No,No,Low
ACC11502,47,26,43.3,66.8,9.57,6,10.0,3,2.04,18.8,14,Saturday,Cloudy,Dry,Residential,T-Junction,Street Lights,Stop Sign,Suburban,Car,No,No,Low
ACC12587,31,23,24.4,31.8,9.66,5,7.8,10,0.28,34.6,19,Sunday,Clear,Dry,Urban Road,Intersection,Street Lights,Uncontrolled,Rural,Truck,No,No,Low
ACC12654,44,34,27.7,63.0,7.97,3,11.4,6,0.59,21.5,20,Monday,Clear,Wet,Highway,Straight Road,Daylight,Stop Sign,Urban,Bus,No,No,Medium
ACC11056,34,11,37.4,42.1,12.0,3,12.3,5,0.87,21.7,14,Friday,Clear,Dry,Urban Road,Intersection,Street Lights,Stop Sign,Urban,Truck,No,No,Low
ACC10706,45,39,61.2,50.7,3.53,3,12.7,7,30.83,24.1,21,Monday,Storm,Dry,Highway,T-Junction,Daylight,Stop Sign,Suburban,Car,No,No,High
ACC10107,46,27,44.4,53.3,8.76,4,8.1,2,0.95,31.6,18,Monday,Clear,Dry,Urban Road,Straight Road,Daylight,Signal,Urban,SUV,No,No,Low
ACC10590,32,15,55.2,83.6,11.56,3,6.6,6,0.53,20.7,1,Friday,Clear,Wet,Urban Road,Straight Road,Daylight,Uncontrolled,Suburban,SUV,No,No,Medium
ACC12469,23,17,74.1,19.7,9.95,2,8.7,5,2.21,28.7,2,Wednesday,Cloudy,Wet,Highway,Crossroad,Street Lights,Uncontrolled,Urban,Truck,No,No,Medium
ACC12414,18,0,80.7,58.0,3.73,2,9.4,4,0.4,30.1,13,Tuesday,Clear,Wet,Residential,Intersection,Street Lights,Stop Sign,Rural,Truck,No,No,Medium
ACC11601,49,31,62.9,71.6,6.4,8,8.3,4,0.41,20.7,7,Monday,Clear,Dry,Highway,Roundabout,Daylight,Signal,Suburban,Bus,Yes,No,High
